train_start,train_end,year,round,driver_id,constructor_id,grid_position,ridge_score,ridge_pick,rf_reg_score,rf_reg_pick,rf_clf_score,rf_clf_pick,xgb_reg_score,xgb_reg_pick,xgb_clf_score,xgb_clf_pick,xgb_ranker_score,xgb_ranker_pick,lgb_reg_score,lgb_reg_pick,lgbm_ranker_score,lgbm_ranker_pick,ensemble_score,ensemble_pick,vote_count,actual_pos
2020,2023,2024,1,stroll,aston_martin,12.0,12.158146937870033,0,11.423967448237848,0,12.163117044336563,0,10.551603,1,9.421671886816583,0,-1.4864309,0,11.865945183844891,0,-0.54838614613341,1,0.832222869879868,0,2,10
2020,2023,2024,1,kevin_magnussen,haas,15.0,14.08101115813543,0,14.423793850537983,0,10.705866616611003,0,13.840824,0,9.034079950009268,0,-0.7785109,1,13.323577671621411,0,-0.9866955637921865,0,0.8808703418677524,1,2,12
2020,2023,2024,1,piastri,mclaren,8.0,10.74192233424633,1,10.43961683414418,1,10.386484223096634,0,11.86894,0,9.337877225583037,0,-3.2771082,0,11.883551474263257,0,-1.7517076449977835,0,0.5441540318391626,0,2,8
2020,2023,2024,1,sainz,ferrari,4.0,8.143542379377514,0,7.4346477487143385,0,5.832072665023339,0,8.757724,0,8.540417367132093,0,-4.146511,0,9.768932757205937,1,-8.415095261538713,0,0.3156579616519536,0,1,3
2020,2023,2024,1,albon,williams,13.0,12.9725442957346,0,12.363600937968819,0,12.297578293652464,1,12.9385805,0,9.52559977277425,0,-2.817776,0,13.955397592798331,0,-4.276373346930089,0,0.5724773739661287,0,1,15
2020,2023,2024,1,tsunoda,rb,11.0,11.86367671729076,0,12.614516018761778,0,12.174791336529804,0,11.173074,0,9.67244018215792,1,-2.5014648,0,11.741105255966557,0,-2.6799337407845956,0,0.6648864940676401,0,1,14
2020,2023,2024,1,max_verstappen,red_bull,1.0,4.314374077944647,0,4.257502225806768,0,1.493526938756119,0,8.368656,0,5.548241696805094,0,-3.9190295,0,5.43823772317669,0,-9.389032487395472,0,0.14794258875507763,0,0,1
2020,2023,2024,1,perez,red_bull,5.0,7.692702167776045,0,7.608176886925411,0,5.956725909971086,0,10.655533,0,8.507565845645226,0,-4.2778096,0,4.960123141375912,0,-8.71524598104465,0,0.2011062662233111,0,0,2
2020,2023,2024,1,leclerc,ferrari,2.0,5.945179408883087,0,6.86155613169877,0,3.384768751478899,0,4.63427,0,6.946598317818917,0,-4.9745693,0,6.643354227395251,0,-7.938755311077634,0,0.0759436505388749,0,0,4
2020,2023,2024,1,norris,mclaren,7.0,8.47992337850663,0,7.633373337791412,0,8.156373210417636,0,8.405747,0,8.88150801243351,0,-4.234834,0,8.117450312779836,0,-7.33126262223068,0,0.28882825694489,0,0,6
2020,2023,2024,1,hamilton,mercedes,9.0,8.661271086203039,0,8.940796794680098,0,9.039594160313392,0,7.8836865,0,9.06692754964012,0,-3.1311615,0,7.072811681425122,0,-4.610668381254425,0,0.4836280567391084,0,0,7
2020,2023,2024,1,russell,mercedes,3.0,7.705746626131644,0,7.1939540204960455,0,4.94591953256636,0,6.703172,0,8.545939837040141,0,-4.244508,0,7.523834581387161,0,-6.867907754788734,0,0.2401462123497999,0,0,5
2020,2023,2024,1,zhou,sauber,17.0,14.56612540512089,0,14.734519150615917,0,9.390031993247437,0,15.077809,0,8.606766355705371,0,-3.472185,0,15.638257962451798,0,-5.193427383873153,0,0.41212184140447794,0,0,11
2020,2023,2024,1,alonso,aston_martin,6.0,8.527293976001216,0,7.792333393888413,0,8.359474815531795,0,7.8648663,0,9.267581213048093,0,-4.290843,0,8.35390833172765,0,-8.033933608375104,0,0.2814517041156283,0,0,9
2020,2023,2024,1,ricciardo,rb,14.0,13.231906708085065,0,12.902558864020001,0,12.268792385987004,0,12.982324,0,9.087922557596729,0,-1.985104,0,12.690684282654807,0,-2.7220184672852428,0,0.715508997500829,0,0,13
2020,2023,2024,1,hulkenberg,haas,10.0,11.930891142868507,0,12.619275725932162,0,11.616865468996448,0,13.884804,0,9.319769656477368,0,-2.293432,0,12.234924343076994,0,-4.202195391546381,0,0.649153307722268,0,0,16
2020,2023,2024,1,ocon,alpine,19.0,14.46861246325784,0,13.072658605559376,0,11.71197085592816,0,12.626878,0,9.5352838547017,0,-3.243389,0,11.993376022269794,0,-4.320716360311723,0,0.5252072742752476,0,0,17
2020,2023,2024,1,gasly,alpine,20.0,14.887696181005186,0,13.662822964647976,0,10.533999172690603,0,14.850433,0,9.224841300161192,0,-3.612694,0,14.787784600129916,0,-4.310680481249552,0,0.43270020563222694,0,0,18
2020,2023,2024,1,bottas,sauber,16.0,13.579778641974341,0,13.453017875579299,0,11.517567568488612,0,13.373418,0,9.029942865816782,0,-2.0318449,0,13.59589500302245,0,-3.6930371579459393,0,0.6751688168545604,0,0,19
2020,2023,2024,1,sargeant,williams,18.0,14.483460178013852,0,14.847119132123268,0,8.653303148721983,0,14.351048,0,8.605862642067514,0,-3.185101,0,14.686425940160547,0,-3.5928733277751106,0,0.47095870684992003,0,0,20
2020,2023,2024,2,stroll,aston_martin,10.0,10.739802874506037,0,10.962090636388547,1,12.880054069553779,1,11.432008,0,10.721062043945249,1,-0.6788555,0,12.068874638501324,0,-0.4854841159859448,1,0.9137756640809309,1,5,19
2020,2023,2024,2,bearman,ferrari,11.0,9.603479939311423,1,11.440893258233276,0,10.764828989831543,0,10.357507,1,9.964431818974344,0,-2.0359266,0,10.108162185858562,1,-3.590392149732746,0,0.7297364537224228,0,3,7
2020,2023,2024,2,kevin_magnussen,haas,13.0,12.676759681608049,0,13.827406548507973,0,10.834105251382265,0,13.686297,0,9.53810190719963,0,-0.5295846,1,12.689493363222434,0,-0.8518961274196837,0,0.8834046609190418,0,1,12
2020,2023,2024,2,max_verstappen,red_bull,1.0,2.5854100024254585,0,1.8660885674507073,0,1.663098055625239,0,1.588764,0,5.638050697396683,0,-4.3370585,0,-0.27203712558437515,0,-8.402559075017278,0,0.1161214346807921,0,0,1
2020,2023,2024,2,piastri,mclaren,5.0,7.9945497838461606,0,7.63303913712775,0,9.912562679047445,0,7.63313,0,8.96220448786627,0,-2.3597014,0,8.30686118106281,0,-4.048798018268174,0,0.5997252176167376,0,0,4
2020,2023,2024,2,leclerc,ferrari,2.0,3.965401018094439,0,5.0702234360932765,0,3.728012973073805,0,6.801987,0,7.6760171210076065,0,-4.6510935,0,5.572699513811125,0,-5.463816220544987,0,0.177845880331198,0,0,3
2020,2023,2024,2,perez,red_bull,3.0,4.212896677535235,0,5.929659827474748,0,4.027331223746078,0,6.11923,0,8.291450295693028,0,-5.080676,0,4.965540478522853,0,-7.838930529043777,0,0.09528496737423264,0,0,2
2020,2023,2024,2,russell,mercedes,7.0,7.900939198716509,0,7.690518640135332,0,7.918565066945365,0,8.791882,0,9.073842316865685,0,-3.4600582,0,9.52901318450347,0,-5.551758487733527,0,0.45052544052213567,0,0,6
2020,2023,2024,2,norris,mclaren,6.0,7.156274349173159,0,7.101216639694554,0,9.178803553726375,0,7.6929913,0,9.112288875221635,0,-3.7854679,0,7.481067353673181,0,-5.783832745777929,0,0.3762492325545967,0,0,8
2020,2023,2024,2,hamilton,mercedes,8.0,6.916890548397076,0,7.877341636127325,0,9.762341557205216,0,6.218454,0,9.351285726833803,0,-2.970976,0,7.403155275408523,0,-5.491257996489397,0,0.4919043938106336,0,0,9
2020,2023,2024,2,hulkenberg,haas,15.0,13.328203551241376,0,13.874605498108771,0,10.80841857924121,0,12.565263,0,9.140166611059875,0,-1.5232999,0,12.456868509247757,0,-2.249746412202898,0,0.7355092919378455,0,0,10
2020,2023,2024,2,alonso,aston_martin,4.0,7.418618373814176,0,5.874558272883523,0,8.255007987439429,0,6.383204,0,8.622190902963903,0,-3.03251,0,6.71688399951562,0,-9.90246943773717,0,0.3860180167893532,0,0,5
2020,2023,2024,2,albon,williams,12.0,13.717083685690545,0,12.33948021098556,0,12.223935382263452,0,11.6745825,0,9.561717294568938,0,-1.5175588,0,12.520682949444213,0,-2.823451577580089,0,0.7488901982439276,0,0,11
2020,2023,2024,2,ocon,alpine,17.0,14.833053296324465,0,14.553658014228864,0,10.484360951486533,0,14.12595,0,9.045691223787127,0,-2.1673481,0,16.771112535550163,0,-5.316426117761226,0,0.5843119787331749,0,0,13
2020,2023,2024,2,tsunoda,rb,9.0,11.708858135605555,0,12.64809972161734,0,12.185653929303975,0,12.096254,0,9.629817788021416,0,-1.7095215,0,12.55471412137899,0,-1.773585212318957,0,0.7405464331641421,0,0,15
2020,2023,2024,2,sargeant,williams,19.0,17.140625296187263,0,16.00311044525504,0,6.513409652829965,0,16.505308,0,8.554913376521998,0,-3.775821,0,18.12457363350406,0,-8.734064706369143,0,0.2731031173808877,0,0,14
2020,2023,2024,2,ricciardo,rb,14.0,12.636705334903588,0,13.353022816347796,0,11.362548935173727,0,13.285924,0,9.313535579446084,0,-1.8466443,0,11.463199240882938,0,-0.8552408417774208,0,0.7384059035424473,0,0,16
2020,2023,2024,2,bottas,sauber,16.0,14.460940009791102,0,14.184768386569534,0,10.074673257892712,0,13.144835,0,9.426796385392384,0,-2.629726,0,13.122367774153572,0,-1.1926021338428237,0,0.6004993706311916,0,0,17
2020,2023,2024,2,zhou,sauber,20.0,16.270887972246733,0,15.550281257353008,0,8.1266912413418,0,16.039278,0,8.90491988032172,0,-3.1974645,0,16.175323693339568,0,-5.222858334490634,0,0.42629645198149263,0,0,18
2020,2023,2024,2,gasly,alpine,18.0,15.331492080800802,0,14.8979478669006,0,9.78524387593792,0,15.338868,0,8.583776664693568,0,-2.6836329,0,15.51591861786906,0,-5.700888206449106,0,0.5033258933885814,0,0,20
2020,2023,2024,3,albon,williams,12.0,12.461712521307192,0,11.661564252949843,0,12.465832462362675,1,11.161391,0,9.588381919822192,0,-0.53539896,1,11.030018684571996,0,0.20451417636053146,1,0.9893582109883658,1,4,11
2020,2023,2024,3,alonso,aston_martin,10.0,10.210354424021892,1,9.483852996698634,0,11.301677574046138,0,10.577485,1,9.584908368292902,0,-2.4519634,0,9.151067084041985,1,-6.437018691103452,0,0.6451854711451253,0,3,8
2020,2023,2024,3,hamilton,mercedes,11.0,9.137217965237458,0,9.707311059413952,1,11.658998563119498,0,8.36595,0,9.61656451304465,1,-2.3693492,0,7.521701114036088,0,-3.7058664023113983,0,0.6496288303050888,0,2,18
2020,2023,2024,3,norris,mclaren,4.0,6.921253538681555,0,5.9344239318293255,0,6.065439771906322,0,7.8594246,0,8.340830785829068,0,-5.2306395,0,6.760790142752655,0,-7.908631993379812,0,0.13723174251595682,0,0,3
2020,2023,2024,3,leclerc,ferrari,5.0,6.046370920811201,0,5.851535859940453,0,5.032880618654163,0,8.5505295,0,8.282799814784713,0,-4.1063156,0,7.759661526707107,0,-7.3487226492820374,0,0.28470542651348996,0,0,2
2020,2023,2024,3,sainz,ferrari,2.0,5.672089782601326,0,5.2529646062474145,0,4.306524163964184,0,5.9368167,0,7.757121238705022,0,-4.9752398,0,7.5883144826054325,0,-7.158660473467274,0,0.16354835994220615,0,0,1
2020,2023,2024,3,piastri,mclaren,6.0,7.568488900080581,0,7.147698959347795,0,7.743359646966673,0,7.5679407,0,8.924541216917564,0,-4.2683797,0,7.623935297900834,0,-8.705023821715113,0,0.28249155349117805,0,0,4
2020,2023,2024,3,tsunoda,rb,8.0,11.328170865174698,0,11.653218315661388,0,11.916664111602556,0,11.561925,0,9.356331165293174,0,-1.804383,0,12.270294893286039,0,-3.606356058951631,0,0.7243258544357598,0,0,7
2020,2023,2024,3,stroll,aston_martin,9.0,10.627291403897342,0,11.1115244705402,0,11.69393431911269,0,11.713678,0,9.40638499013216,0,-3.3474326,0,12.850631352824637,0,-6.392177274904373,0,0.47978119070037,0,0,6
2020,2023,2024,3,hulkenberg,haas,16.0,13.378254117192895,0,13.428002841148091,0,11.461845584219782,0,13.687728,0,9.310737383665376,0,-1.8277452,0,13.926840449020832,0,-4.947475465053109,0,0.6716689693549186,0,0,9
2020,2023,2024,3,perez,red_bull,3.0,5.687227833846883,0,5.884317823684444,0,3.097001220847494,0,4.883436,0,7.221790126940693,0,-4.543752,0,4.921844545295649,0,-6.860825415233275,0,0.17186056256247675,0,0,5
2020,2023,2024,3,kevin_magnussen,haas,14.0,13.144819483196303,0,14.00750220245328,0,11.73819827774405,0,13.524652,0,9.504370745269702,0,-0.6342466,0,13.813243470942773,0,-4.374147245137078,0,0.8328074333103256,0,0,10
2020,2023,2024,3,ricciardo,rb,18.0,13.830470877332559,0,13.035481691703545,0,10.086122254915496,0,12.563306,0,9.126631872902541,0,-2.2301517,0,13.360633837937714,0,-3.417674347473768,0,0.6331302774460373,0,0,12
2020,2023,2024,3,bottas,sauber,13.0,12.717008215364523,0,13.18287995640403,0,11.256377802757017,0,11.778539,0,9.41114042815825,0,-1.7188314,0,11.009628522150988,0,-0.8278458559138017,0,0.8124038525334427,0,0,14
2020,2023,2024,3,gasly,alpine,17.0,14.130844487622726,0,12.91667147780659,0,10.231335780583741,0,13.20934,0,9.096165848962457,0,-2.7629557,0,12.43510737048412,0,-4.782533932078738,0,0.5612027113818813,0,0,13
2020,2023,2024,3,zhou,sauber,19.0,14.834298680358257,0,15.078054907499903,0,7.7984973769490935,0,14.983902,0,8.626130118771513,0,-2.2927911,0,15.614489098800425,0,-4.687847106550874,0,0.5535677684904728,0,0,15
2020,2023,2024,3,ocon,alpine,15.0,13.110040971983548,0,12.607340621809255,0,11.975261553123438,0,12.4258375,0,9.459288016411104,0,-1.3054535,0,12.1383788891286,0,-4.167761420257137,0,0.7807056855524007,0,0,16
2020,2023,2024,3,russell,mercedes,7.0,8.495165355852476,0,7.5416987935698305,0,9.046048482294761,0,9.034449,0,9.080945171691022,0,-3.1094396,0,7.989240663454789,0,-6.718952952400826,0,0.4814573596507345,0,0,17
2020,2023,2024,3,max_verstappen,red_bull,1.0,3.9884080373568214,0,1.6261523038524863,0,1.332236236503141,0,1.5013785,0,5.306771828382085,0,-4.7284055,0,0.5899180971169179,0,-8.723251261214115,0,0.06112377993283883,0,0,19
2020,2023,2024,4,tsunoda,rb,10.0,11.528178628930025,0,12.214476339787616,0,13.022938578913426,1,12.218966,0,10.035494186007988,1,-0.52348614,1,11.401133810772595,1,-1.8352819775800246,1,1.0,1,6,10
2020,2023,2024,4,russell,mercedes,9.0,9.690401116678444,1,8.463961065516088,1,11.815108090032268,0,8.154989,1,9.575150908933857,0,-2.6756601,0,7.898839233765098,0,-5.371221867827511,0,0.6371382034961737,0,3,7
2020,2023,2024,4,max_verstappen,red_bull,1.0,3.3680113575233133,0,2.595718522356458,0,1.7325185464398205,0,2.2373323,0,5.395881276509331,0,-5.575044,0,2.831163839219321,0,-6.077512502752563,0,0.061641173107472955,0,0,1
2020,2023,2024,4,perez,red_bull,2.0,4.443337774480232,0,5.336925942613732,0,2.9571274627768935,0,5.301905,0,6.921335246410171,0,-4.811298,0,4.674791449098237,0,-8.463526381827295,0,0.1433876261385739,0,0,2
2020,2023,2024,4,leclerc,ferrari,8.0,6.468540159844898,0,6.677725871180092,0,6.719277899477258,0,7.5292516,0,9.196096300053888,0,-2.3235426,0,6.124553509420905,0,-6.311676575299265,0,0.5530244990224941,0,0,4
2020,2023,2024,4,sainz,ferrari,4.0,5.056287255964692,0,4.450946840898678,0,5.189659641986595,0,3.0366805,0,8.570864776948925,0,-4.437863,0,2.2775126624325135,0,-7.211190313748221,0,0.24179711831560569,0,0,3
2020,2023,2024,4,alonso,aston_martin,5.0,8.013987481886463,0,6.95002208947962,0,9.530434752028238,0,6.5000467,0,9.341445896978351,0,-1.8939105,0,6.09698300327866,0,-2.10369508797958,0,0.7213138059031807,0,0,6
2020,2023,2024,4,norris,mclaren,3.0,4.614634007946722,0,5.205185607208241,0,4.773721323660435,0,6.1428013,0,7.86438672283788,0,-5.49957,0,6.518225007817423,0,-9.078604076672285,0,0.1065834040493805,0,0,5
2020,2023,2024,4,piastri,mclaren,6.0,6.908690041515489,0,6.883757882723522,0,8.057652701320754,0,5.3919587,0,9.094889262738741,0,-3.6565254,0,6.140258789848799,0,-7.648001085961735,0,0.39198746633765,0,0,8
2020,2023,2024,4,hamilton,mercedes,7.0,8.35434822742567,0,8.462189246006073,0,10.280226254139606,0,7.45142,0,8.918395163024885,0,-2.9689884,0,7.490810183569585,0,-4.975413601576484,0,0.5737711502561655,0,0,9
2020,2023,2024,4,hulkenberg,haas,12.0,12.75340392483024,0,12.301412343807888,0,12.673106989592666,0,12.372249,0,9.509582989308003,0,-1.1451634,0,12.910488737179902,0,-3.800986025219282,0,0.8303608121738048,0,0,11
2020,2023,2024,4,stroll,aston_martin,16.0,12.97853757460119,0,13.558234426169602,0,10.735851992786316,0,15.11446,0,8.712031324319092,0,-0.6844867,0,14.960066653559476,0,-4.592751996234776,0,0.8064103079447106,0,0,12
2020,2023,2024,4,kevin_magnussen,haas,18.0,15.358224007184486,0,15.46289064942068,0,9.224721896097574,0,15.830318,0,8.961756842679602,0,-2.0649872,0,16.044850169698254,0,-6.807510243713251,0,0.5818588756781499,0,0,13
2020,2023,2024,4,bottas,sauber,13.0,13.2450303893612,0,13.66546933296636,0,11.283929000924019,0,15.261067,0,9.333964942877014,0,-2.5698493,0,14.28609846031644,0,-1.992642820407658,0,0.6644885388102412,0,0,14
2020,2023,2024,4,ocon,alpine,15.0,14.107503944735228,0,14.07215996462927,0,11.503929643291665,0,13.917678,0,9.320374317783765,0,-2.1394162,0,14.663383953587964,0,-2.1835209300692364,0,0.7080817282224334,0,0,15
2020,2023,2024,4,gasly,alpine,17.0,15.42873987001494,0,15.207459580242363,0,9.6268133952853,0,14.678332,0,8.710696935066427,0,-2.7896876,0,15.389929973179571,0,-3.8568802346438704,0,0.5651769414922392,0,0,16
2020,2023,2024,4,sargeant,williams,19.0,16.88031696036272,0,16.194091474435712,0,7.317092000368907,0,16.172464,0,9.029779766536363,0,-3.4936824,0,16.69793007380742,0,-6.518218775707421,0,0.3987125515931136,0,0,17
2020,2023,2024,4,zhou,sauber,20.0,17.343462145691433,0,16.047313958242025,0,7.6181855020150975,0,15.227121,0,8.767975450921803,0,-2.5364435,0,16.721510794406708,0,-4.4398485612595815,0,0.5489830762262609,0,0,18
2020,2023,2024,4,ricciardo,rb,11.0,11.912171391583492,0,12.083987375312569,0,12.517844958863776,0,12.462516,0,9.848887825658863,0,-1.7632455,0,12.209077258826635,0,-2.613549132536375,0,0.8030178903594445,0,0,19
2020,2023,2024,4,albon,williams,14.0,13.986777038930105,0,13.742918117862141,0,11.433934105932668,0,14.354636,0,9.353119606400634,0,-1.236639,0,13.822678746975761,0,-2.9836449736683384,0,0.8035857633022312,0,0,20
2020,2023,2024,5,hulkenberg,haas,9.0,11.477672423972946,0,12.150774211309143,0,12.847348506375075,1,12.8546505,0,9.76616016654418,0,0.05067549,1,13.217092772093174,0,-1.8597165787648526,1,0.9237891809012573,1,4,10
2020,2023,2024,5,russell,mercedes,8.0,9.12486937078576,1,8.86114604614075,1,10.866475822076866,0,9.841077,1,9.355165578648311,0,-1.9916668,0,8.90119212091861,0,-4.936856207265385,0,0.6806003836046212,0,3,6
2020,2023,2024,5,stroll,aston_martin,11.0,11.44577321768025,0,11.348155239645672,0,12.445728234175935,0,12.436642,0,10.395798717395206,1,-0.52754915,0,12.287274857697353,0,-3.6563190998611446,0,0.8468357164904956,0,1,15
2020,2023,2024,5,piastri,mclaren,5.0,6.885575693741129,0,7.252012872583723,0,7.860496037243612,0,7.552541,0,8.79548179569294,0,-3.5576675,0,9.187775516659489,1,-7.429641356331739,0,0.44619319877155955,0,1,8
2020,2023,2024,5,leclerc,ferrari,6.0,5.5693644545625896,0,6.049827652511328,0,6.552918927140809,0,4.1249485,0,9.007628054254397,0,-3.0352898,0,5.050337605221976,0,-7.283638441193549,0,0.4026779004639331,0,0,4
2020,2023,2024,5,perez,red_bull,2.0,3.590225797973967,0,6.042450634866355,0,2.923394238841582,0,4.9886365,0,7.475671676005159,0,-4.8257995,0,5.067788074062998,0,-9.389871669241328,0,0.11826038105645534,0,0,3
2020,2023,2024,5,norris,mclaren,4.0,5.784085657025415,0,6.040347018814113,0,5.771366966016136,0,5.8536425,0,8.056944013299988,0,-3.094427,0,5.316076532200556,0,-6.034021805815409,0,0.40248358029173825,0,0,2
2020,2023,2024,5,max_verstappen,red_bull,1.0,2.083003370831973,0,2.820616545093324,0,1.6228548922052461,0,2.5596054,0,5.709244527914023,0,-5.5461307,0,5.102345282524857,0,-8.28763312343221,0,0.031344741478717825,0,0,1
2020,2023,2024,5,alonso,aston_martin,3.0,6.398670824456885,0,5.648627740893371,0,7.547744605024727,0,6.247185,0,8.628211002021045,0,-1.955661,0,5.445296252863047,0,-2.833592907488396,0,0.6087879017928434,0,0,7
2020,2023,2024,5,hamilton,mercedes,18.0,13.04197059963125,0,12.745752866845324,0,10.905077375700293,0,13.547625,0,9.166510763499826,0,-1.4569222,0,12.496390814668628,0,-5.988421189204053,0,0.6715692319746163,0,0,9
2020,2023,2024,5,ocon,alpine,13.0,12.875331238399696,0,13.234016152619064,0,11.63502146685112,0,14.377755,0,9.520766373090598,0,-2.6473489,0,13.72816509489956,0,-2.592164718987388,0,0.6108183989746347,0,0,11
2020,2023,2024,5,sainz,ferrari,7.0,5.704475375703401,0,6.179126949700352,0,6.609438304995342,0,5.8602443,0,8.982352952174354,0,-4.1283712,0,4.127049535128634,0,-8.57659153652935,0,0.2619995377035898,0,0,5
2020,2023,2024,5,albon,williams,14.0,13.634168347840795,0,14.046235395676481,0,11.269415971174354,0,14.673508,0,9.30771589436471,0,-1.6922591,0,13.56952914821797,0,-4.557673388977687,0,0.6658548577439871,0,0,12
2020,2023,2024,5,gasly,alpine,15.0,14.551844208247399,0,14.87324010908884,0,10.126683548587247,0,15.528595,0,8.963653334669642,0,-2.3273485,0,15.156175572205782,0,-2.855073914859853,0,0.60276040452582,0,0,13
2020,2023,2024,5,zhou,sauber,16.0,15.677450133642456,0,16.20417585179006,0,6.919708878834715,0,17.856796,0,8.31280028804847,0,-1.7549628,0,17.161309573609905,0,-5.030879309809451,0,0.5636391960758882,0,0,14
2020,2023,2024,5,kevin_magnussen,haas,17.0,14.841557243500178,0,15.298679380749839,0,9.210864995009038,0,15.605443,0,8.609148355788122,0,-0.8367779,0,14.099974255039804,0,-5.695195409883123,0,0.6932708471780713,0,0,16
2020,2023,2024,5,sargeant,williams,20.0,17.51008003036103,0,15.814378713090264,0,5.244409575765829,0,16.429436,0,8.395248885336732,0,-3.8640223,0,17.071465841326038,0,-5.847025636739429,0,0.3126411890335187,0,0,17
2020,2023,2024,5,ricciardo,rb,12.0,12.540512270811629,0,12.683890760770934,0,12.194212463288967,0,12.431093,0,9.672719299264468,0,-2.0284956,0,11.872646544057423,0,-2.914795341840774,0,0.7068512532125503,0,0,18
2020,2023,2024,5,tsunoda,rb,19.0,16.168923949927336,0,14.711840993193478,0,9.67603570582897,0,15.963056,0,9.19105738046448,0,-1.9591473,0,15.055612544993043,0,-6.243009008106414,0,0.5732532704282894,0,0,19
2020,2023,2024,5,bottas,sauber,10.0,11.655688214682826,0,13.383238596568054,0,11.750907365348345,0,15.393958,0,9.316442538111298,0,-2.086034,0,15.398497924883797,0,-3.3465651345498935,0,0.640965852704205,0,0,20
2020,2023,2024,6,stroll,aston_martin,11.0,10.933995362036958,1,11.0283739374885,0,12.514312804077294,0,10.355593,0,10.28432358229171,0,-0.87896806,1,9.74722486198034,1,-1.6145242466010519,0,0.9738403039502559,1,4,17
2020,2023,2024,6,tsunoda,rb,10.0,12.25369064281015,0,12.866122625271114,0,12.364284459031197,0,12.813653,0,10.323540488710389,1,-1.5167991,0,11.3407184313313,0,-3.564832394535146,0,0.8054827204718483,0,1,7
2020,2023,2024,6,hamilton,mercedes,8.0,8.144104809792651,0,10.053409368370536,1,11.156493859817271,0,8.35533,0,9.23261845209645,0,-1.8434874,0,7.881060689777985,0,-5.035151209373862,0,0.697990731790795,0,1,6
2020,2023,2024,6,hulkenberg,haas,9.0,11.38416771810288,0,11.652745167137049,0,12.999140959253312,1,11.996062,0,9.665810043907834,0,-1.1763865,0,13.061938110164842,0,-4.037128022125211,0,0.8200643635738959,0,1,11
2020,2023,2024,6,piastri,mclaren,6.0,7.797773194296884,0,7.546165429385977,0,8.795213475779478,0,9.733528,1,9.019621982930728,0,-3.371752,0,8.304319099376873,0,-7.095727019622772,0,0.43647113968822027,0,1,13
2020,2023,2024,6,ocon,alpine,13.0,12.761537412057601,0,13.198278424991749,0,11.882992010309515,0,14.615968,0,9.445130581535986,0,-1.7319973,0,13.423820027354521,0,-0.2925573841826104,1,0.7816566584806279,0,1,10
2020,2023,2024,6,max_verstappen,red_bull,1.0,1.8177908571337351,0,2.7574170265524867,0,1.63644758760439,0,3.826886,0,5.805611123040771,0,-5.11822,0,4.692257317996902,0,-8.132749831693461,0,0.032035899791958034,0,0,2
2020,2023,2024,6,norris,mclaren,5.0,6.205429640078565,0,7.146344830169074,0,6.355436320668267,0,8.491581,0,8.435084810446243,0,-4.0834675,0,8.618633706344081,0,-9.902945958455636,0,0.26882339840029573,0,0,1
2020,2023,2024,6,perez,red_bull,4.0,4.176567351502857,0,4.961173968350892,0,3.707396531651094,0,5.7874656,0,6.98631688195119,0,-3.706719,0,2.9729325666473656,0,-6.898510857189489,0,0.27437533564318256,0,0,4
2020,2023,2024,6,leclerc,ferrari,2.0,3.607014894436346,0,4.971456647329188,0,3.354276193065304,0,3.33153,0,7.5549697716926785,0,-4.2124524,0,3.8030406188440025,0,-8.509686883043772,0,0.1858200004910897,0,0,3
2020,2023,2024,6,russell,mercedes,7.0,8.456206524998796,0,7.558236697985138,0,10.206431561188525,0,7.653244,0,9.2674388152712,0,-1.3133657,0,5.5642068345251054,0,-2.855092097499662,0,0.7711538967395588,0,0,8
2020,2023,2024,6,sainz,ferrari,3.0,3.882736872099482,0,4.784472181429622,0,4.439356107575321,0,4.7120333,0,8.086769493985251,0,-4.752201,0,2.499774462269418,0,-7.768729271996569,0,0.14034516199596048,0,0,5
2020,2023,2024,6,gasly,alpine,12.0,12.830022678951426,0,12.624442704989212,0,11.398695000247,0,12.872632,0,9.563799280071988,0,-1.4711275,0,15.319469221961327,0,-0.782036026271817,0,0.7952176868910653,0,0,12
2020,2023,2024,6,alonso,aston_martin,15.0,11.624429158518836,0,11.786642473875856,0,11.477413937618827,0,12.652426,0,9.588142136885404,0,-1.2878451,0,13.037563463443094,0,-3.530556489150494,0,0.7928279334688798,0,0,9
2020,2023,2024,6,ricciardo,rb,18.0,15.114964707151652,0,15.2779600382135,0,8.586109335807441,0,15.825625,0,8.612736251328045,0,-2.233592,0,15.328247665164984,0,-3.6668224110052496,0,0.604143473260468,0,0,15
2020,2023,2024,6,zhou,sauber,20.0,17.468696895824316,0,16.132235841230123,0,7.330956401455523,0,15.808798,0,8.929662084755039,0,-2.2093828,0,17.14894920983293,0,-2.923337105763725,0,0.6010779566319504,0,0,14
2020,2023,2024,6,bottas,sauber,16.0,14.35556543448331,0,15.289134504576223,0,8.902786414467926,0,14.691951,0,9.193347075417336,0,-2.3193023,0,16.19261881172127,0,-1.8955151598465827,0,0.6263640783935825,0,0,16
2020,2023,2024,6,albon,williams,14.0,13.96294423222311,0,13.647154165326178,0,11.139969144404686,0,13.722719,0,9.332055533717195,0,-2.1287897,0,12.698235128364201,0,-2.8703498124363613,0,0.6855253599912535,0,0,18
2020,2023,2024,6,kevin_magnussen,haas,19.0,15.571747798427797,0,15.286022094860307,0,9.3765059412594,0,15.808836,0,8.80148881332657,0,-1.6252347,0,14.962138109766341,0,-3.8490388972181497,0,0.6967227288374847,0,0,19
2020,2023,2024,6,sargeant,williams,17.0,16.548443100784503,0,15.76536950243248,0,7.035173494419692,0,16.405773,0,8.767007748600564,0,-3.297135,0,16.507528299266166,0,-4.121642025860594,0,0.43267613472372835,0,0,20
2020,2023,2024,7,gasly,alpine,15.0,12.939765902383096,0,13.145974024887163,0,11.77329706741483,0,13.267893,0,9.911583714391432,1,0.117754035,1,13.80858357811166,0,-0.20044464769230894,1,0.9005931140440854,1,4,16
2020,2023,2024,7,tsunoda,rb,7.0,10.448979188306751,1,10.13186384127741,1,11.564875840799354,0,10.785845,1,9.581379456481649,0,-2.8283875,0,10.165499258403809,1,-5.279793531752052,0,0.5866730574992267,0,4,10
2020,2023,2024,7,hulkenberg,haas,10.0,11.67698068932742,0,11.28338503354453,0,12.877278464060225,1,10.841154,0,9.434664100110354,0,-1.0996125,0,12.069667233873494,0,-3.537818748374142,0,0.7438097202174819,0,1,11
2020,2023,2024,7,max_verstappen,red_bull,1.0,3.360944919787965,0,2.918538972971683,0,1.6779586013154992,0,5.706995,0,5.435241088456686,0,-5.2126617,0,3.6467865320640236,0,-7.99110246868421,0,0.0248502449713757,0,0,1
2020,2023,2024,7,piastri,mclaren,2.0,6.950338910453524,0,5.796823703517864,0,5.670092499483442,0,5.7250957,0,7.631691682515944,0,-4.111275,0,7.372628560705903,0,-8.675545850045365,0,0.2251363137508301,0,0,4
2020,2023,2024,7,leclerc,ferrari,4.0,5.386497079535083,0,4.577358593918659,0,4.097174835678726,0,4.523546,0,8.053878862234837,0,-4.1258607,0,5.797387837596676,0,-8.46667445790544,0,0.20021993084476225,0,0,3
2020,2023,2024,7,norris,mclaren,3.0,5.440348066462359,0,5.043393598879952,0,3.566751449380852,0,4.560013,0,6.968330809370716,0,-4.863281,0,6.474344217597841,0,-9.594498829552489,0,0.08947626327102769,0,0,2
2020,2023,2024,7,sainz,ferrari,5.0,6.04821106684601,0,5.185675306525736,0,6.073114251785524,0,3.0935647,0,8.404343088594715,0,-3.5336704,0,3.8657705593254295,0,-7.152568946387097,0,0.305789478684626,0,0,5
2020,2023,2024,7,perez,red_bull,11.0,7.2291625749377975,0,8.266025187323491,0,7.446380403426574,0,7.232162,0,8.996878564324545,0,-2.8234932,0,9.04135468056968,0,-5.066366535847589,0,0.4860846838676502,0,0,8
2020,2023,2024,7,russell,mercedes,6.0,8.740126213509201,0,6.642758954637676,0,9.284694889200303,0,6.696782,0,9.233484771123525,0,-2.5086694,0,7.681069481722028,0,-4.766252142232174,0,0.5228975374633622,0,0,7
2020,2023,2024,7,stroll,aston_martin,13.0,11.485300361454184,0,12.21934248180635,0,12.152042997851423,0,13.929207,0,9.285234674595912,0,-2.0060422,0,14.577351165456939,0,-5.130688516047919,0,0.5923494307913358,0,0,9
2020,2023,2024,7,hamilton,mercedes,8.0,8.351083367618,0,9.317336963522218,0,10.355491441546596,0,8.678747,0,9.20704330131935,0,-2.1604714,0,8.357334471645286,0,-3.22611088043953,0,0.6071444707322892,0,0,6
2020,2023,2024,7,kevin_magnussen,haas,18.0,13.773595535458007,0,14.734869132827093,0,8.946731245459432,0,14.368336,0,8.725870350190972,0,-1.9093584,0,13.885423691707329,0,-4.271496469604531,0,0.5722761626011624,0,0,12
2020,2023,2024,7,ricciardo,rb,9.0,10.775001913701098,0,12.727413226313965,0,11.11524052181439,0,11.606558,0,9.352366188843495,0,-2.4766948,0,11.895366188047639,0,-3.508719658232389,0,0.5758493064680481,0,0,13
2020,2023,2024,7,ocon,alpine,12.0,12.293457094882827,0,11.749089358562626,0,12.811391841465351,0,11.881596,0,9.724470627074469,0,-1.5047393,0,11.020779306781963,0,-1.6054762344574058,0,0.7542024197275564,0,0,14
2020,2023,2024,7,zhou,sauber,17.0,14.546527601805433,0,15.339613243011156,0,6.725605343846476,0,15.480803,0,8.668866773584643,0,-2.0883799,0,16.55079276830521,0,-5.644253592491367,0,0.493786089954297,0,0,15
2020,2023,2024,7,sargeant,williams,20.0,15.850048958036744,0,15.036413596837164,0,6.787001612132819,0,14.681617,0,9.14708137898187,0,-2.8337886,0,14.555051169808966,0,-5.298155675779075,0,0.43125607504717633,0,0,17
2020,2023,2024,7,bottas,sauber,16.0,12.71501008361825,0,13.642871971787358,0,9.94167384400797,0,13.492632,0,9.300616262564615,0,-1.5760509,0,13.173201550833232,0,-3.4207407677791544,0,0.6443357151947928,0,0,18
2020,2023,2024,7,alonso,aston_martin,19.0,12.388842861028984,0,13.171083479818165,0,11.00075336210492,0,14.170927,0,9.166665638090784,0,-1.6425458,0,14.372696872226438,0,-3.6614972648853206,0,0.6386084894292965,0,0,19
2020,2023,2024,7,albon,williams,14.0,13.34946725635567,0,12.830472045190488,0,12.030041826861721,0,12.449245,0,9.780505680157388,0,-0.8273399,0,13.707218214785453,0,-3.374519871792583,0,0.7534772923871512,0,0,20
2020,2023,2024,8,stroll,aston_martin,13.0,12.37483063683374,0,12.518404269238617,0,12.015682310381854,0,12.838976,0,9.842369510808817,0,0.09464438,1,12.76297916186283,0,-0.30667773113330427,1,0.9265572571984946,1,3,14
2020,2023,2024,8,perez,red_bull,16.0,10.314244422650868,1,10.598378142689487,1,9.35097479908531,0,10.707179,1,9.076180816285428,0,-3.4794643,0,12.633850604106179,0,-5.9937626969330005,0,0.40104383623052153,0,3,18
2020,2023,2024,8,albon,williams,9.0,12.222910178333748,0,12.712819519577756,0,11.806838829996645,0,11.949345,0,10.047125439330765,1,-1.7558118,0,11.437779360868545,0,-4.264827726250416,0,0.695638505059462,0,1,9
2020,2023,2024,8,alonso,aston_martin,14.0,12.403720467901657,0,12.681862582100935,0,11.780434371092571,0,13.119368,0,9.380854526573719,0,-1.8683138,0,10.944460940347854,1,-3.7962406791316297,0,0.708266323955467,0,1,11
2020,2023,2024,8,ocon,alpine,11.0,11.740691919581451,0,11.23602143039451,0,12.761676254280541,1,12.319746,0,9.566947217449334,0,-2.070084,0,11.28607802297418,0,-4.375972652916002,0,0.6738974011667173,0,1,17
2020,2023,2024,8,sainz,ferrari,3.0,4.671130503875159,0,3.9100844558842813,0,4.175098065182009,0,3.205118,0,8.064981263578915,0,-4.6531715,0,3.1191129623608878,0,-7.349810836153818,0,0.131220415544428,0,0,3
2020,2023,2024,8,piastri,mclaren,2.0,5.164826434403934,0,5.3310001217036325,0,4.983227968140936,0,3.7655349,0,7.736177066736898,0,-4.722065,0,5.142556141573179,0,-9.30830862011355,0,0.11097540901726255,0,0,2
2020,2023,2024,8,leclerc,ferrari,1.0,4.102902103541429,0,3.60650680585141,0,2.479203218531619,0,3.6188126,0,5.817993543799678,0,-4.375074,0,2.987158303277603,0,-9.058268119532737,0,0.08540021313575716,0,0,1
2020,2023,2024,8,norris,mclaren,4.0,5.121361710935748,0,5.634493129921871,0,3.7987929438570185,0,6.1874647,0,7.486297707970822,0,-4.126197,0,6.527776026073851,0,-9.35375673711987,0,0.16933441506687968,0,0,4
2020,2023,2024,8,tsunoda,rb,8.0,11.24166023474348,0,11.627173468064273,0,12.289328831271114,0,12.599498,0,9.548280092103939,0,-2.1874058,0,13.996918671038802,0,-2.8948939439988246,0,0.6196042475332649,0,0,8
2020,2023,2024,8,russell,mercedes,5.0,7.717532533055513,0,6.917974568878294,0,8.401573998462805,0,8.645415,0,9.041313833194364,0,-3.5881722,0,8.448214828913791,0,-5.470906824197125,0,0.41231713319489866,0,0,5
2020,2023,2024,8,max_verstappen,red_bull,6.0,4.686878811748041,0,5.040080930353989,0,4.668536499523127,0,6.2916164,0,8.345777550396289,0,-5.1104803,0,5.427051723544764,0,-7.270564904264083,0,0.10513422863120636,0,0,6
2020,2023,2024,8,ricciardo,rb,12.0,12.013949591441206,0,12.58746302747076,0,12.061160042337963,0,13.164614,0,9.411755150240738,0,-1.4187605,0,13.174488080179202,0,-2.2970310187425773,0,0.7183617528633457,0,0,12
2020,2023,2024,8,gasly,alpine,10.0,11.798820732903788,0,11.692405583834567,0,12.46561503279383,0,13.03286,0,9.4303143247696,0,-1.156874,0,12.336175252557567,0,-3.83664677933565,0,0.7433481445520916,0,0,10
2020,2023,2024,8,hamilton,mercedes,7.0,7.892592982031707,0,6.969712352379869,0,9.66731778941993,0,8.045331,0,9.387780360987975,0,-3.7137637,0,8.714321916175276,0,-5.664778537288813,0,0.428110909241872,0,0,7
2020,2023,2024,8,bottas,sauber,17.0,13.84413807406711,0,14.750021778068986,0,8.05777410493208,0,14.548493,0,8.796080808244346,0,-3.1064925,0,13.995687630100658,0,-4.859066602106145,0,0.42044239285425195,0,0,13
2020,2023,2024,8,zhou,sauber,18.0,15.608429395163032,0,16.45864382239782,0,5.7763807814006,0,16.432201,0,8.62914857336671,0,-2.6177547,0,16.115413629438116,0,-5.314045555629882,0,0.4187553428635193,0,0,16
2020,2023,2024,8,sargeant,williams,15.0,15.202905510525095,0,15.605335661506764,0,7.206064777440175,0,16.672455,0,8.59857813610116,0,-2.6290975,0,15.33395324105331,0,-4.363631929075472,0,0.45627620472610697,0,0,15
2020,2023,2024,8,hulkenberg,haas,14.0,13.611438122172126,0,13.070507252797643,0,12.356050679140278,0,12.846002,0,9.486927405744584,0,-1.3995887,0,12.485757066571285,0,-3.0820032645054876,0,0.7245885714400185,0,0,19
2020,2023,2024,8,kevin_magnussen,haas,15.0,13.994248133090055,0,14.534399397764055,0,10.926846204595481,0,13.453898,0,9.241517450151091,0,-2.1518176,0,14.452708084863673,0,-4.087330180790956,0,0.5782082482074407,0,0,20
2020,2023,2024,9,stroll,aston_martin,9.0,11.216956783119594,0,11.174782207156476,0,12.771277992813465,1,11.843466,0,10.22204358668719,1,-1.1476998,0,10.95311796261887,0,-1.4746720840649714,1,0.9485161610732595,1,4,7
2020,2023,2024,9,ricciardo,rb,5.0,9.647174146186915,0,9.642013373858116,0,10.786894842625095,0,10.123432,1,9.513471007664545,0,-1.870932,0,9.707303987762781,1,-3.36842048135753,0,0.8143297364294784,0,2,8
2020,2023,2024,9,gasly,alpine,15.0,13.472108369740013,0,13.515899578484825,0,11.218434103555783,0,14.529312,0,9.333452435146365,0,-1.0569944,1,14.378029444981525,0,-3.6637738468148875,0,0.8453492441671884,0,1,9
2020,2023,2024,9,alonso,aston_martin,6.0,9.858682625680213,1,8.287754583159067,0,10.205363574042813,0,8.705438,0,9.270141476914413,0,-4.371462,0,8.919198106672388,0,-6.646739811455161,0,0.34402973140813364,0,1,6
2020,2023,2024,9,perez,red_bull,16.0,10.736321421782165,0,9.852439856366026,1,9.370879245207826,0,9.008883,0,9.143800564340818,0,-2.8806984,0,11.373803738815658,0,-4.115017533054054,0,0.5795775034501872,0,1,18
2020,2023,2024,9,russell,mercedes,1.0,6.204464583732889,0,5.9440482805924955,0,4.6827148152227185,0,5.507285,0,8.405148659131596,0,-2.8546014,0,6.709410466589433,0,-6.770218224983298,0,0.43634216938988596,0,0,3
2020,2023,2024,9,norris,mclaren,3.0,5.540113060538508,0,5.73333681689134,0,3.5601922204483603,0,4.6434307,0,7.649297701922709,0,-4.289674,0,4.964887819368088,0,-10.145231301209126,0,0.1382333334958261,0,0,2
2020,2023,2024,9,max_verstappen,red_bull,2.0,4.1986703562556515,0,3.455794095375639,0,2.8082811809372674,0,3.6439054,0,6.063173331700698,0,-5.001861,0,5.4918095431287925,0,-8.129857370804649,0,0.04165690198630404,0,0,1
2020,2023,2024,9,hamilton,mercedes,7.0,7.893809695313857,0,6.939237932119778,0,9.052682733202333,0,5.119692,0,9.320125089889103,0,-2.232358,0,5.347827628066274,0,-6.431421477790808,0,0.5969645238919116,0,0,4
2020,2023,2024,9,piastri,mclaren,4.0,5.8885542528649815,0,5.27616008333723,0,5.499555783480801,0,4.350325,0,8.161591428568446,0,-4.1626315,0,3.202206661381364,0,-8.179677221531772,0,0.2172037434826444,0,0,5
2020,2023,2024,9,hulkenberg,haas,19.0,15.671504498537747,0,15.342928036018636,0,9.195486397687402,0,14.826336,0,8.85562460289166,0,-3.009635,0,16.490965456711848,0,-6.879345697175247,0,0.46735577667736006,0,0,11
2020,2023,2024,9,ocon,alpine,18.0,14.564517210239604,0,15.662138871272173,0,9.003789494287748,0,16.001783,0,8.586349463710091,0,-2.6880739,0,15.935475818788872,0,-5.19972765677292,0,0.5373441515212738,0,0,10
2020,2023,2024,9,kevin_magnussen,haas,14.0,14.391234338079371,0,14.602251725257513,0,11.2242183972235,0,14.062392,0,9.37364670769678,0,-1.6475285,0,15.235897143964397,0,-6.143135453076453,0,0.7157513014946811,0,0,12
2020,2023,2024,9,bottas,sauber,17.0,14.169334747588662,0,15.040250278025496,0,8.997563866398764,0,16.205011,0,9.193441740958907,0,-1.828577,0,15.014481051738876,0,-3.947310869922251,0,0.6925789863172375,0,0,13
2020,2023,2024,9,zhou,sauber,20.0,16.133617771270767,0,16.560099458493276,0,5.028599221444203,0,17.378668,0,7.690445840426402,0,-3.325345,0,17.07131775538774,0,-5.209111781761391,0,0.37464654911365597,0,0,15
2020,2023,2024,9,tsunoda,rb,8.0,11.226379884893847,0,11.079309545935617,0,11.893874943203265,0,12.734749,0,9.288237690655736,0,-1.84121,0,12.33953727224867,0,-4.184288454644679,0,0.7489822638100657,0,0,14
2020,2023,2024,9,sainz,ferrari,12.0,8.600174242132251,0,7.217426535489478,0,8.516938562891223,0,8.868521,0,9.185217971126086,0,-2.731776,0,7.615545212337653,0,-5.9414821234817286,0,0.5408454774485325,0,0,16
2020,2023,2024,9,albon,williams,10.0,12.758193936323314,0,12.6905691060514,0,12.067425326967726,0,12.510143,0,9.437538045894803,0,-1.530675,0,13.5962177124392,0,-4.836567130792183,0,0.7754135245281214,0,0,17
2020,2023,2024,9,leclerc,ferrari,11.0,7.859194991628137,0,6.470003754130814,0,6.814250430983283,0,6.508048,0,9.322352855868324,0,-2.6272078,0,6.720643898174676,0,-5.401238498285527,0,0.5329917240197968,0,0,19
2020,2023,2024,9,sargeant,williams,13.0,14.731086690133848,0,14.395697443998154,0,9.855300030948472,0,15.033076,0,9.240828832140174,0,-2.4273517,0,14.312812493511476,0,-2.3570094364282212,0,0.6481066998922703,0,0,20
2020,2023,2024,10,bottas,sauber,12.0,11.897902862035165,0,13.102607669041003,0,11.971369535206957,0,13.1856575,0,9.418088558990089,0,-0.99093837,1,14.801446638669647,0,-0.8327818266141155,1,0.8868399632456876,1,3,16
2020,2023,2024,10,alonso,aston_martin,11.0,10.661751246887482,0,11.079311027608231,1,13.031820996382,1,10.789838,0,9.700650867011573,0,-2.5272934,0,10.055498761101807,1,-3.216553769450368,0,0.7501913792571417,0,3,12
2020,2023,2024,10,piastri,mclaren,10.0,8.385097398100282,0,8.482100418019185,0,9.276450683000355,0,10.3118105,1,8.95446594328145,0,-3.305577,0,8.047935974309167,0,-7.542777804820214,0,0.4541605251594068,0,1,7
2020,2023,2024,10,gasly,alpine,7.0,10.027967484399289,1,11.226585706198927,0,11.642107400168426,0,11.372591,0,9.552120780935486,0,-2.181271,0,11.60689450196666,0,-3.8803569958351667,0,0.7029621828472807,0,1,9
2020,2023,2024,10,stroll,aston_martin,14.0,12.63589206519666,0,12.058298722615007,0,12.445157017464286,0,11.621116,0,10.10570256868495,1,-1.3812721,0,10.977188955405044,0,-2.998169861074221,0,0.8571232504476887,0,1,14
2020,2023,2024,10,hamilton,mercedes,3.0,5.9768649456806004,0,5.2669296448799825,0,5.639960276603249,0,7.105035,0,7.8664102573979555,0,-3.0613961,0,3.631369072379711,0,-6.99337655268108,0,0.41085847663362174,0,0,3
2020,2023,2024,10,norris,mclaren,1.0,4.066430011890456,0,6.19563742906577,0,2.384028622974125,0,8.879269,0,7.169923378640873,0,-4.927397,0,10.717464669933095,0,-11.210495255195232,0,0.09693583759249712,0,0,2
2020,2023,2024,10,max_verstappen,red_bull,2.0,3.6360529277931075,0,2.9076468724017146,0,1.9489134192420927,0,3.441529,0,6.376630813408118,0,-5.135541,0,5.355924142331109,0,-10.204177931415476,0,0.018942966920116492,0,0,1
2020,2023,2024,10,russell,mercedes,4.0,7.039886780379369,0,6.068781462812365,0,6.145699532282401,0,7.6815095,0,8.461155441676986,0,-3.0426643,0,6.8523793630386605,0,-5.985818293137068,0,0.45375937107097947,0,0,4
2020,2023,2024,10,sainz,ferrari,6.0,6.716129691741286,0,5.952221133911629,0,6.801651532089384,0,5.9718485,0,8.819810722466368,0,-4.471438,0,6.945062240555864,0,-6.941719149763134,0,0.25729145488378735,0,0,6
2020,2023,2024,10,perez,red_bull,8.0,7.93269039683681,0,7.102878238127534,0,8.366938921094343,0,5.1859565,0,8.688295109264827,0,-4.0723243,0,3.519719068269647,0,-6.143423810867868,0,0.3285875907300462,0,0,8
2020,2023,2024,10,leclerc,ferrari,5.0,5.982055308969212,0,5.629151432983615,0,5.927715417096798,0,5.5169587,0,8.522180215176503,0,-4.377761,0,4.992982888075446,0,-7.575474560303852,0,0.23703773967378283,0,0,5
2020,2023,2024,10,hulkenberg,haas,13.0,13.380533315700143,0,12.83585850258916,0,12.305474941080213,0,12.236954,0,9.277876892402709,0,-1.6970648,0,12.157924906517223,0,-6.291652554586984,0,0.733742617143666,0,0,11
2020,2023,2024,10,ocon,alpine,9.0,10.82733269371223,0,12.099818730024005,0,12.540877581204821,0,12.750612,0,9.596013294737977,0,-1.3728544,0,12.779821368309058,0,-1.0024981096597647,0,0.85225071747386,0,0,10
2020,2023,2024,10,zhou,sauber,15.0,14.079549571498656,0,14.821504600394691,0,9.60659791730243,0,16.080683,0,8.945617734612293,0,-1.0270597,0,16.139298270750505,0,-2.7935330030436747,0,0.8145732422616396,0,0,13
2020,2023,2024,10,ricciardo,rb,18.0,13.787076110923062,0,14.67243513127036,0,10.637047979501112,0,13.415535,0,9.147156277925696,0,-3.017618,0,15.08758723268467,0,-5.603256741967288,0,0.5201392573660694,0,0,15
2020,2023,2024,10,kevin_magnussen,haas,16.0,14.426628413972324,0,15.14376456321447,0,9.603973490533116,0,14.8056135,0,9.43387911144099,0,-1.5383238,0,14.762382117612114,0,-7.34325976133267,0,0.6915716276879036,0,0,17
2020,2023,2024,10,albon,williams,19.0,15.488286660617462,0,15.222831679301201,0,8.186088854898912,0,16.26831,0,8.883630411826848,0,-3.5669768,0,15.793612632069534,0,-7.3838494899274085,0,0.3829306218602528,0,0,18
2020,2023,2024,10,tsunoda,rb,17.0,13.884666510056212,0,14.230002259221719,0,10.88195149537293,0,14.157216,0,9.425624841326087,0,-2.0194788,0,14.948547749659259,0,-3.9606034577461884,0,0.6875301200384708,0,0,19
2020,2023,2024,10,sargeant,williams,20.0,17.013425643839426,0,15.777832775910547,0,5.495118350820883,0,16.61691,0,8.500678077406423,0,-3.990473,0,14.851577192710778,0,-6.854113525836375,0,0.29503120830347324,0,0,20
2020,2023,2024,11,ocon,alpine,10.0,11.889331056600271,0,12.349691906190124,0,12.647331765947223,0,13.801475,0,9.851782403471862,1,-0.8340335,1,11.877318178581813,0,-2.099965712415292,0,0.9172595801804905,1,3,12
2020,2023,2024,11,hulkenberg,haas,9.0,12.310914442000309,0,10.763564282330714,1,12.725916066712902,0,11.019007,1,9.692326884294708,0,-1.6774634,0,10.10364659314156,1,-3.485485484984731,0,0.8498543313778806,0,3,6
2020,2023,2024,11,ricciardo,rb,11.0,12.04868286996657,0,12.608476796371233,0,12.887069569344677,1,11.907535,0,9.691545674847248,0,-1.6651891,0,10.837805123870297,0,-1.4099294188626195,1,0.8429872880890704,0,2,9
2020,2023,2024,11,perez,red_bull,8.0,8.117532659492499,1,7.177718954262762,0,8.536176477106013,0,5.0342274,0,8.89067925203393,0,-3.951939,0,6.058163830496217,0,-6.6621449822284,0,0.3472626414073136,0,1,7
2020,2023,2024,11,hamilton,mercedes,5.0,6.725816302653788,0,6.164461815105121,0,7.4088438517181086,0,5.662144,0,8.613177749725462,0,-2.3846684,0,3.45971959755304,0,-3.6655787795856836,0,0.5797808000200617,0,0,4
2020,2023,2024,11,sainz,ferrari,4.0,6.252135881083742,0,5.549366496646874,0,5.89267702266064,0,4.986503,0,8.545472932997548,0,-4.5326815,0,5.835554587965361,0,-7.398884376078496,0,0.21993755806754084,0,0,3
2020,2023,2024,11,piastri,mclaren,7.0,7.73998749323995,0,7.642174514717417,0,8.089340900540073,0,8.445748,0,8.965212149450874,0,-3.1700187,0,10.122861781451057,0,-8.505248050804035,0,0.5011395193880454,0,0,2
2020,2023,2024,11,russell,mercedes,3.0,7.071226889455636,0,6.228465260885287,0,5.177054245467524,0,5.938612,0,8.658438000017519,0,-3.2519896,0,4.225163015112637,0,-5.129786025058682,0,0.41450408383872217,0,0,1
2020,2023,2024,11,kevin_magnussen,haas,12.0,13.667855491606183,0,13.84141349124993,0,11.97115506334697,0,12.952209,0,9.528317968878518,0,-1.688205,0,13.305050939250577,0,-5.644854262925433,0,0.7194018589068458,0,0,8
2020,2023,2024,11,max_verstappen,red_bull,1.0,3.5998831261743236,0,3.314972131612068,0,1.4706452382479391,0,1.8722416,0,5.33118708398624,0,-5.1149244,0,3.6404880766893917,0,-10.165413743552289,0,0.0008043135582030025,0,0,5
2020,2023,2024,11,gasly,alpine,13.0,12.809483290723632,0,12.86986988194305,0,12.295098985783577,0,12.6187725,0,9.680784984740509,0,-0.8990538,0,13.921683934549598,0,-1.7302568878296523,0,0.890703758155035,0,0,10
2020,2023,2024,11,leclerc,ferrari,6.0,6.148669262494697,0,6.473485057735355,0,7.160287065401637,0,7.285723,0,9.026783734823455,0,-4.6024275,0,7.583525062122485,0,-7.523196072287544,0,0.241677821452708,0,0,11
2020,2023,2024,11,stroll,aston_martin,17.0,13.995882548796938,0,13.128114412500315,0,11.501028516129306,0,12.79129,0,9.72539113512295,0,-0.9470094,0,11.802890577493132,0,-3.8551864605878654,0,0.8589965349158503,0,0,13
2020,2023,2024,11,tsunoda,rb,14.0,13.429038145674745,0,14.183686916819784,0,11.410722166411357,0,13.690714,0,9.12714474838929,0,-1.922294,0,14.414126825166166,0,-4.22995252320521,0,0.6941679502987247,0,0,14
2020,2023,2024,11,albon,williams,16.0,14.762895113128112,0,13.932656507856748,0,10.095386965932114,0,13.75991,0,9.371462741373499,0,-2.1646082,0,12.818309039343644,0,-4.930129868410023,0,0.6459777041016272,0,0,15
2020,2023,2024,11,bottas,sauber,18.0,14.39993771830279,0,14.171174943753135,0,8.881386465901324,0,14.680965,0,9.134609954739027,0,-2.8822222,0,14.014099169208256,0,-3.4694790504237267,0,0.5486764445990497,0,0,16
2020,2023,2024,11,zhou,sauber,20.0,15.63706459480539,0,16.084114405646957,0,6.343867087448134,0,17.193487,0,8.107422768839882,0,-2.8159366,0,16.732843381131183,0,-4.985555291771046,0,0.4816176327675749,0,0,17
2020,2023,2024,11,alonso,aston_martin,15.0,12.695020461928468,0,12.473559320716626,0,12.62153171509129,0,12.91705,0,9.377661352367385,0,-2.2453737,0,14.216156796901632,0,-4.124840179300722,0,0.6714067675710537,0,0,18
2020,2023,2024,11,sargeant,williams,19.0,16.52962070774337,0,15.379037265642156,0,6.761821573015878,0,14.182757,0,8.90769704117338,0,-3.7518792,0,13.58719864228206,0,-5.7281071387686655,0,0.36910170516957025,0,0,19
2020,2023,2024,11,norris,mclaren,2.0,5.234265873559529,0,6.286685889270903,0,2.9429315565893175,0,6.445511,0,7.604677913499193,0,-4.062052,0,7.850179270134964,0,-8.314403833936378,0,0.23618440573189073,0,0,20
2020,2023,2024,12,stroll,aston_martin,8.0,10.48520590076245,0,10.68151103466352,0,12.00486801137929,0,11.228312,0,9.529108586806203,0,-0.9687781,1,11.647711475418916,0,-3.285973290741231,0,0.917088722985205,1,2,7
2020,2023,2024,12,perez,red_bull,19.0,12.399860659372862,0,10.097916411153635,1,9.43155267897606,0,9.663584,1,8.96123789918984,0,-3.3788786,0,11.477674077595292,0,-6.7120112628241415,0,0.4927589359540808,0,2,17
2020,2023,2024,12,alonso,aston_martin,10.0,10.990275704800235,0,11.188416754645539,0,12.292369809572655,1,7.719949,0,9.588771080483452,0,-3.2171817,0,10.452981684440836,1,-3.95709236376169,0,0.6744198535012915,0,2,8
2020,2023,2024,12,hulkenberg,haas,6.0,10.46408289676962,1,11.447537019624868,0,11.585805604124532,0,12.113507,0,9.480720671296698,0,-2.9351988,0,12.06130487885859,0,-6.6121461592676845,0,0.5801833076031008,0,1,6
2020,2023,2024,12,ricciardo,rb,15.0,12.880889653739246,0,13.310196998038904,0,11.813929356065888,0,12.35859,0,9.481277667400791,0,-2.4706943,0,13.145914230088644,0,-2.1600112779009564,1,0.7258600630012809,0,1,13
2020,2023,2024,12,albon,williams,9.0,12.02764795693777,0,12.904030614101123,0,11.9440523303032,0,13.143195,0,9.726551559267712,1,-2.3675075,0,13.700809880205727,0,-5.8584788428524845,0,0.6591882426401151,0,1,9
2020,2023,2024,12,max_verstappen,red_bull,4.0,4.75945107996995,0,3.4748040722175118,0,3.2127435485208773,0,0.8496017,0,6.631749517055429,0,-4.296174,0,1.5151356809699823,0,-6.8275950497690925,0,0.1923111811653913,0,0,2
2020,2023,2024,12,hamilton,mercedes,2.0,5.081563612187244,0,5.243711902204917,0,4.629502518979273,0,6.3796663,0,7.500140168916412,0,-4.0631933,0,1.8054703161450851,0,-7.134731095438664,0,0.2511401475140404,0,0,1
2020,2023,2024,12,piastri,mclaren,5.0,6.0734904644509795,0,7.5807988706100025,0,6.015527928427967,0,7.619278,0,8.114733226530314,0,-3.6870732,0,8.86256959163917,0,-5.953106305578079,0,0.41436313639863376,0,0,4
2020,2023,2024,12,norris,mclaren,3.0,5.100287659754479,0,4.983391711751889,0,4.026008682260725,0,7.7607684,0,8.363832059043053,0,-5.4901156,0,5.013157154550417,0,-6.568142187560057,0,0.09654611821674745,0,0,3
2020,2023,2024,12,sainz,ferrari,7.0,7.115163518600291,0,6.408679379896998,0,7.770118344869725,0,7.430858,0,9.074123798656348,0,-4.317701,0,6.082751098671522,0,-6.204515868321889,0,0.32819182809644365,0,0,5
2020,2023,2024,12,tsunoda,rb,13.0,12.91437253295918,0,14.148095141614835,0,11.437771719113801,0,13.884005,0,9.30144784811237,0,-1.8676403,0,14.451298242753904,0,-4.835288018494838,0,0.7254797163222252,0,0,10
2020,2023,2024,12,kevin_magnussen,haas,17.0,14.79523083542318,0,15.197576810139966,0,9.569076123451886,0,16.317123,0,8.913014666423239,0,-2.7961025,0,16.095939395314332,0,-5.023917944284031,0,0.5618132441542527,0,0,12
2020,2023,2024,12,sargeant,williams,12.0,13.135822627945581,0,13.56521600704177,0,10.676715786510961,0,12.969609,0,9.192527665015199,0,-3.0685534,0,11.52658818713425,0,-3.060387844525346,0,0.6336156289797983,0,0,11
2020,2023,2024,12,bottas,sauber,16.0,13.785451796603926,0,14.753720745320248,0,8.3745624114339,0,15.169459,0,8.989797371368038,0,-2.3833363,0,14.14200321015428,0,-3.5457806149823035,0,0.637522337111526,0,0,15
2020,2023,2024,12,leclerc,ferrari,11.0,8.155893396184675,0,7.547579534845068,0,9.748326678396957,0,8.424059,0,9.593137872838057,0,-3.5936182,0,5.554212688443982,0,-4.659751557488711,0,0.48923345715273914,0,0,14
2020,2023,2024,12,ocon,alpine,18.0,14.966244607360832,0,14.85915661332035,0,9.374532018624157,0,13.942087,0,8.526140098967932,0,-3.1717424,0,14.903913816067629,0,-5.236083424518408,0,0.5053480194989229,0,0,16
2020,2023,2024,12,zhou,sauber,14.0,13.97032086711836,0,14.970633182565331,0,9.059162308851246,0,15.527883,0,8.813539582296125,0,-1.2804245,0,15.321209027087374,0,-2.938426450792323,0,0.7922784087865542,0,0,18
2020,2023,2024,12,russell,mercedes,1.0,5.037642087464786,0,6.256226304326706,0,3.173041543260481,0,6.0584693,0,7.608437100355552,0,-4.884304,0,7.506168088145572,0,-8.693141957981883,0,0.12113638941131212,0,0,19
2020,2023,2024,12,gasly,alpine,20.0,16.02147736134774,0,14.658142808871132,0,9.505698596873852,0,13.781193,0,8.169684081392438,0,-3.0150702,0,15.072079931739658,0,-6.84509856104516,0,0.48576887414854236,0,0,20
2020,2023,2024,13,bottas,sauber,12.0,12.128415359414348,0,12.711872928215476,0,12.12421267179841,0,12.063552,0,9.501728077490355,0,-1.5145545,0,12.004858128170294,0,-1.0268156508910389,1,0.8797258197125156,1,2,16
2020,2023,2024,13,stroll,aston_martin,8.0,10.149716299890574,1,10.278298383204369,0,12.102320977372361,0,10.801326,1,9.526783177737348,0,-1.8860795,0,10.931623070442908,0,-4.966675253479852,0,0.8012247812728371,0,2,10
2020,2023,2024,13,perez,red_bull,16.0,11.290906404087105,0,10.173044343494173,1,10.02607976875522,0,7.209737,0,9.277587606494938,0,-3.1837723,0,8.020905023184634,0,-5.1933588408899025,0,0.5554882898905928,0,1,7
2020,2023,2024,13,alonso,aston_martin,7.0,9.282263440297358,0,9.060041510019543,0,10.357097402148213,0,8.506297,0,9.240959547325195,0,-2.8782444,0,9.241486418413436,1,-4.173136040915726,0,0.6651571790762452,0,1,11
2020,2023,2024,13,kevin_magnussen,haas,15.0,13.805402630546364,0,13.869131024797664,0,11.658470269935469,0,13.686619,0,9.418030763259607,0,-1.1392134,1,14.907937301254712,0,-5.285938645567949,0,0.8182784320339079,0,1,15
2020,2023,2024,13,albon,williams,13.0,12.937416770274176,0,12.935017892592045,0,12.237668934369747,0,13.092252,0,9.955053581821048,1,-2.6998892,0,13.039311008033968,0,-5.531064881108029,0,0.6338008950125524,0,1,14
2020,2023,2024,13,hulkenberg,haas,11.0,11.901318247262818,0,11.383153961966281,0,13.38485137661304,1,12.092713,0,9.891832638931316,0,-1.7323185,0,12.428692138572128,0,-4.704162160577532,0,0.8013318704139824,0,1,13
2020,2023,2024,13,piastri,mclaren,2.0,4.900615481168577,0,5.28842527446135,0,4.159252424530073,0,4.475606,0,8.211576786817737,0,-4.726355,0,6.273889499650874,0,-9.532793246376905,0,0.16022780536392173,0,0,1
2020,2023,2024,13,leclerc,ferrari,6.0,6.9312319087825465,0,7.686395157678917,0,7.757927851033762,0,8.96706,0,9.038915088946618,0,-4.10338,0,8.246389058220814,0,-5.814838107694106,0,0.3942283691595923,0,0,4
2020,2023,2024,13,hamilton,mercedes,5.0,6.456898957041378,0,7.653397892579169,0,6.672472292532223,0,7.361383,0,8.601871163435577,0,-3.0094142,0,8.2206601416741,0,-6.873882444406842,0,0.5036829069419057,0,0,3
2020,2023,2024,13,norris,mclaren,1.0,3.7985092990190132,0,4.440856114549956,0,2.6715142194575936,0,7.472536,0,6.178500795714445,0,-5.386972,0,6.3757952925941686,0,-7.113915943427763,0,0.07063484513865656,0,0,2
2020,2023,2024,13,max_verstappen,red_bull,3.0,4.054527324045386,0,3.0713748085769,0,2.605547798211831,0,1.0010469,0,5.667743015096978,0,-4.76438,0,1.1042727456491843,0,-9.486839587532886,0,0.08452580536773563,0,0,5
2020,2023,2024,13,ricciardo,rb,9.0,11.244211885215336,0,11.613152980311563,0,12.27581945865805,0,13.154087,0,9.354581466225461,0,-2.032963,0,11.639517554250528,0,-2.28422704133111,0,0.798625434138915,0,0,12
2020,2023,2024,13,tsunoda,rb,10.0,11.831242963758873,0,12.366142325103242,0,12.119792088191959,0,12.581698,0,9.543237857554546,0,-1.5281742,0,13.630088170990597,0,-4.980147499446949,0,0.7881082917799913,0,0,9
2020,2023,2024,13,sainz,ferrari,4.0,5.695852974877789,0,4.752906729698322,0,5.780596504752202,0,4.2722354,0,7.678011516286873,0,-5.1897054,0,4.515644568026315,0,-7.818558301294564,0,0.1305621618739306,0,0,6
2020,2023,2024,13,russell,mercedes,17.0,11.367001877637122,0,10.460144680460898,0,9.506032223683016,0,13.483403,0,9.232019799009711,0,-3.2581246,0,11.316620212210623,0,-4.262230357597672,0,0.5732765600124088,0,0,8
2020,2023,2024,13,sargeant,williams,14.0,14.297196080708446,0,14.269502983281587,0,9.910426089549029,0,14.478405,0,9.335585432972838,0,-1.6820983,0,12.171062355334733,0,-4.01349399937975,0,0.7722890205157588,0,0,17
2020,2023,2024,13,ocon,alpine,19.0,15.085865687634517,0,14.985402625690018,0,9.192892233760269,0,15.026874,0,9.028568533612779,0,-2.908621,0,14.35071487467892,0,-5.817254984074948,0,0.5379142268718349,0,0,18
2020,2023,2024,13,zhou,sauber,18.0,15.445343718698027,0,16.121448548818964,0,5.863931718257692,0,16.715607,0,8.694584622011797,0,-3.1186585,0,16.875377893796234,0,-6.215651135097253,0,0.4429375040988287,0,0,19
2020,2023,2024,13,gasly,alpine,20.0,15.63568774440434,0,14.768418090632693,0,9.652815986619034,0,15.363858,0,9.340922826531308,0,-3.1331499,0,14.944451488890408,0,-4.898152956705039,0,0.528908546277381,0,0,20
2020,2023,2024,14,stroll,aston_martin,15.0,12.236906750196521,0,12.534201879656573,0,11.603047850408467,0,12.39365,0,10.318892672858553,1,-0.6379925,1,13.033794237481763,0,-1.7111658308542477,0,0.9020733188177907,1,3,11
2020,2023,2024,14,alonso,aston_martin,9.0,10.408920773292529,1,10.96391548520261,1,12.142130009126232,0,9.946023,1,9.203489611493353,0,-2.4406033,0,9.082199386942444,0,-3.9220725800173812,0,0.6821637858102997,0,3,8
2020,2023,2024,14,piastri,mclaren,6.0,6.711495885794816,0,8.299464570401557,0,6.479076976322843,0,9.496657,0,8.370789323224965,0,-2.995895,0,10.05062414858167,1,-8.22371801153185,0,0.5179675751735314,0,1,2
2020,2023,2024,14,ocon,alpine,10.0,11.95416103161629,0,12.232380276641063,0,12.606397626638161,1,11.869021,0,9.586708172469828,0,-1.7244807,0,12.450802853626497,0,-3.65157644471038,0,0.7545223747749396,0,1,9
2020,2023,2024,14,bottas,sauber,14.0,13.093641971121274,0,13.175211623241502,0,11.459756217212394,0,13.474002,0,9.456429257858789,0,-1.509875,0,12.78472647659707,0,-1.2659456667415863,1,0.7980485707538969,0,1,15
2020,2023,2024,14,max_verstappen,red_bull,1.0,3.3006377192565726,0,1.886617589203673,0,1.3923104756363425,0,1.0733181,0,5.2947333861641965,0,-5.487796,0,0.48793308932802976,0,-10.495690441022948,0,0.0,0,0,4
2020,2023,2024,14,hamilton,mercedes,4.0,6.007159140293289,0,6.294526225435841,0,5.145099881873953,0,7.5904875,0,8.189488401106534,0,-3.7072604,0,5.304367402820549,0,-6.276001892178819,0,0.35929035500297524,0,0,1
2020,2023,2024,14,leclerc,ferrari,2.0,4.990357367823739,0,5.414868331888796,0,4.700446671893439,0,3.956501,0,8.15078054618381,0,-5.1912217,0,4.290716793103686,0,-8.759787882142984,0,0.13701840773494706,0,0,3
2020,2023,2024,14,perez,red_bull,3.0,6.19300490267616,0,5.728287195074919,0,5.646999863403447,0,3.130646,0,8.176014636863032,0,-5.2737503,0,4.4685574439841815,0,-8.427666578201045,0,0.14518356033474267,0,0,7
2020,2023,2024,14,sainz,ferrari,8.0,7.144366147835206,0,6.590542419892915,0,8.074840258457831,0,6.670264,0,9.009267447895082,0,-4.3121066,0,5.054697890212872,0,-7.331625670596726,0,0.3159578392171078,0,0,6
2020,2023,2024,14,ricciardo,rb,13.0,12.778276850052075,0,12.915480599027454,0,12.255796201357596,0,12.294834,0,9.478815598320754,0,-1.7749964,0,11.637355069415078,0,-3.184474837217175,0,0.7602475881288381,0,0,10
2020,2023,2024,14,norris,mclaren,5.0,5.226830618746725,0,6.249056226667988,0,6.102361896710904,0,8.127995,0,8.234794139855557,0,-4.7326508,0,6.334808022645327,0,-7.690698335367903,0,0.23351235259329783,0,0,5
2020,2023,2024,14,albon,williams,11.0,12.489367546620542,0,12.780933192848554,0,11.876371265922751,0,11.381971,0,9.362934434255365,0,-1.8145896,0,12.811467662042448,0,-4.699767959393783,0,0.7132122237952719,0,0,12
2020,2023,2024,14,gasly,alpine,12.0,12.440052559375378,0,11.931790552440127,0,12.526481316887638,0,12.943502,0,9.691762139569404,0,-2.1695008,0,12.812411047277712,0,-5.212799037214166,0,0.6748453457279135,0,0,13
2020,2023,2024,14,kevin_magnussen,haas,17.0,14.620205670421742,0,14.89131238912052,0,9.925673363447252,0,15.355999,0,8.75822014598484,0,-2.7105098,0,15.00240668419977,0,-3.511186659796446,0,0.5848191397279029,0,0,14
2020,2023,2024,14,tsunoda,rb,18.0,14.475023493493188,0,14.69932138918619,0,10.05535835511716,0,14.817064,0,9.140013122426257,0,-1.6456462,0,15.124585101957866,0,-4.9370684657609525,0,0.6931183641838198,0,0,16
2020,2023,2024,14,sargeant,williams,19.0,16.318501085368183,0,15.807118313774936,0,5.631043743348518,0,15.569994,0,8.399892405510696,0,-3.458003,0,13.717535534788158,0,-5.587477546682829,0,0.41154754836228363,0,0,17
2020,2023,2024,14,hulkenberg,haas,16.0,13.81709185859415,0,13.22626793762754,0,11.856367917073548,0,12.404609,0,9.44247196603393,0,-2.1922884,0,14.09439174639347,0,-4.032308338741022,0,0.6721945121478432,0,0,18
2020,2023,2024,14,zhou,sauber,20.0,16.256668844667043,0,16.6002828038258,0,4.43807156123355,0,17.497486,0,7.6236070076263776,0,-2.9829502,0,16.327108783808967,0,-4.933508270306625,0,0.44669489310650995,0,0,19
2020,2023,2024,14,russell,mercedes,7.0,7.761511062299471,0,7.6311723084173515,0,8.989239189734795,0,9.271404,0,9.044436444846012,0,-3.7487152,0,10.435198920848174,0,-7.870752031535847,0,0.44473789196700464,0,0,20
2020,2023,2024,15,stroll,aston_martin,8.0,9.51873899208739,1,9.882125074776779,1,12.804267106942293,1,8.12231,0,9.847666225616486,1,-0.11023866,1,7.916080100155383,0,-2.370507599624646,0,0.927316036508815,1,6,13
2020,2023,2024,15,sainz,ferrari,10.0,7.449011671253121,0,9.144027425136212,0,10.127953319655555,0,9.620213,1,9.8462854295758,0,-1.8291659,0,9.076526780813614,0,-1.717649758033086,1,0.7350080177694741,0,2,5
2020,2023,2024,15,gasly,alpine,9.0,11.119915910547464,0,11.729353271260084,0,12.687697936739912,0,10.853416,0,9.795958579498794,0,-1.976103,0,10.340602070329647,1,-4.60347236375455,0,0.7344027812348758,0,1,9
2020,2023,2024,15,norris,mclaren,1.0,2.5371330502667,0,4.755054110217435,0,2.9430991244060616,0,3.3666012,0,7.285239082614972,0,-5.1456313,0,4.330200659729539,0,-6.144666846310745,0,0.08577805409508538,0,0,1
2020,2023,2024,15,piastri,mclaren,3.0,3.717393129963509,0,6.604163171509118,0,3.976186804488177,0,7.3355074,0,7.724262772168265,0,-4.521285,0,6.142625692740791,0,-9.735955583398958,0,0.12206139107593465,0,0,4
2020,2023,2024,15,leclerc,ferrari,6.0,5.834565539252315,0,7.038358635842048,0,7.756794038791444,0,7.4458375,0,9.079379979950605,0,-3.1201408,0,7.361506595128843,0,-5.567355058767656,0,0.4393338338524789,0,0,3
2020,2023,2024,15,max_verstappen,red_bull,2.0,2.761500101272828,0,2.534644169287383,0,2.5194653460807337,0,0.5740502,0,6.846202744344205,0,-3.9439728,0,-0.3440177142197744,0,-8.43626447595549,0,0.1595229036732262,0,0,2
2020,2023,2024,15,russell,mercedes,4.0,6.760436396212905,0,6.905585928105114,0,7.093536488915246,0,7.06861,0,8.968919384418466,0,-3.2211235,0,4.849643876975172,0,-5.499361605015831,0,0.401868391972803,0,0,7
2020,2023,2024,15,hamilton,mercedes,11.0,7.2786491344763675,0,9.392675146678906,0,8.9824176648373,0,11.602415,0,9.484365044923736,0,-1.0443374,0,10.421450633656674,0,-3.3755169072937767,0,0.7994663531499275,0,0,8
2020,2023,2024,15,alonso,aston_martin,7.0,8.813781840769456,0,8.244048121975379,0,11.546385619065239,0,6.2073703,0,9.571403226491238,0,-1.8282131,0,5.713399606601524,0,-7.651009874055528,0,0.59686015438002,0,0,10
2020,2023,2024,15,hulkenberg,haas,13.0,11.853327655752004,0,12.704712096567077,0,12.44003286835431,0,13.272053,0,9.605673283228311,0,-1.1374686,0,13.940513577433011,0,-4.946914623338268,0,0.7382997820338235,0,0,11
2020,2023,2024,15,perez,red_bull,5.0,5.591622604441682,0,7.3417598915780165,0,7.574157259070527,0,7.5042934,0,8.920458168960588,0,-3.8387594,0,7.5047632776329944,0,-7.153216070817061,0,0.32610173843847606,0,0,6
2020,2023,2024,15,ricciardo,rb,15.0,12.647159212862721,0,13.79700786511153,0,10.783384887276286,0,13.686376,0,8.848015702697221,0,-1.7849712,0,12.531822451051541,0,-5.044443657057499,0,0.6397394169582326,0,0,12
2020,2023,2024,15,albon,williams,10.0,11.42136404711744,0,12.467975753361232,0,12.130356783154987,0,11.656296,0,9.507052645959389,0,-0.43082538,0,13.215444662253812,0,-2.7152918621026845,0,0.8574254358926892,0,0,14
2020,2023,2024,15,ocon,alpine,16.0,13.249183939464453,0,14.195138384967397,0,10.307438353448607,0,14.533948,0,9.501371940760762,0,-1.798608,0,14.997166327469374,0,-4.642138503218152,0,0.6322618335639417,0,0,15
2020,2023,2024,15,sargeant,williams,20.0,16.625808972001728,0,15.768332093918923,0,6.501503484752529,0,15.811424,0,8.227727282437414,0,-2.6098285,0,14.937059987518778,0,-5.502727362580519,0,0.4520427831400952,0,0,16
2020,2023,2024,15,tsunoda,rb,12.0,12.898767197833239,0,13.024497866202834,0,12.496160112229969,0,12.135016,0,9.61402856030627,0,-0.4634148,0,12.160966717896338,0,-4.695872984535503,0,0.8366764460777493,0,0,17
2020,2023,2024,15,kevin_magnussen,haas,14.0,13.545819276410167,0,14.578838443868898,0,10.931282757192063,0,14.532543,0,9.179168706169607,0,-1.4181231,0,13.721617348621812,0,-4.139106129194172,0,0.6944779477016889,0,0,18
2020,2023,2024,15,bottas,sauber,17.0,13.92884699105225,0,15.602977742515707,0,7.531524239405896,0,16.073063,0,8.468419676387061,0,-2.5041134,0,15.639988633189182,0,-4.391313248816558,0,0.49938504146825546,0,0,19
2020,2023,2024,15,zhou,sauber,18.0,16.035298662044518,0,16.680648928028774,0,4.921536835133157,0,17.7168,0,7.28514046565046,0,-3.815711,0,15.358658419961872,0,-5.771254805409924,0,0.271894862533391,0,0,20
2020,2023,2024,16,alonso,aston_martin,11.0,11.697375334617892,1,11.485252715448672,1,13.129862573577945,1,9.513773,1,9.793095154910313,0,-1.0769095,0,9.83106147373223,1,-2.966717032590661,0,0.8761715837807633,0,5,11
2020,2023,2024,16,ricciardo,rb,12.0,12.898106833642885,0,12.08165655917993,0,12.973831094791443,0,12.408398,0,9.904964526254876,1,-0.79980356,0,11.127815700516582,0,-0.4879535067245622,1,0.8974650770704512,1,3,13
2020,2023,2024,16,tsunoda,rb,16.0,15.136115946880286,0,14.750110763838613,0,10.016598552598172,0,13.511369,0,8.714003850982158,0,-0.35749626,1,15.102138708391452,0,-3.5629308604637977,0,0.804921662398155,0,1,20
2020,2023,2024,16,leclerc,ferrari,4.0,4.78577971866473,0,6.710621223208464,0,4.788736125063079,0,7.846258,0,7.934230193831961,0,-4.639669,0,9.741371944067692,0,-8.387821792039373,0,0.23273987747481484,0,0,1
2020,2023,2024,16,sainz,ferrari,5.0,5.646838362258011,0,5.671656014779051,0,5.825949345178679,0,4.9974885,0,7.709565505057868,0,-3.3717058,0,6.857664167737809,0,-7.770561307132412,0,0.3294800866800523,0,0,4
2020,2023,2024,16,norris,mclaren,1.0,2.852391374531339,0,5.46789384453334,0,2.562014913128331,0,6.9587245,0,6.395824335739855,0,-5.2964807,0,7.83645177713034,0,-8.174011858587095,0,0.04802083036702653,0,0,3
2020,2023,2024,16,piastri,mclaren,2.0,3.5342693826473353,0,5.125230051821097,0,3.07534412439046,0,3.8924778,0,7.437572160538669,0,-4.274821,0,5.1368505085881395,0,-9.550021283846542,0,0.1470140792233532,0,0,2
2020,2023,2024,16,hamilton,mercedes,6.0,6.109305236524247,0,6.4038871642524136,0,6.667997598919131,0,5.884625,0,8.513424833717883,0,-3.278161,0,6.623834742024584,0,-8.722115953007176,0,0.34594570121843915,0,0,5
2020,2023,2024,16,perez,red_bull,8.0,7.739845980974891,0,6.673894188242444,0,8.638891028613203,0,5.3537545,0,9.071686399521623,0,-3.0937653,0,5.027527116220207,0,-7.313965694184036,0,0.4158938293976864,0,0,8
2020,2023,2024,16,albon,williams,9.0,11.86219769426615,0,12.482225080167957,0,12.268331573623566,0,12.178465,0,9.584896059898771,0,-2.0743625,0,12.019918740966977,0,-3.3550355745314597,0,0.6731872020658651,0,0,9
2020,2023,2024,16,russell,mercedes,3.0,6.0300027271916985,0,4.806257794174955,0,5.82992561740601,0,3.5370383,0,8.014947893561075,0,-4.5516725,0,5.446031834337534,0,-7.345783906589854,0,0.19601595414894796,0,0,7
2020,2023,2024,16,max_verstappen,red_bull,7.0,5.409960974328807,0,4.976909739001592,0,5.13742607058994,0,4.7653356,0,6.852354511415579,0,-3.9546092,0,4.567626045238954,0,-7.592281250777913,0,0.23292993927266825,0,0,6
2020,2023,2024,16,colapinto,williams,18.0,15.323320376043167,0,15.601180486816713,0,7.983231356773921,0,15.097285,0,8.92952687750498,0,-2.4478245,0,14.267314177352505,0,-5.484750688931543,0,0.5115352408691833,0,0,12
2020,2023,2024,16,kevin_magnussen,haas,13.0,13.753336518211869,0,14.18949811279661,0,11.48178043394996,0,13.975573,0,9.357895209536505,0,-1.6692708,0,13.831210366599626,0,-5.296202221524025,0,0.6598804537436549,0,0,10
2020,2023,2024,16,gasly,alpine,14.0,13.819037373387877,0,13.106637646113525,0,11.333926938571755,0,13.783977,0,9.558857567533478,0,-2.083053,0,13.26513253386143,0,-4.617304426744294,0,0.6269472634842401,0,0,15
2020,2023,2024,16,ocon,alpine,15.0,14.145363343064167,0,13.789483015564947,0,11.380161054155728,0,13.243674,0,9.358007214935514,0,-2.1663635,0,13.532699025852521,0,-3.445246470695792,0,0.6319164016179307,0,0,14
2020,2023,2024,16,bottas,sauber,19.0,15.826598431120203,0,15.668732025302567,0,7.824782050143385,0,15.811367,0,9.05747315011266,0,-2.5823348,0,16.432776650834068,0,-3.572019028107209,0,0.518653549841749,0,0,16
2020,2023,2024,16,hulkenberg,haas,10.0,11.943087253487217,0,11.973026245482934,0,12.730518731879398,0,12.988375,0,9.564868364476029,0,-1.6820282,0,13.996410609049013,0,-3.525599230537028,0,0.7051316098809011,0,0,17
2020,2023,2024,16,zhou,sauber,20.0,16.99964662275442,0,15.503552125883784,0,5.491824142522037,0,15.277392,0,8.061962205083042,0,-3.4764633,0,14.127800201428569,0,-5.625221316195573,0,0.3455177657234238,0,0,18
2020,2023,2024,16,stroll,aston_martin,17.0,14.425465239474772,0,14.893756398482934,0,9.720524173026392,0,16.007948,0,8.007556119739526,0,-2.0153716,0,18.089739433461094,0,-7.619923067758924,0,0.5286836442765223,0,0,19
2020,2023,2024,17,bearman,haas,11.0,10.02271742481143,1,10.803989091339647,0,12.833809020927477,1,11.489825,0,10.19345810442205,1,-1.687029,0,10.984535827225843,0,-2.2823243552016264,0,0.7949786774823767,0,3,10
2020,2023,2024,17,ricciardo,rb,15.0,13.160754748029095,0,13.166042976094143,0,11.880712916267585,0,12.685736,0,9.466431894054871,0,-0.34836546,1,10.746977036096446,0,-1.2077417093479015,1,0.9679998493754041,1,3,13
2020,2023,2024,17,alonso,aston_martin,8.0,10.405348468369045,0,10.17469844356742,1,11.532633784741344,0,9.169988,1,8.921930971358934,0,-1.8252428,0,9.409922822835501,1,-5.017803056393603,0,0.724457652378143,0,3,6
2020,2023,2024,17,piastri,mclaren,2.0,4.740062623589753,0,6.009615954231363,0,3.0292606615611404,0,5.6128874,0,7.538328231136177,0,-4.188095,0,5.4597959976403825,0,-10.349983275651091,0,0.1316483617003002,0,0,1
2020,2023,2024,17,norris,mclaren,16.0,8.430792145190415,0,10.657362535340075,0,8.936154641974754,0,11.053877,0,9.090459982605207,0,-1.5914534,0,12.667765492064762,0,-4.559407882702704,0,0.661849265119758,0,0,4
2020,2023,2024,17,russell,mercedes,5.0,7.473147129514349,0,6.427187152009335,0,7.048502351466933,0,5.5633082,0,8.72834129809422,0,-4.7020826,0,5.685064571329412,0,-6.194207910153162,0,0.2049372854226307,0,0,3
2020,2023,2024,17,leclerc,ferrari,1.0,4.613043029360482,0,6.785081192705527,0,2.751264809480375,0,7.4179215,0,6.056183989295098,0,-4.96164,0,7.151163142091849,0,-9.446466119062483,0,0.04317578104966073,0,0,2
2020,2023,2024,17,albon,williams,10.0,11.476249497978449,0,11.924407789294571,0,12.630918833957779,0,11.425446,0,9.933691049724775,0,-1.3220365,0,11.436035106234531,0,-3.7446850287483553,0,0.7947269236952982,0,0,7
2020,2023,2024,17,colapinto,williams,9.0,12.140579085669074,0,11.687518685195089,0,12.757062095598757,0,12.12797,0,10.113831660198517,0,-1.6841843,0,11.04187087368348,0,-3.6474489237999457,0,0.7694585140754489,0,0,8
2020,2023,2024,17,hamilton,mercedes,7.0,6.8551652249811035,0,6.798691577448706,0,7.785599848013771,0,6.8192425,0,9.065003999346839,0,-2.3467019,0,5.7927351431436325,0,-5.967590273929811,0,0.5152466401242772,0,0,9
2020,2023,2024,17,hulkenberg,haas,13.0,12.878073531639785,0,12.863591052385596,0,11.942708549198843,0,14.445581,0,9.319150504071152,0,-1.5896077,0,11.974834382545708,0,-5.757898330266407,0,0.6999691957317487,0,0,11
2020,2023,2024,17,max_verstappen,red_bull,6.0,5.769934084279191,0,5.0888758886815495,0,4.990900787686678,0,3.8219626,0,8.011002970058769,0,-4.071826,0,2.952134118891539,0,-7.2754648232853905,0,0.21724223513268223,0,0,5
2020,2023,2024,17,gasly,alpine,15.0,13.701164092110925,0,13.41651458160204,0,11.52476949403296,0,13.929829,0,9.030566721351047,0,-2.5223272,0,13.842914309321342,0,-4.420614749792096,0,0.5728394266969422,0,0,12
2020,2023,2024,17,zhou,sauber,18.0,15.420407722421555,0,15.030751044404877,0,6.648760483919105,0,14.39842,0,9.123608345479683,0,-2.5908427,0,13.830740649225481,0,-4.743013587503768,0,0.49139204395408953,0,0,14
2020,2023,2024,17,ocon,alpine,19.0,14.48337306008632,0,14.028324534208929,0,9.347359190932961,0,14.121737,0,9.253304006569413,0,-2.2657683,0,13.750376088343701,0,-3.531656458862219,0,0.5909430164788498,0,0,15
2020,2023,2024,17,bottas,sauber,17.0,13.66315871558686,0,13.748667865450079,0,9.444244890126308,0,12.948811,0,9.422297642360954,0,-1.8630772,0,11.104935207762244,0,-3.377748508524537,0,0.6939851628740532,0,0,16
2020,2023,2024,17,perez,red_bull,4.0,6.432916271561562,0,5.494100802740836,0,5.4984833374742745,0,4.006832,0,8.357574751276998,0,-4.0025973,0,2.885930093646356,0,-6.724956072651756,0,0.2454185828416299,0,0,17
2020,2023,2024,17,sainz,ferrari,3.0,5.79606355005489,0,4.08474322507213,0,4.019610205108339,0,2.5929046,0,8.099825378399508,0,-4.369692,0,0.7718547886684222,0,-8.010426489355147,0,0.151373074034229,0,0,18
2020,2023,2024,17,stroll,aston_martin,14.0,12.60037801478998,0,12.090057937572567,0,11.694671970400613,0,10.9023695,0,9.002623105253218,0,-0.6536182,0,12.877053285379525,0,-4.6976863211209166,0,0.8112892863147734,0,0,19
2020,2023,2024,17,tsunoda,rb,12.0,12.89576344023629,0,12.686858562410071,0,12.550781423805889,0,12.39805,0,9.426895533664819,0,-1.741969,0,12.363467752937945,0,-4.0062895726877334,0,0.7113586296932565,0,0,20
2020,2023,2024,18,stroll,aston_martin,17.0,13.642109811405076,0,11.87366113839863,0,10.735951086166505,0,10.570136,0,9.094370842517012,0,-0.50962245,1,9.92867194606209,1,-1.0083654446319874,0,0.9442135669084527,1,3,14
2020,2023,2024,18,albon,williams,11.0,12.315773050693235,0,11.238352047498568,0,12.812425972458419,1,10.12701,1,10.16970544931482,1,-0.7387523,0,11.295192243890277,0,-2.221992664368721,0,0.876809611837468,0,3,20
2020,2023,2024,18,hulkenberg,haas,6.0,11.165980430947908,0,10.053435160944657,1,11.667146514177364,0,8.62756,0,9.13144062558376,0,-2.5900292,0,10.261015399024984,0,-6.040027106353858,0,0.5824214807578227,0,1,9
2020,2023,2024,18,perez,red_bull,13.0,9.750834356435146,1,9.276722289837192,0,9.891346388787914,0,10.420502,0,9.186952862672555,0,-2.9272048,0,7.821502886981049,0,-6.856323526018432,0,0.44494792359518087,0,1,10
2020,2023,2024,18,ricciardo,rb,16.0,13.832355916792435,0,12.536646715232107,0,11.24264487290148,0,12.675888,0,9.559777007140832,0,-1.1500037,0,11.769816849619925,0,-0.0100980441166241,1,0.8191483835310487,0,1,18
2020,2023,2024,18,piastri,mclaren,5.0,5.774384117624204,0,6.675149909401779,0,3.9979610921658626,0,7.1427636,0,7.886910212342533,0,-3.9278302,0,8.579335115075242,0,-8.889708378481595,0,0.19486224208743805,0,0,3
2020,2023,2024,18,max_verstappen,red_bull,2.0,4.966765117303119,0,5.1243856144230255,0,2.8252155942558264,0,4.9962244,0,6.901848444431937,0,-4.7541685,0,5.4508851009913935,0,-9.155102043756472,0,0.025625832624001966,0,0,2
2020,2023,2024,18,norris,mclaren,1.0,4.620029844873933,0,4.716364244032441,0,2.409355160707796,0,3.9874241,0,5.784686296716905,0,-4.371753,0,2.164060124215017,0,-9.083280569545492,0,0.05260519703691401,0,0,1
2020,2023,2024,18,russell,mercedes,4.0,7.5033584045558435,0,6.860297178251069,0,5.922103184464935,0,7.981883,0,8.671591953487326,0,-4.240591,0,8.65921844589832,0,-8.673441268411567,0,0.19271559050639328,0,0,4
2020,2023,2024,18,alonso,aston_martin,7.0,10.76167762748874,0,8.961964975661013,0,10.67563890550078,0,9.318941,0,9.196998410113686,0,-1.63901,0,8.365321875295217,0,-5.030372479997216,0,0.6653160942330991,0,0,8
2020,2023,2024,18,leclerc,ferrari,9.0,6.998900542659344,0,7.133105090385288,0,5.679091715635752,0,7.403798,0,8.772451247108085,0,-3.4857223,0,8.359412321498812,0,-8.085645297880003,0,0.29564953963989693,0,0,5
2020,2023,2024,18,hamilton,mercedes,3.0,6.497879646187046,0,6.710035324595805,0,4.789505000801443,0,10.185387,0,8.35710322974545,0,-4.61118,0,9.116979892439442,0,-9.05488470875818,0,0.12995598466105435,0,0,6
2020,2023,2024,18,tsunoda,rb,8.0,12.573870077743273,0,12.626778151968297,0,11.026770182982638,0,11.572122,0,9.51092920252373,0,-2.3838093,0,12.807524530163843,0,-4.613780283571241,0,0.5662100743287853,0,0,12
2020,2023,2024,18,colapinto,williams,12.0,13.585383049853057,0,11.931950264605593,0,12.799735394349268,0,12.007824,0,9.533657779982663,0,-2.3891063,0,10.555594678170069,0,-4.472368687159429,0,0.6364445884205875,0,0,11
2020,2023,2024,18,sainz,ferrari,10.0,8.321774966636045,0,7.1399888137366005,0,8.877300778383175,0,8.54194,0,9.574142948731977,0,-4.127506,0,7.204133358552272,0,-5.079294262481906,0,0.2954534577174659,0,0,7
2020,2023,2024,18,ocon,alpine,15.0,13.977948948485466,0,12.842519370885576,0,11.70042325477457,0,12.648041,0,9.348063755470976,0,-1.4399658,0,12.927302627307187,0,-3.140801232121473,0,0.7228384159730997,0,0,13
2020,2023,2024,18,bottas,sauber,19.0,14.429842766305812,0,13.684583636918141,0,8.285670894050835,0,13.419012,0,9.196471829539513,0,-2.4999013,0,12.391494288311405,0,-3.1330020857620817,0,0.5363972862261571,0,0,16
2020,2023,2024,18,zhou,sauber,20.0,15.288265233763074,0,14.816893487282583,0,5.699459188030655,0,15.25619,0,8.505591796325163,0,-2.3457677,0,14.252985993157798,0,-4.903364446223954,0,0.47434340424927224,0,0,15
2020,2023,2024,18,gasly,alpine,18.0,14.207608389136016,0,13.034682661208901,0,10.943848308244693,0,13.155117,0,9.36318724868851,0,-2.4742727,0,12.169842968114942,0,-4.811324566836472,0,0.5543369396253305,0,0,17
2020,2023,2024,18,kevin_magnussen,haas,14.0,13.35981406504186,0,13.665120565229323,0,11.849334489267475,0,13.508011,0,9.398020240495542,0,-0.9689275,0,13.606299515257245,0,-3.34329835043413,0,0.7813187857398215,0,0,19
2020,2023,2024,19,tsunoda,rb,11.0,12.403552264757042,0,12.614641836135027,0,11.706828558548334,0,10.397752,0,10.261659906341364,1,-2.1367152,0,10.988482803355243,0,-2.1094510532068695,1,0.745778215773196,0,2,14
2020,2023,2024,19,albon,williams,16.0,13.640554241887415,0,12.842545766410586,0,11.560867752321036,0,13.180411,0,9.640532585940012,0,-0.61326146,1,13.26199772976564,0,-3.695546493287772,0,0.8682496599341674,1,2,16
2020,2023,2024,19,gasly,alpine,7.0,11.691434914996632,0,10.980277629162298,0,11.58860962146114,0,10.347936,1,9.331372251445881,0,-2.1518645,0,9.891947495596016,1,-2.1298473825468034,0,0.7825336867248917,0,2,12
2020,2023,2024,19,hulkenberg,haas,12.0,12.805006851700895,0,11.339414964467025,0,12.379723943655003,1,11.667661,0,9.412355065926976,0,-2.6279922,0,12.109443488113428,0,-5.295886480219295,0,0.6020806817756519,0,1,8
2020,2023,2024,19,hamilton,mercedes,19.0,10.472354110466442,1,10.546402549205952,0,10.249216538822376,0,9.43703,0,9.23795469809889,0,-1.7853732,0,9.319515264637884,0,-2.1523606371405504,0,0.7702920466378463,0,1,20
2020,2023,2024,19,alonso,aston_martin,8.0,10.982031490917812,0,10.46985485267531,1,11.345444780033077,0,10.874794,0,9.484748908821626,0,-2.1655653,0,12.60616331424109,0,-6.478824874124766,0,0.6202538001262086,0,1,13
2020,2023,2024,19,sainz,ferrari,3.0,6.025586104647248,0,5.579127708449837,0,4.604222421482425,0,7.1858635,0,8.37060997643604,0,-5.0893145,0,8.977267516831677,0,-7.968347845555961,0,0.14259073240521547,0,0,2
2020,2023,2024,19,leclerc,ferrari,4.0,5.887966862593375,0,7.154446344722971,0,4.226066150232457,0,5.5496087,0,8.008425658466042,0,-3.5518994,0,6.702627742236643,0,-8.9656362056107,0,0.27801215429592463,0,0,1
2020,2023,2024,19,norris,mclaren,1.0,4.255020493679305,0,4.596529949492441,0,2.0563321191187645,0,5.572901,0,5.836047900116492,0,-5.095871,0,4.941942108033077,0,-9.925577685311861,0,0.0016649235839187797,0,0,4
2020,2023,2024,19,max_verstappen,red_bull,2.0,4.5254307552908495,0,4.900069017287693,0,2.1563662878009704,0,2.7096179,0,6.368381963807349,0,-4.6599193,0,4.418834417550533,0,-9.806943490067418,0,0.06485416182551684,0,0,3
2020,2023,2024,19,russell,mercedes,6.0,7.798326197604473,0,7.253492281685801,0,7.701715779740481,0,7.4404826,0,8.922496371351228,0,-3.943039,0,8.024313775861147,0,-7.043521130956746,0,0.3343291935191232,0,0,6
2020,2023,2024,19,piastri,mclaren,5.0,6.086308351201997,0,6.235183682554692,0,5.061186870098848,0,6.764639,0,8.315475259361484,0,-3.5124264,0,6.366771969055624,0,-8.425317289655332,0,0.30563951495825353,0,0,5
2020,2023,2024,19,kevin_magnussen,haas,9.0,12.529672853243024,0,12.30623118166509,0,11.983688705327449,0,13.1015625,0,9.407329016034364,0,-1.8090355,0,12.264882569360054,0,-5.185628797991754,0,0.7010164395330062,0,0,11
2020,2023,2024,19,colapinto,williams,17.0,15.00408052781795,0,13.398692212603269,0,11.354400048437945,0,13.34283,0,9.69732792684979,0,-1.7826475,0,13.465999088520215,0,-3.3376582230933427,0,0.7221152793379296,0,0,10
2020,2023,2024,19,lawson,rb,15.0,14.345452356574764,0,13.396944196796465,0,11.210441547889467,0,15.055705,0,9.214271353525437,0,-1.3518515,0,14.198539726253847,0,-3.2849509104758194,0,0.7668015629605617,0,0,9
2020,2023,2024,19,perez,red_bull,10.0,8.722629520650994,0,8.68526583139212,0,9.890531363403216,0,7.5044646,0,8.565092114752673,0,-3.1370335,0,7.966949609362455,0,-7.567393105273878,0,0.45313835907359623,0,0,7
2020,2023,2024,19,stroll,aston_martin,14.0,12.903131571316571,0,11.459560458382553,0,11.58736161714881,0,11.041691,0,9.067117235544343,0,-2.0700564,0,11.04468456609031,0,-3.5471700270336557,0,0.7117377475472334,0,0,15
2020,2023,2024,19,bottas,sauber,18.0,14.185364466888506,0,13.590276995495183,0,9.068736331681494,0,13.765835,0,9.238848367029492,0,-1.5665349,0,11.984414780774996,0,-2.538664966185661,0,0.7418108321926564,0,0,17
2020,2023,2024,19,ocon,alpine,13.0,13.343944283969853,0,12.452360363943619,0,12.019573900758516,0,12.182347,0,9.738841597708513,0,-1.907117,0,11.885891848210267,0,-3.2282396770415747,0,0.733456717595075,0,0,18
2020,2023,2024,19,zhou,sauber,20.0,15.467703202898381,0,14.674944784027154,0,7.41186741172476,0,14.84241,0,8.457131157892631,0,-1.385887,0,14.242842478595353,0,-3.555698212352174,0,0.6965958868093298,0,0,19
2020,2023,2024,20,kevin_magnussen,haas,7.0,11.357935059760635,0,10.755384873111433,0,11.932535943585055,0,10.498654,1,9.648237498566726,0,-1.4570316,0,10.458155504119887,1,-4.674525663061799,0,0.7690307442139179,0,2,7
2020,2023,2024,20,alonso,aston_martin,13.0,12.481796365347524,0,11.742414475716933,0,12.591116065742533,0,11.633901,0,9.85827144229933,0,-0.20905066,1,11.194110885259072,0,-4.085648572529945,0,0.9047948109274473,1,2,18
2020,2023,2024,20,piastri,mclaren,17.0,9.51778086768563,1,10.67652153517864,1,8.697900109098205,0,11.733,0,9.218201701743322,0,-2.4227705,0,8.516535539018754,0,-4.058261950586162,0,0.566042947417577,0,2,8
2020,2023,2024,20,hulkenberg,haas,10.0,11.857686766560319,0,11.359154403842133,0,13.047937010550744,1,11.513142,0,9.537578457405624,0,-0.97036326,0,12.616351620028048,0,-2.9844514013294496,0,0.8001218986571784,0,1,9
2020,2023,2024,20,bottas,sauber,15.0,14.003098821496529,0,13.481930709583402,0,10.473653654813875,0,13.48247,0,9.385616336834735,0,-1.1268063,0,12.631540514968675,0,-0.4684553384784966,1,0.77903726338988,0,1,14
2020,2023,2024,20,albon,williams,9.0,11.64165898081919,0,12.137651695269232,0,12.548019269902298,0,12.355357,0,10.210543873236345,1,-1.5203235,0,11.989667795513842,0,-3.4436754955362767,0,0.7356052454968721,0,1,19
2020,2023,2024,20,norris,mclaren,3.0,4.023396211217782,0,5.350835654804846,0,2.839346343280559,0,6.859744,0,7.137284477866544,0,-4.7667913,0,4.673985958872832,0,-10.29476425360293,0,0.055471420329270604,0,0,2
2020,2023,2024,20,sainz,ferrari,1.0,3.9164762902827857,0,4.234624878262019,0,3.2675701882619776,0,4.6540174,0,5.487425634567899,0,-4.839785,0,4.448288068254661,0,-8.400745076476952,0,0.06024482696831418,0,0,1
2020,2023,2024,20,hamilton,mercedes,6.0,6.741333294276919,0,6.728528220370501,0,8.24603279627435,0,7.0192466,0,9.051252224624825,0,-3.2883143,0,4.877881043989526,0,-7.5912516532632255,0,0.3658349631106211,0,0,4
2020,2023,2024,20,leclerc,ferrari,4.0,4.462697660586312,0,6.542272082188533,0,3.804212014123826,0,6.305659,0,7.986284700014654,0,-3.8180423,0,7.801167782021058,0,-9.117683771511675,0,0.2342275570606938,0,0,3
2020,2023,2024,20,russell,mercedes,5.0,6.730780863454876,0,6.919789386412548,0,7.4540834377888245,0,7.6258116,0,8.910386148751645,0,-2.3231587,0,7.909349827963011,0,-3.959739518913967,0,0.5474327710693011,0,0,5
2020,2023,2024,20,max_verstappen,red_bull,2.0,3.4057894091796275,0,3.3640663038402954,0,2.2633956319518393,0,0.6329517,0,5.8888107840856065,0,-4.84915,0,-0.2058135249044417,0,-11.040412672206259,0,0.004046813478430053,0,0,6
2020,2023,2024,20,colapinto,williams,16.0,15.377401647495233,0,14.248771518122966,0,10.68382473208236,0,15.199737,0,9.059279469455912,0,-1.2936846,0,14.782221724211801,0,-3.1371477314113894,0,0.7055672944867292,0,0,12
2020,2023,2024,20,stroll,aston_martin,14.0,13.518182900616736,0,12.442458476773774,0,11.62581143418309,0,13.572395,0,9.224096091947585,0,-1.7496529,0,12.514609291176452,0,-3.968406701366879,0,0.670135530398721,0,0,11
2020,2023,2024,20,gasly,alpine,8.0,11.403341256941621,0,12.514626998743877,0,11.911595989491088,0,13.908819,0,9.506249205642366,0,-1.3248035,0,13.716130687432988,0,-1.781510766135835,0,0.7470647950852453,0,0,10
2020,2023,2024,20,ocon,alpine,19.0,15.629440259988119,0,15.672665923044654,0,8.605738847667435,0,17.385695,0,8.814034648333452,0,-2.2290394,0,15.990579086955817,0,-4.673170195034905,0,0.5348498726739705,0,0,13
2020,2023,2024,20,lawson,rb,12.0,13.215473071638128,0,11.893374877446306,0,12.65254479375709,0,12.283022,0,9.87305548513263,0,-1.554791,0,12.097957235921951,0,-3.144883439948911,0,0.7315135252794669,0,0,16
2020,2023,2024,20,zhou,sauber,20.0,16.78022206916487,0,16.56212517020339,0,5.022913749697114,0,16.325506,0,7.133490287580668,0,-3.051989,0,15.39341837696683,0,-4.402569228199388,0,0.37488996325088914,0,0,15
2020,2023,2024,20,perez,red_bull,18.0,11.896073645728634,0,11.590719517238599,0,10.465005625031052,0,12.60084,0,8.940380875716897,0,-1.9812765,0,12.44757502085449,0,-6.54597234027499,0,0.5894270112835261,0,0,17
2020,2023,2024,20,tsunoda,rb,11.0,12.930741838381923,0,14.129215750265272,0,11.099583142461048,0,14.527156,0,10.023201748048033,0,-1.1455796,0,13.979256140015064,0,-5.446152739518751,0,0.7122833543893273,0,0,20
2020,2023,2024,21,ocon,alpine,4.0,9.795432963099387,0,11.768545180162016,0,10.512621654730397,0,12.807215,0,9.346618308098435,0,-1.2938664,1,11.735840351949198,0,-2.6375067440944386,1,0.9101081406897339,1,3,2
2020,2023,2024,21,sainz,ferrari,14.0,8.534087499541013,0,10.09979991314247,1,8.359877233001171,0,10.796279,0,9.124298475465464,0,-3.2881312,0,10.19219088046295,1,-6.8777832085331,0,0.39990750993471313,0,2,16
2020,2023,2024,21,alonso,aston_martin,9.0,10.970763447799722,0,10.334732183565196,0,12.227341375847267,1,10.499947,0,9.591151650141843,1,-2.9560866,0,8.113476571087688,0,-4.862916949275545,0,0.5199897188626843,0,2,14
2020,2023,2024,21,perez,red_bull,13.0,10.150259480076071,0,10.423278732288713,0,10.467653925924756,0,10.447412,1,9.398068374913262,0,-3.3417726,0,9.730955067420519,0,-5.534782005302864,0,0.44934691077205974,0,1,11
2020,2023,2024,21,hamilton,mercedes,16.0,10.063337936592456,1,10.162436041922282,0,10.21707708737174,0,11.995136,0,9.426549645385554,0,-2.5645294,0,11.079980921767742,0,-4.796392283400333,0,0.5927472821591119,0,1,10
2020,2023,2024,21,russell,mercedes,2.0,5.951279606001903,0,6.784853249615303,0,5.034049567422485,0,6.271759,0,8.466012597466928,0,-3.0948236,0,5.328034924957975,0,-6.983990871297943,0,0.295738506386298,0,0,4
2020,2023,2024,21,max_verstappen,red_bull,12.0,7.30120964156286,0,8.926234629261252,0,7.568114456343289,0,7.5163984,0,9.093904546838422,0,-3.0812757,0,6.913584563865566,0,-6.748508470100046,0,0.3584386341352562,0,0,1
2020,2023,2024,21,gasly,alpine,15.0,13.469232454598707,0,13.448701898679877,0,11.002976487800034,0,14.722522,0,9.583851366600689,0,-1.8664029,0,13.417264898373466,0,-4.843332576732674,0,0.7229786990816192,0,0,3
2020,2023,2024,21,piastri,mclaren,8.0,6.725651995558378,0,8.497305808069978,0,7.666902918803278,0,8.69241,0,8.939345140577137,0,-2.237332,0,6.811944105142884,0,-6.219171859002065,0,0.5530878880911398,0,0,8
2020,2023,2024,21,tsunoda,rb,3.0,10.19069140043002,0,10.718950864241702,0,9.730398912677032,0,11.734802,0,9.184179693850187,0,-2.6017187,0,9.004848483708972,0,-4.594643515662598,0,0.582179111137244,0,0,7
2020,2023,2024,21,leclerc,ferrari,6.0,6.057068442178195,0,8.343611582108299,0,5.763162353644204,0,9.340489,0,8.890893377297957,0,-2.0654204,0,8.716329153063946,0,-5.290733054274151,0,0.6113587166815456,0,0,5
2020,2023,2024,21,norris,mclaren,1.0,3.301877188282387,0,3.8017978929893856,0,2.361203184810004,0,4.1342335,0,5.964884787398635,0,-3.9321785,0,1.9142189778057355,0,-7.753847895444948,0,0.01492365641101316,0,0,6
2020,2023,2024,21,bearman,haas,17.0,14.081166327337314,0,13.811975675297422,0,10.826922939205698,0,14.39126,0,9.230973651316393,0,-2.5063503,0,15.47271581621614,0,-6.4355771312529795,0,0.5279810707581832,0,0,12
2020,2023,2024,21,lawson,rb,5.0,10.860497502401577,0,11.756070629534813,0,10.453820697199584,0,13.203032,0,9.066732360304625,0,-2.30032,0,11.706210061986027,0,-5.142023427225014,0,0.6254927971270302,0,0,9
2020,2023,2024,21,bottas,sauber,11.0,11.894027552594489,0,13.232714982216262,0,10.971140666529497,0,13.616047,0,9.39385199190515,0,-1.778233,0,14.094907727848263,0,-3.4009375563623996,0,0.7712511170660887,0,0,13
2020,2023,2024,21,zhou,sauber,20.0,16.10503527540328,0,16.423547128599896,0,4.83683513043731,0,17.660814,0,8.021092564549962,0,-3.562524,0,17.599801553179343,0,-8.350677697753461,0,0.1437233341481455,0,0,15
2020,2023,2024,21,colapinto,williams,18.0,15.915556932766135,0,14.394650050231332,0,8.829952529859364,0,15.091163,0,8.973669604256235,0,-2.442684,0,15.897972858678003,0,-6.486839131109552,0,0.5069498625472766,0,0,17
2020,2023,2024,21,albon,williams,7.0,11.349429872759009,0,12.300302533144688,0,11.114258849565573,0,12.652573,0,9.590241174309998,0,-1.5412819,0,11.562146174516272,0,-3.0264997899584865,0,0.8619430521380939,0,0,18
2020,2023,2024,21,stroll,aston_martin,10.0,11.657060019681705,0,11.684247294472037,0,11.985234624076035,0,11.551622,0,9.384189972996705,0,-2.612839,0,12.85753188169168,0,-4.622463010615104,0,0.5827256566936212,0,0,19
2020,2023,2024,21,hulkenberg,haas,19.0,15.071444961613516,0,13.805563025193594,0,10.976864234813453,0,13.706619,0,9.243615194409148,0,-3.0333903,0,15.758423910390652,0,-6.186883128665754,0,0.42153225238702485,0,0,20
2020,2023,2024,22,alonso,aston_martin,17.0,12.258277800373799,0,11.48356133216157,0,11.867287971787801,0,11.680903,0,9.63583522900737,0,-1.3708851,1,9.480035010392099,1,-5.211664398289886,0,0.9088929704911957,1,3,11
2020,2023,2024,22,perez,red_bull,16.0,10.205642188652096,1,10.527254050822002,1,11.476684871716014,0,8.591351,0,9.449409995194749,0,-1.888149,0,7.901919744163674,0,-3.524616635774469,0,0.7881115498751889,0,2,10
2020,2023,2024,22,tsunoda,rb,7.0,11.11851269360445,0,10.754804093814265,0,10.86784595044705,0,9.916764,1,9.247596315280472,0,-1.9399284,0,11.097516282777171,0,-3.541345910461121,0,0.7937292363602869,0,1,9
2020,2023,2024,22,hulkenberg,haas,9.0,11.744860341929048,0,11.56839246138075,0,12.675023468386696,1,11.739304,0,9.457588629286787,0,-2.1758635,0,12.219736448737216,0,-3.830618702184638,0,0.7499521943914329,0,1,8
2020,2023,2024,22,ocon,alpine,11.0,10.711194212373139,0,11.105791034644724,0,12.560631573034684,0,10.850538,0,10.08184290726996,1,-1.5920959,0,12.308223945779575,0,-4.188485720833511,0,0.847362051640203,0,1,17
2020,2023,2024,22,stroll,aston_martin,20.0,14.632192453566518,0,12.442218563926831,0,10.379396980981017,0,12.61711,0,9.594264568748269,0,-1.6017866,0,11.182330102229034,0,-1.7051290879382508,1,0.8827236211674413,0,1,15
2020,2023,2024,22,hamilton,mercedes,10.0,7.522533785005495,0,7.5273852781504935,0,9.984735137549665,0,6.4920335,0,9.325710211603106,0,-3.8170075,0,7.633228662331124,0,-5.508754123552367,0,0.39349761863440297,0,0,2
2020,2023,2024,22,russell,mercedes,1.0,5.282628622840127,0,7.449682647761652,0,3.435713266810539,0,7.030982,0,7.517656602642086,0,-3.5414722,0,6.453568878593652,0,-6.405293900217594,0,0.27840989378775544,0,0,1
2020,2023,2024,22,leclerc,ferrari,4.0,4.932962362978157,0,4.898914579781803,0,4.225935042793508,0,2.2751803,0,8.225077537867994,0,-3.9849143,0,2.6628216668323796,0,-7.551131838237164,0,0.1859643631264806,0,0,4
2020,2023,2024,22,sainz,ferrari,2.0,5.1492644295146635,0,5.76558377592762,0,4.536426796587241,0,5.607595,0,8.600165923469085,0,-4.7673755,0,6.244242338604532,0,-5.623040407827119,0,0.1203568383203403,0,0,3
2020,2023,2024,22,piastri,mclaren,8.0,6.484156496217394,0,7.653294824435425,0,8.092720993076272,0,7.644545,0,9.024720162609341,0,-3.398159,0,6.019455486658146,0,-5.077114111826532,0,0.4218081041850925,0,0,7
2020,2023,2024,22,norris,mclaren,6.0,6.0069285370952885,0,6.473939049884356,0,5.920466791922741,0,6.888979,0,8.583945570344689,0,-3.3445785,0,3.1485547033368384,0,-7.454268807941695,0,0.3287910370419083,0,0,6
2020,2023,2024,22,kevin_magnussen,haas,12.0,12.319759196863373,0,13.120397394725387,0,12.605867920027862,0,13.177334,0,9.373602723777974,0,-1.7047386,0,14.429409450247292,0,-5.232468010417895,0,0.7758292203894563,0,0,12
2020,2023,2024,22,max_verstappen,red_bull,5.0,4.730879819486578,0,5.440833678034026,0,4.023284466987813,0,1.961509,0,7.032119163616676,0,-4.437543,0,2.6315685916411438,0,-8.696150104569695,0,0.06457628157909923,0,0,5
2020,2023,2024,22,colapinto,williams,14.0,14.553808375998212,0,13.002664638945207,0,11.632952394791053,0,12.777474,0,9.572960352209341,0,-1.9843813,0,12.033203239413332,0,-3.9976069603952546,0,0.7678226271810952,0,0,14
2020,2023,2024,22,zhou,sauber,13.0,13.95365035011299,0,14.539741981891494,0,10.021822337371415,0,14.628654,0,9.247720401707328,0,-2.4091113,0,14.562575825714086,0,-2.4556776259089106,0,0.6713672051726822,0,0,13
2020,2023,2024,22,lawson,rb,15.0,13.413091519912744,0,13.06468968586944,0,11.127253036085534,0,12.3560505,0,9.39998164052116,0,-1.4077696,0,12.699811025594892,0,-4.005414236585457,0,0.843645640349233,0,0,16
2020,2023,2024,22,bottas,sauber,19.0,14.06091198065382,0,13.905615186477094,0,8.195779196631612,0,13.739974,0,9.442655924070547,0,-1.3882899,0,12.585137191248517,0,-2.664888549630557,0,0.8311851665405614,0,0,18
2020,2023,2024,22,albon,williams,18.0,14.05510564227983,0,13.566290004807648,0,9.621477279701011,0,13.176461,0,9.471010768317154,0,-2.4150536,0,12.245476559480243,0,-4.100669487408144,0,0.6567525988741084,0,0,19
2020,2023,2024,22,gasly,alpine,3.0,8.48975726856596,0,9.211149412530386,0,8.479411043797315,0,8.027641,0,9.09717990734955,0,-2.789464,0,6.650371714886617,0,-4.8140303435041565,0,0.5418533595040026,0,0,20
2020,2023,2024,23,stroll,aston_martin,15.0,13.058442476622957,0,12.491316282274557,0,11.383296075641898,0,13.760223,0,9.370137223334579,0,0.36280343,1,11.946025388398853,0,-0.6218218657386013,1,0.9342803071322485,1,3,18
2020,2023,2024,23,gasly,alpine,11.0,11.555041399237423,0,11.793953250292274,0,12.738242384693697,1,11.462239,0,10.397989913523604,1,-1.4027979,0,13.445298008402267,0,-4.461265355077042,0,0.6878812704690946,0,2,5
2020,2023,2024,23,alonso,aston_martin,8.0,10.138679170263346,1,10.490050537318801,1,11.893228608086133,0,8.033277,0,9.343714767914472,0,-2.2060428,0,8.175350222056606,0,-5.606353196713743,0,0.595451384237319,0,2,7
2020,2023,2024,23,russell,mercedes,2.0,5.217254259014912,0,7.167123122163172,0,4.119296915955996,0,8.983569,1,7.4101759319566645,0,-4.667239,0,7.676256107387061,0,-8.596489223652519,0,0.14910717946042762,0,1,4
2020,2023,2024,23,bottas,sauber,13.0,12.413412450642372,0,13.015593532581825,0,11.629937011517248,0,13.0502,0,9.353588453481443,0,-0.93653667,0,11.052687518186788,1,-2.4518091210425226,0,0.8079454965607867,0,1,11
2020,2023,2024,23,piastri,mclaren,4.0,5.274092868172781,0,7.523248390457012,0,5.205600287144576,0,8.326125,0,8.520881177171496,0,-4.712377,0,5.927309611228342,0,-7.409485364893234,0,0.16016411128750696,0,0,3
2020,2023,2024,23,max_verstappen,red_bull,1.0,2.770977911451931,0,4.333302491363438,0,2.104293683180345,0,2.3184707,0,5.5661452242290546,0,-4.7520876,0,2.051632328935636,0,-10.7914988666257,0,0.015949549409668792,0,0,1
2020,2023,2024,23,leclerc,ferrari,5.0,4.661623626251528,0,5.598098467066344,0,5.12687101794107,0,5.6806345,0,7.634960162719856,0,-4.051816,0,3.748207417909281,0,-7.783879502479733,0,0.20189039202037884,0,0,2
2020,2023,2024,23,zhou,sauber,12.0,12.616071159016327,0,13.367058139174258,0,11.226449935019719,0,12.693003,0,9.502320141258476,0,-1.7730806,0,13.58691489744894,0,-2.5518474982930406,0,0.6435800478832149,0,0,8
2020,2023,2024,23,kevin_magnussen,haas,10.0,11.966354293367495,0,12.002892108387707,0,12.612406160431556,0,11.137177,0,9.43687665247084,0,-1.0463507,0,12.793187513282502,0,-3.9306173184550053,0,0.7326868154501932,0,0,9
2020,2023,2024,23,norris,mclaren,3.0,3.884775498993659,0,5.087573261313879,0,3.209923390426901,0,5.6393003,0,7.35658551041775,0,-4.896816,0,2.1874588908102304,0,-9.021754602255857,0,0.058020134861077155,0,0,10
2020,2023,2024,23,sainz,ferrari,7.0,6.121235146633635,0,6.457639821356847,0,6.930108298065448,0,4.6673036,0,8.911350806275735,0,-3.3732412,0,1.9796714815840393,0,-7.989595070552368,0,0.3026854667095054,0,0,6
2020,2023,2024,23,hamilton,mercedes,6.0,5.885598670398031,0,6.985506393465853,0,7.76690183691162,0,6.945894,0,8.762179561794175,0,-4.191816,0,8.632776956165898,0,-6.278772286631464,0,0.32641150126559765,0,0,12
2020,2023,2024,23,tsunoda,rb,14.0,13.336112752390244,0,13.74854780710674,0,11.766988318066357,0,13.861811,0,9.461668616755947,0,-1.3704549,0,14.773809853127254,0,-5.0078892249690465,0,0.6483409394561035,0,0,13
2020,2023,2024,23,albon,williams,16.0,14.820879266896428,0,13.913877637463163,0,9.56428005548123,0,13.518824,0,9.41041570284215,0,-1.9385892,0,12.757890618823913,0,-2.4650209647449723,0,0.6157549939857467,0,0,15
2020,2023,2024,23,lawson,rb,17.0,14.966096060256367,0,14.04366161093188,0,9.477771181708585,0,14.304212,0,9.273245169877168,0,-2.1722023,0,15.59702244210514,0,-5.149673679479886,0,0.5211635590733044,0,0,14
2020,2023,2024,23,hulkenberg,haas,18.0,14.451392164327654,0,13.301250134136337,0,11.215878454867447,0,13.7205515,0,9.340304244279611,0,-1.9034467,0,13.691352289536882,0,-7.47653668652723,0,0.5572705629323329,0,0,16
2020,2023,2024,23,perez,red_bull,9.0,8.059384809201898,0,8.278494551702586,0,10.493040859005205,0,5.615517,0,9.091113597302874,0,-3.073191,0,6.004806044619543,0,-5.824142190713819,0,0.43794815437624185,0,0,17
2020,2023,2024,23,colapinto,williams,19.0,16.24305045461114,0,15.058101760119303,0,8.232179166989566,0,15.644162,0,8.644197740048812,0,-2.8985188,0,17.09276217796472,0,-7.167402120510845,0,0.38388616756111316,0,0,19
2020,2023,2024,23,ocon,alpine,20.0,14.638248361536311,0,14.420069281508368,0,9.991930723815408,0,14.149521,0,9.658755068511585,0,-2.0341287,0,14.07587377609209,0,-3.5763017715590553,0,0.5804697371643208,0,0,20
2020,2023,2024,24,stroll,aston_martin,13.0,13.251662273201458,0,11.870284669487612,0,11.327521426524847,0,12.448288,0,9.419528229728254,0,-1.1884923,0,10.551381677765855,1,-2.1798209708605425,0,0.9381641207375309,1,2,14
2020,2023,2024,24,bottas,sauber,9.0,11.638646246572609,0,12.568604620292602,0,11.98219716401636,0,13.90904,0,9.1562675450441,0,-1.170378,1,14.242823562191715,0,0.7422219787428671,1,0.9017479524920885,0,2,18
2020,2023,2024,24,alonso,aston_martin,8.0,10.427724387695779,0,10.612480095149422,1,12.177418015187866,0,10.765643,0,9.77582779492581,0,-2.7597563,0,12.05434716655325,0,-4.945609186268208,0,0.6248644705890111,0,1,9
2020,2023,2024,24,gasly,alpine,6.0,9.779963737678719,0,9.357468147204074,0,11.403937870180172,0,9.940162,1,9.558240918414825,0,-2.6728175,0,8.983424555120443,0,-5.153897358703535,0,0.6514729645005505,0,1,7
2020,2023,2024,24,kevin_magnussen,haas,15.0,14.409841001111165,0,13.462475684605515,0,11.805276724857807,0,12.799478,0,9.859679854653985,1,-1.3586283,0,11.165360789892057,0,-4.304501037948024,0,0.8638062672055298,0,1,16
2020,2023,2024,24,perez,red_bull,10.0,9.938416952414045,1,7.964164823009218,0,10.680145803513401,0,6.7718854,0,9.022530361915267,0,-3.4300401,0,4.342400162577181,0,-4.609002626511979,0,0.4621293017408488,0,1,20
2020,2023,2024,24,tsunoda,rb,11.0,11.99481428771811,0,12.674396613495338,0,12.213578479980892,1,12.238725,0,9.790059803915542,0,-1.5646247,0,12.154577779837991,0,-3.201233835478822,0,0.8260382194115857,0,1,12
2020,2023,2024,24,norris,mclaren,1.0,3.156955772809188,0,5.755983567456959,0,2.925942173352102,0,3.8704133,0,6.810968661579826,0,-4.9863567,0,4.150907853140029,0,-8.784175191154581,0,0.021290584948524476,0,0,1
2020,2023,2024,24,hamilton,mercedes,18.0,11.925535861816996,0,11.315896587815839,0,10.372467220491188,0,12.160094,0,8.983588613895064,0,-2.861781,0,13.55176944542772,0,-3.5932046140918605,0,0.5685024357713653,0,0,4
2020,2023,2024,24,leclerc,ferrari,14.0,8.90142428534279,0,7.045828799443755,0,8.208982534976528,0,7.69148,0,9.53158172823653,0,-2.4877768,0,6.54947998128862,0,-5.185286455230243,0,0.5786878084025846,0,0,3
2020,2023,2024,24,sainz,ferrari,3.0,4.627973956702556,0,5.903763581443887,0,4.739420007870761,0,6.7869315,0,8.007601857426614,0,-4.922235,0,4.637568685718268,0,-8.46848844529276,0,0.08228443317380502,0,0,2
2020,2023,2024,24,russell,mercedes,7.0,7.559753922893883,0,7.353201084494214,0,7.89715457049995,0,7.8826504,0,9.114084012723003,0,-3.3766658,0,5.596535809316809,0,-6.646912745111001,0,0.4078073488874933,0,0,5
2020,2023,2024,24,albon,williams,16.0,15.386598991520492,0,15.311079639407945,0,8.952319637915476,0,16.468063,0,9.166761815220847,0,-2.3168938,0,15.047603458257676,0,-3.6567900649144094,0,0.6199030733291752,0,0,11
2020,2023,2024,24,piastri,mclaren,2.0,3.8975793190641426,0,6.494736872727881,0,4.114189017494152,0,4.3362174,0,7.719437784344916,0,-4.7788105,0,4.5640918693163535,0,-9.273852339007716,0,0.07887521202433449,0,0,10
2020,2023,2024,24,max_verstappen,red_bull,5.0,4.422874787676317,0,5.904253010367219,0,4.163661167002658,0,3.5141592,0,6.543704616303523,0,-4.4155173,0,3.5159343102003597,0,-9.913770588713707,0,0.10451895949584006,0,0,6
2020,2023,2024,24,hulkenberg,haas,4.0,9.828913895351345,0,9.08457130116188,0,10.211639357707007,0,9.663095,0,9.207885905333324,0,-2.9912717,0,6.972777880267312,0,-8.019606064030157,0,0.4958509043316941,0,0,8
2020,2023,2024,24,doohan,alpine,20.0,15.771567554438791,0,15.560428796250521,0,7.989048869883122,0,15.095408,0,9.220909687511119,0,-2.435158,0,14.543647084913236,0,-3.653659016711293,0,0.5909982863899677,0,0,15
2020,2023,2024,24,zhou,sauber,17.0,15.194903660258081,0,15.611679375996376,0,8.293485480425623,0,17.25275,0,8.748350156617226,0,-2.9839375,0,16.4659292282526,0,-6.209569490100172,0,0.4637951351743507,0,0,13
2020,2023,2024,24,lawson,rb,12.0,13.427317620342928,0,12.503942369248463,0,12.182682377991563,0,12.317677,0,9.35119600455458,0,-1.552582,0,12.218146474758043,0,-4.671723742431185,0,0.800183132826412,0,0,17
2020,2023,2024,24,colapinto,williams,19.0,17.380863360270183,0,16.085813560738774,0,8.22122894300821,0,14.9011965,0,8.6129863334326,0,-2.2470307,0,16.321260647995075,0,-5.733600733225206,0,0.5779631486820785,0,0,19
