train_start,train_end,year,round,driver_id,constructor_id,grid_position,ridge_score,ridge_pick,rf_reg_score,rf_reg_pick,rf_clf_score,rf_clf_pick,xgb_reg_score,xgb_reg_pick,xgb_clf_score,xgb_clf_pick,xgb_ranker_score,xgb_ranker_pick,lgb_reg_score,lgb_reg_pick,lgbm_ranker_score,lgbm_ranker_pick,ensemble_score,ensemble_pick,vote_count,actual_pos
2021,2024,2025,1,bortoleto,sauber,15.0,12.161777972527446,0,12.915966004513244,0,11.271397500803502,0,11.593457,0,11.498595610006742,1,-0.19436602,1,11.337178098385607,0,1.7929022277307523,1,0.9194787311566637,1,4,16
2021,2024,2025,1,albon,williams,6.0,10.831695839814792,0,9.599305364611574,1,11.437909162746747,0,9.689983,1,9.573669564241138,0,-1.9704189,0,9.271834100364039,0,-3.3208900549674896,0,0.6025381307960994,0,2,5
2021,2024,2025,1,tsunoda,rb,5.0,10.386555287853469,1,9.33775614203086,0,10.493883330688586,0,10.481029,0,9.503854205802305,0,-1.439494,0,9.838938981177652,0,-3.9860815197834736,0,0.6833063336793944,0,1,12
2021,2024,2025,1,alonso,aston_martin,12.0,12.256959088761684,0,11.807528039595534,0,12.582980269227823,1,10.733792,0,10.025474738291054,0,-2.1363842,0,11.121577386375918,0,-3.561713947483759,0,0.5852121986526095,0,1,17
2021,2024,2025,1,hadjar,rb,11.0,10.844996169665471,0,11.9469622860321,0,12.448288062311109,0,10.417797,0,9.88268982844563,0,-0.8835098,0,9.999546726584185,1,-2.0878640742101178,0,0.8328405434317241,0,1,20
2021,2024,2025,1,russell,mercedes,4.0,7.607608718540968,0,6.04944401069683,0,5.615201002750681,0,7.3195143,0,8.209431937070994,0,-3.9422462,0,2.8079502831854413,0,-7.7429502497108285,0,0.12346305859390834,0,0,3
2021,2024,2025,1,max_verstappen,red_bull,3.0,5.3292973545542095,0,5.458963662009016,0,4.024392474077687,0,5.5079894,0,7.048464233750061,0,-4.2539515,0,5.117932932629767,0,-8.46290023976899,0,0.041673314705446274,0,0,2
2021,2024,2025,1,norris,mclaren,1.0,4.851712783605628,0,6.897522832441987,0,2.440241963841116,0,5.2395864,0,6.690100863501298,0,-4.330747,0,4.191905594916911,0,-7.59947113842934,0,0.014720309219698358,0,0,1
2021,2024,2025,1,antonelli,mercedes,16.0,12.58148659628521,0,12.782667261728061,0,10.302811704007588,0,10.782446,0,9.659520836176466,0,-0.4610161,0,11.502593557425456,0,-2.04305691630346,0,0.7942849525575595,0,0,4
2021,2024,2025,1,leclerc,ferrari,7.0,7.386478318712976,0,7.536888595744846,0,8.660961673291311,0,9.130143,0,9.053418373154447,0,-2.8850555,0,6.0564032514235535,0,-4.72037994749687,0,0.3715759113743379,0,0,8
2021,2024,2025,1,hulkenberg,sauber,17.0,14.858751454019451,0,13.046168975601134,0,11.367378589199518,0,13.289709,0,8.935079999631208,0,-2.563647,0,12.571348263840779,0,-5.018749467945374,0,0.4572044139535252,0,0,7
2021,2024,2025,1,stroll,aston_martin,13.0,13.260420475056055,0,13.328829259811956,0,11.634677701577063,0,13.725985,0,9.377859398342604,0,-1.5873829,0,14.18561624347088,0,-4.261675314677441,0,0.6013070746642593,0,0,6
2021,2024,2025,1,gasly,alpine,9.0,11.065704669905536,0,10.846253900889948,0,11.604018889722836,0,12.482084,0,9.45046755003495,0,-1.2499908,0,11.877302377270354,0,-2.334639957580379,0,0.6918377201604484,0,0,11
2021,2024,2025,1,hamilton,ferrari,8.0,8.934990729704076,0,8.66071165943376,0,10.39027160241483,0,6.8654203,0,9.630610265712503,0,-2.5358195,0,5.791627793691986,0,-4.002410104415742,0,0.4587793460152662,0,0,10
2021,2024,2025,1,piastri,mclaren,2.0,5.88804721138262,0,6.15571504299658,0,3.677885747565336,0,5.6790743,0,8.340938549571446,0,-3.3596091,0,4.686235928550804,0,-3.690410392935377,0,0.2383593678803782,0,0,9
2021,2024,2025,1,ocon,haas,19.0,14.256562431700303,0,14.197293864793757,0,9.435766251392852,0,15.135467,0,8.710453206997386,0,-2.7935123,0,14.467203679034712,0,-5.860036251952677,0,0.3737613763079841,0,0,13
2021,2024,2025,1,lawson,red_bull,18.0,15.008797395080997,0,13.94083857709618,0,9.699907132363178,0,13.999112,0,8.659019933590194,0,-1.7956244,0,15.844450587176652,0,-3.080327535626055,0,0.5495525563389456,0,0,15
2021,2024,2025,1,bearman,haas,20.0,14.783064806981841,0,14.129299062346288,0,10.788786740067764,0,13.9970045,0,10.035970771326328,0,-2.0473487,0,13.627430377708423,0,-1.3667525147370752,0,0.5752166847247648,0,0,14
2021,2024,2025,1,sainz,williams,10.0,8.370966807368763,0,9.117366931219335,0,10.253038017765343,0,8.731924,0,9.355444360945201,0,-3.8903625,0,7.104858889084519,0,-5.349512376313184,0,0.2552568289498226,0,0,18
2021,2024,2025,1,doohan,alpine,14.0,12.047287086924472,0,13.211574842618672,0,10.974202141573032,0,10.747455,0,10.085666661267068,0,-1.0956991,0,11.971062535749804,0,-1.1950342345996612,0,0.7252559559699996,0,0,19
2021,2024,2025,2,alonso,aston_martin,13.0,12.094931734517724,0,13.090260017069006,0,12.1764297031962,0,13.568132,0,9.693750887950804,1,-0.5172595,1,13.51665631997976,0,-1.2526261591016565,1,0.9155447065176552,1,4,17
2021,2024,2025,2,hadjar,rb,7.0,9.600445688489925,1,10.328319636297186,0,10.94457290823406,0,9.175518,1,9.546417088839128,0,-1.9774631,0,6.824769287853497,0,-5.361002555837409,0,0.604571385775528,0,2,11
2021,2024,2025,2,albon,williams,10.0,10.735913344253742,0,10.247605123867165,1,11.522073298273455,0,10.96602,0,9.64692155376176,0,-1.4102188,0,10.478271542654637,0,-2.1068830203895637,0,0.823172705344509,0,1,7
2021,2024,2025,2,tsunoda,rb,9.0,12.137361391779534,0,11.719786506270532,0,12.311869267774817,0,11.365679,0,9.35188332094664,0,-2.4888763,0,10.30787184433444,1,-3.917533458019045,0,0.6517689493562355,0,1,16
2021,2024,2025,2,hulkenberg,sauber,12.0,12.864414792909699,0,10.843902354970712,0,12.428869461539644,1,12.571861,0,9.317737152405773,0,-1.4735683,0,10.467698457390645,0,-3.104042585667324,0,0.8060611023396252,0,1,15
2021,2024,2025,2,russell,mercedes,2.0,4.692639504981632,0,4.905463173913299,0,3.9029117323673486,0,6.95381,0,7.766292484341937,0,-3.4298847,0,3.842839702094552,0,-7.560799814785586,0,0.18605190954513454,0,0,3
2021,2024,2025,2,norris,mclaren,3.0,4.185966066902864,0,5.793382588796676,0,4.066127330003445,0,7.3520646,0,6.942708429577812,0,-4.2795744,0,4.997555425646673,0,-8.642142070836588,0,0.03302885869884304,0,0,2
2021,2024,2025,2,piastri,mclaren,1.0,3.677474744331465,0,5.039146905169019,0,4.407032306244555,0,5.117996,0,7.4843610678264145,0,-3.1239274,0,5.405132043744116,0,-8.701249841751778,0,0.22025289705696377,0,0,1
2021,2024,2025,2,max_verstappen,red_bull,4.0,5.567721344126283,0,5.512948150871369,0,5.454467287357934,0,6.313164,0,7.579207560295906,0,-4.3699074,0,2.839076546581558,0,-9.196984506442934,0,0.03742533792928654,0,0,4
2021,2024,2025,2,bearman,haas,17.0,14.945010535336607,0,14.99555280306551,0,9.11007823610837,0,14.505098,0,8.280080718291178,0,-1.1827134,0,16.742481457565034,0,-3.3793573069474654,0,0.6891285224010514,0,0,8
2021,2024,2025,2,antonelli,mercedes,8.0,4.896375191769065,0,8.321540971445437,0,9.481557192459276,0,5.8472724,0,9.147478797872004,0,-2.177924,0,8.279688708577849,0,-5.445098370394939,0,0.5608263928211438,0,0,6
2021,2024,2025,2,ocon,haas,11.0,11.185199099755298,0,12.505748451033528,0,11.970409931749572,0,13.755658,0,9.675833334593989,0,-0.53139555,0,11.930469819070442,0,-4.197615750846583,0,0.8744277048560954,0,0,5
2021,2024,2025,2,lawson,red_bull,20.0,15.44711833770269,0,15.67784969731971,0,7.5942945209954384,0,16.076742,0,7.8838713700171335,0,-2.4153576,0,17.26926876159618,0,-5.218203966580762,0,0.43976382730234514,0,0,12
2021,2024,2025,2,sainz,williams,15.0,11.880051680729554,0,11.663291202466285,0,11.626363206486998,0,11.502837,0,9.147387623352175,0,-2.5322878,0,10.380567864075127,0,-2.944475549891355,0,0.6418558717664838,0,0,10
2021,2024,2025,2,stroll,aston_martin,14.0,13.220051831374258,0,12.484932646625767,0,11.331222151880795,0,14.861633,0,9.170890075403042,0,-0.8803482,0,13.016655240635556,0,-3.9988278107033848,0,0.793166346838855,0,0,9
2021,2024,2025,2,bortoleto,sauber,19.0,14.159349191426607,0,15.631170343667993,0,6.499357481853009,0,15.304044,0,8.087362129650696,0,-2.0966742,0,15.798051937755554,0,-5.279322565698406,0,0.47497352026813616,0,0,14
2021,2024,2025,2,doohan,alpine,18.0,15.981872897317881,0,16.148522405859246,0,6.023770054837897,0,16.453974,0,7.575099983993151,0,-2.6266122,0,17.35043312298485,0,-6.891226329116128,0,0.34651242175530267,0,0,13
2021,2024,2025,2,leclerc,ferrari,6.0,6.667987343672152,0,7.207589684681312,0,9.0188253392908,0,6.6301055,0,9.321303462986918,0,-3.5029612,0,6.110058953052995,0,-7.3592218658636,0,0.30104191777157746,0,0,18
2021,2024,2025,2,hamilton,ferrari,5.0,6.516366992518324,0,6.674974936082133,0,9.808450596514026,0,5.1455145,0,9.506937265536637,0,-3.7003589,0,5.066312717892643,0,-7.07281708460754,0,0.2880449447222188,0,0,19
2021,2024,2025,2,gasly,alpine,16.0,14.323394430997858,0,13.675771207517968,0,10.945326299379662,0,12.317259,0,9.228894076231798,0,-1.846867,0,12.710393105807858,0,-3.3218417578962454,0,0.6595581793146261,0,0,20
2021,2024,2025,3,bearman,haas,10.0,10.70685725292337,0,11.771920753720737,0,13.118205775479074,1,11.951299,0,10.303378270764036,1,-0.03482072,1,12.761790640562825,0,-0.012487932920966886,1,0.9226445822205085,1,5,10
2021,2024,2025,3,albon,williams,9.0,9.848300172670417,1,10.545305355117762,0,11.886418384163365,0,10.743646,0,9.575425764813396,0,-0.8554782,0,9.97955714586257,1,-2.706412808248182,0,0.8256142674005,0,2,9
2021,2024,2025,3,sainz,williams,12.0,10.65496736518142,0,11.173389435377281,0,11.996090410235023,0,9.939283,1,9.417433549477046,0,-2.5412245,0,9.800249455605458,0,-4.2821560972504065,0,0.5718372945307283,0,1,14
2021,2024,2025,3,hadjar,rb,7.0,10.687581445453231,0,10.267638823583233,1,12.227723581864055,0,9.096374,0,9.722167039521624,0,-2.188029,0,7.995341931737444,0,-7.082748954260554,0,0.5266528257832453,0,1,8
2021,2024,2025,3,leclerc,ferrari,4.0,7.108901253726823,0,6.498908809246704,0,7.971029429353578,0,6.3353205,0,9.159154667976313,0,-4.3199744,0,3.7404928907653376,0,-6.479543964229898,0,0.17693236434694265,0,0,4
2021,2024,2025,3,piastri,mclaren,3.0,4.077259537231717,0,6.456485822042444,0,4.206508856182031,0,7.6995387,0,7.575487821288279,0,-3.7062855,0,7.637657220023349,0,-5.867424275660656,0,0.20252347224366418,0,0,3
2021,2024,2025,3,norris,mclaren,2.0,2.924108674921306,0,5.036742465342362,0,3.1916630885434487,0,7.413748,0,7.308061283956168,0,-4.5693793,0,6.117196505996629,0,-7.9807440298672985,0,0.0321927660178464,0,0,2
2021,2024,2025,3,max_verstappen,red_bull,1.0,4.264796715949102,0,4.635654481996544,0,3.045045518067604,0,5.0939455,0,7.409863642502915,0,-3.645733,0,1.0734701837586602,0,-9.191356245722439,0,0.11801297062152757,0,0,1
2021,2024,2025,3,hamilton,ferrari,8.0,9.12598759500778,0,9.715319557463863,0,11.32529435391643,0,7.8064513,0,9.692461082283222,0,-3.525778,0,9.187284710043286,0,-4.394907315193182,0,0.4103418872621195,0,0,7
2021,2024,2025,3,antonelli,mercedes,6.0,5.592861629636843,0,7.05008902188261,0,8.170723902155842,0,3.2947135,0,9.235126503638638,0,-2.3784602,0,4.334433245304638,0,-4.557193646000761,0,0.45688321368219803,0,0,6
2021,2024,2025,3,alonso,aston_martin,13.0,11.995251828803353,0,12.906417381921647,0,12.227387641391012,0,14.006299,0,9.235959458206116,0,-1.8645897,0,14.076677850424728,0,-3.2655593488643913,0,0.6043727098584301,0,0,11
2021,2024,2025,3,russell,mercedes,5.0,5.883796787235436,0,5.292276549876717,0,6.070775644134578,0,4.6098185,0,8.572307011234011,0,-4.1507134,0,4.142147112936086,0,-7.495794280000795,0,0.14704038690890175,0,0,5
2021,2024,2025,3,tsunoda,red_bull,15.0,13.180264904330958,0,14.106965446691039,0,11.137745635148468,0,14.648808,0,9.319665414725451,0,-1.4260767,0,15.280969311342188,0,-2.106639127076449,0,0.6594560436394782,0,0,12
2021,2024,2025,3,gasly,alpine,11.0,12.382518795851094,0,12.431365589512744,0,12.227232259763483,0,12.23788,0,9.393731433200086,0,-3.12207,0,11.823039123584623,0,-6.6514256679355555,0,0.412752290910528,0,0,13
2021,2024,2025,3,doohan,alpine,19.0,16.277128721824386,0,16.638385347164068,0,5.117131194280016,0,17.930035,0,8.220260756144636,0,-3.9207726,0,17.93736466188194,0,-8.20445856895629,0,0.14219080688938895,0,0,15
2021,2024,2025,3,hulkenberg,sauber,16.0,15.041841666738037,0,14.911015909360783,0,10.214023831059817,0,16.559917,0,8.93871416569437,0,-1.9081552,0,16.458088472781135,0,-5.387009190089259,0,0.5257731585963338,0,0,16
2021,2024,2025,3,lawson,rb,14.0,13.28850794286075,0,13.978270285196984,0,10.878483091641368,0,14.311658,0,9.069723597991956,0,-2.636429,0,15.854452911787394,0,-3.7224611854698306,0,0.47269040097591236,0,0,17
2021,2024,2025,3,ocon,haas,18.0,13.452009340475593,0,13.38471686244445,0,10.195329431452947,0,13.828584,0,8.631754629206636,0,-1.9273108,0,12.818997954631104,0,-5.585755269552003,0,0.5289605707037416,0,0,18
2021,2024,2025,3,bortoleto,sauber,17.0,15.408434580366567,0,16.037550257858765,0,7.329663688363503,0,16.04797,0,8.153473496864208,0,-1.719429,0,15.373240593117046,0,-5.221644908783286,0,0.5012121661824185,0,0,19
2021,2024,2025,3,stroll,aston_martin,20.0,15.527795339381614,0,15.296046256301315,0,8.599801042431837,0,17.767855,0,8.51396464441256,0,-2.4651687,0,17.404692853004523,0,-6.071585670131421,0,0.41364456771578195,0,0,20
2021,2024,2025,4,hadjar,rb,12.0,12.416546546785451,0,11.900879240728315,0,12.727525269067234,1,10.407372,0,10.201386563045888,1,-1.602619,0,11.30442709892062,0,-2.1539124149838536,1,0.7897593929694198,0,3,13
2021,2024,2025,4,tsunoda,red_bull,10.0,10.553605729368865,1,11.883997300305515,0,12.126947768674679,0,11.498063,0,9.556127629618004,0,-0.29497954,1,12.104459815248228,0,-2.5937515683589236,0,0.9075107711433978,1,3,9
2021,2024,2025,4,hamilton,ferrari,9.0,9.132600649973911,0,9.832418189162917,1,11.346957937659013,0,10.373535,1,9.700977572049794,0,-3.1629167,0,10.686861121903972,0,-4.200844399076722,0,0.5516640976937669,0,2,5
2021,2024,2025,4,norris,mclaren,6.0,5.235078758299907,0,6.885974726172935,0,5.936020748746369,0,8.6047325,0,8.286130177707053,0,-4.5775247,0,9.698221909352931,1,-7.440286265745219,0,0.23898542958095564,0,1,3
2021,2024,2025,4,leclerc,ferrari,3.0,6.458158139703656,0,4.9327705532865656,0,5.668048037630054,0,6.6058903,0,8.278865742712465,0,-4.937362,0,5.443377578744584,0,-8.507365551686812,0,0.08168642811903204,0,0,4
2021,2024,2025,4,russell,mercedes,2.0,5.252636118702587,0,4.850642778868533,0,3.236623812366442,0,6.4557166,0,6.774473432248553,0,-4.0116625,0,6.375196004372602,0,-8.969911914545051,0,0.13584190195940743,0,0,2
2021,2024,2025,4,piastri,mclaren,1.0,3.813408572131493,0,5.057447333427288,0,2.6700435487686645,0,5.208647,0,7.016721311434018,0,-4.556578,0,7.072387461993959,0,-8.034232174306242,0,0.08935754246542503,0,0,1
2021,2024,2025,4,gasly,alpine,5.0,9.391559935516465,0,8.195842686770238,0,10.992816349672992,0,9.393883,0,8.924546945272638,0,-2.6054857,0,8.895801449152074,0,-5.679996260012329,0,0.5561199563775052,0,0,7
2021,2024,2025,4,ocon,haas,14.0,12.132709314175965,0,13.140111195526037,0,11.49502752956563,0,13.166984,0,8.369403780661203,0,-1.2564439,0,13.187264618769925,0,-3.757951451268284,0,0.7270153604843409,0,0,8
2021,2024,2025,4,bearman,haas,20.0,15.00934000052822,0,15.627798005849652,0,8.713715847069983,0,16.59521,0,8.900449294422076,0,-2.5110142,0,16.478470617311462,0,-6.811210779084534,0,0.4609729194408646,0,0,10
2021,2024,2025,4,antonelli,mercedes,4.0,5.092053236199879,0,5.122689921999442,0,5.345363637350394,0,3.299244,0,7.350596300317296,0,-2.402117,0,4.643020389924622,0,-6.685448736322206,0,0.41111089888451213,0,0,11
2021,2024,2025,4,max_verstappen,red_bull,7.0,6.684055669070073,0,6.6178338615283705,0,8.472040691453515,0,6.80045,0,8.894206153767577,0,-4.0898266,0,8.334598412121142,0,-6.643383904230245,0,0.3022399966008776,0,0,6
2021,2024,2025,4,albon,williams,15.0,12.395330521778531,0,12.501249605049049,0,11.618807398020058,0,13.034708,0,9.234245893436679,0,-0.9516346,0,14.266182677382425,0,-4.522129112694385,0,0.7550787000152395,0,0,12
2021,2024,2025,4,doohan,alpine,11.0,12.32560347580364,0,13.461016326102486,0,11.863008853514714,0,12.711566,0,9.127381431119352,0,-2.0602975,0,12.431454292043217,0,-3.058077024135479,0,0.6662539433936426,0,0,14
2021,2024,2025,4,alonso,aston_martin,13.0,12.371676787959265,0,12.954919144782185,0,12.06860184811161,0,13.314099,0,9.440868045364846,0,-1.1464418,0,15.026360898855842,0,-3.3741516625014327,0,0.7608885894064155,0,0,15
2021,2024,2025,4,lawson,rb,17.0,14.628998727234546,0,14.353849152398606,0,8.640199326385272,0,14.754492,0,8.311188563694474,0,-2.070876,0,14.600849065541357,0,-3.2524259699756715,0,0.5871157876758183,0,0,16
2021,2024,2025,4,stroll,aston_martin,19.0,15.071047630693847,0,15.001672820472299,0,8.365836648433108,0,15.439909,0,9.228679130883833,0,-2.9922075,0,14.647863250033653,0,-7.164828137733857,0,0.4003420193602101,0,0,17
2021,2024,2025,4,bortoleto,sauber,18.0,15.601306911716325,0,16.374642240964118,0,5.455213503205348,0,16.762625,0,7.726628806529714,0,-2.9672768,0,17.17687822144762,0,-7.737248680936284,0,0.32112384850322234,0,0,18
2021,2024,2025,4,sainz,williams,8.0,9.19608679191283,0,9.809230755342412,0,11.620361681778036,0,10.4335,0,9.382017961899084,0,-4.468785,0,11.279022984804925,0,-6.267841758335023,0,0.32434167180188206,0,0,19
2021,2024,2025,4,hulkenberg,sauber,16.0,14.882159517409978,0,14.186634004944388,0,10.460009256160236,0,14.379686,0,8.944008694523632,0,-2.7415364,0,15.522242575765167,0,-4.930189412772188,0,0.5003230421554219,0,0,20
2021,2024,2025,5,albon,williams,11.0,11.539763801614203,0,11.922049821458577,0,12.875138700276096,1,12.147169,0,10.529199811565322,1,-0.9128487,0,12.834559151984978,0,-0.7061783797978908,1,0.9014606038107233,1,4,9
2021,2024,2025,5,piastri,mclaren,2.0,3.6828896893190537,0,6.333818178819644,0,3.2151175228202713,0,9.2918825,1,7.917328803927562,0,-4.039958,0,10.05877891650867,1,-8.831402306574269,0,0.20545488211028676,0,2,1
2021,2024,2025,5,hadjar,rb,14.0,13.671485098821524,0,14.063942701829045,0,11.578135003470813,0,15.058639,0,9.308344054366385,0,-0.78773934,1,15.205177380773517,0,-2.83041936247108,0,0.836599813870883,0,1,10
2021,2024,2025,5,norris,mclaren,10.0,7.128711929199704,0,9.250104594715056,1,6.09586085704823,0,11.128061,0,8.281002387335876,0,-3.6497035,0,11.00763530465311,0,-7.495920802117385,0,0.2799580814133396,0,1,4
2021,2024,2025,5,tsunoda,red_bull,8.0,10.307694733106185,1,11.36074068318009,0,11.637014202306167,0,11.864767,0,9.314425108847553,0,-1.5182428,0,12.73703475156274,0,-4.7001057548572565,0,0.7097535944891878,0,1,19
2021,2024,2025,5,max_verstappen,red_bull,1.0,3.921984698124395,0,4.768596365989924,0,2.8485391451332926,0,4.480041,0,7.077289524872233,0,-3.3937953,0,3.5355931226645314,0,-9.041350337213592,0,0.18588249426597878,0,0,2
2021,2024,2025,5,leclerc,ferrari,4.0,6.20780344418565,0,5.553181968011945,0,6.154314012662841,0,5.23382,0,8.7949455827516,0,-4.6463943,0,4.4935775392756,0,-7.540443042819823,0,0.09921266398775,0,0,3
2021,2024,2025,5,russell,mercedes,3.0,5.3067236279802845,0,4.686159968333314,0,3.988255080690101,0,6.292796,0,7.8618087116937465,0,-4.006418,0,3.347684401373526,0,-7.961356937889995,0,0.14034509095691025,0,0,5
2021,2024,2025,5,sainz,williams,6.0,8.62019716897734,0,8.523937140126572,0,11.312847095696862,0,5.2218657,0,9.48860082044165,0,-3.3996859,0,6.397545993051114,0,-2.408949414471948,0,0.46229445718663054,0,0,8
2021,2024,2025,5,hamilton,ferrari,7.0,7.535734999129132,0,7.9989151516620565,0,10.470256447542798,0,6.840332,0,9.434470028512047,0,-2.7016912,0,6.7098923256522145,0,-4.290224066001533,0,0.522516708912407,0,0,7
2021,2024,2025,5,alonso,aston_martin,13.0,12.988684016869776,0,13.075185988976536,0,12.324520138253332,0,13.70191,0,9.57288033329412,0,-1.2630069,0,12.913723366155052,0,-2.263632703866877,0,0.8012574645004422,0,0,11
2021,2024,2025,5,antonelli,mercedes,5.0,6.223957030363152,0,6.582153553904778,0,7.042213577678075,0,4.9455132,0,8.885584524413407,0,-1.2580377,0,5.554626521702787,0,-4.272315959629364,0,0.6744131188709639,0,0,6
2021,2024,2025,5,lawson,rb,12.0,13.182141215447652,0,13.30986324846005,0,11.412269341579975,0,15.014296,0,9.515452841640744,0,-1.828958,0,13.508058114419889,0,-5.009598386366022,0,0.6526503753925683,0,0,12
2021,2024,2025,5,bearman,haas,15.0,13.350292570951535,0,13.843458827720129,0,11.817499566864871,0,14.069991,0,9.527224071311366,0,-2.2740724,0,14.17967668019337,0,-3.141065203583117,0,0.6213282536041601,0,0,13
2021,2024,2025,5,hulkenberg,sauber,18.0,15.778647143861097,0,14.787304815774606,0,9.419119197080962,0,15.286504,0,9.234578264105542,0,-2.9121764,0,14.71102939477439,0,-5.547371289035074,0,0.4452786755296197,0,0,15
2021,2024,2025,5,ocon,haas,19.0,14.081800985964616,0,14.612585279421571,0,9.087449296723518,0,16.286655,0,8.569773483681466,0,-1.8920625,0,15.732142547686852,0,-4.345604211586994,0,0.5999399507131783,0,0,14
2021,2024,2025,5,stroll,aston_martin,16.0,14.566523760338615,0,13.812189812055163,0,10.529387399818589,0,13.844689,0,8.966016212197312,0,-1.3972119,0,12.833364569935895,0,-4.938088929939107,0,0.7022237622942809,0,0,16
2021,2024,2025,5,doohan,alpine,17.0,15.413767785496779,0,15.211392109015218,0,7.972876465493037,0,13.963853,0,8.257475669359746,0,-2.0620666,0,14.641095091779654,0,-4.671771162940895,0,0.5523476210405155,0,0,17
2021,2024,2025,5,bortoleto,sauber,20.0,17.2950504415757,0,16.233662443840956,0,4.485043081267438,0,15.488004,0,7.797223739241542,0,-3.7124553,0,16.287891752300794,0,-8.217771447031646,0,0.1864353003483387,0,0,18
2021,2024,2025,5,gasly,alpine,9.0,11.121561126448062,0,11.581943889134406,0,12.727482890277827,0,12.768495,0,9.891362759867746,0,-2.2850964,0,11.93064018540992,0,-2.316407304321961,0,0.6691570545419633,0,0,20
2021,2024,2025,6,hadjar,rb,11.0,12.310055541189293,0,12.691164715318564,0,12.767615521688555,1,12.373013,0,9.770012840421456,1,-1.5801954,0,13.107121757661798,0,-2.373112049419831,1,0.8766224117456451,0,3,11
2021,2024,2025,6,ocon,haas,9.0,9.590659962892115,0,11.533980474099485,0,12.514971576023067,0,11.99849,0,9.546072437333027,0,-1.3358955,1,11.73422127311945,0,-3.326502726518703,0,0.9115076371013737,1,2,12
2021,2024,2025,6,leclerc,ferrari,8.0,7.523847452916144,0,7.348835941350902,0,9.33525591941979,0,8.454584,0,9.284885550434888,0,-4.4702663,0,9.94147639863357,1,-7.874891224522547,0,0.27818676578189916,0,1,7
2021,2024,2025,6,albon,williams,7.0,9.43447671116044,0,9.384332923855988,1,12.17120972525794,0,8.846077,0,9.545313812141652,0,-1.9855269,0,8.582637637196525,0,-4.225242478728035,0,0.7781629930177452,0,1,5
2021,2024,2025,6,tsunoda,red_bull,10.0,10.880246141324797,0,11.615452239455523,0,11.529068069560061,0,10.809096,1,9.627736963464333,0,-1.6657658,0,10.567280483571851,0,-3.5074553778987476,0,0.8662480539197155,0,1,10
2021,2024,2025,6,hamilton,ferrari,12.0,9.91374101464049,1,8.430295347412605,0,11.4901532622193,0,7.4971476,0,9.747811458704392,0,-2.8202798,0,6.34497434805933,0,-4.4621313729817125,0,0.59308147375707,0,1,8
2021,2024,2025,6,norris,mclaren,2.0,3.617891920775289,0,4.492023600650568,0,3.0365874458098827,0,6.5515814,0,7.174107046285051,0,-4.023394,0,5.8716077485283416,0,-8.86565189003179,0,0.13706167939624306,0,0,2
2021,2024,2025,6,piastri,mclaren,4.0,4.16599938997689,0,4.961534947316506,0,4.005893424477638,0,7.1314874,0,7.04290307637716,0,-3.8359458,0,6.779045924656069,0,-9.382232262787422,0,0.17869923284872172,0,0,1
2021,2024,2025,6,max_verstappen,red_bull,1.0,3.557613879041952,0,3.6955351984117466,0,2.6251712786723123,0,2.3321376,0,6.682910927268256,0,-3.8205588,0,0.7561680633764704,0,-10.68527458655869,0,0.11844848094759097,0,0,4
2021,2024,2025,6,russell,mercedes,5.0,5.737123105026795,0,5.378727235499935,0,6.245909360540794,0,4.507731,0,8.541785451367081,0,-3.633227,0,5.306254908468962,0,-6.3138848270324,0,0.3161726067011235,0,0,3
2021,2024,2025,6,antonelli,mercedes,3.0,4.9385636889392845,0,4.848694722425259,0,5.2904949699587975,0,5.303262,0,8.024960640950136,0,-2.2497237,0,5.03769297303093,0,-6.460788366836556,0,0.5435563634347198,0,0,6
2021,2024,2025,6,sainz,williams,6.0,8.271987309846008,0,7.3226573080664075,0,11.655050448584534,0,5.765652,0,9.387262547947678,0,-3.4010417,0,6.033362773533796,0,-4.636767378661666,0,0.47944684839874974,0,0,9
2021,2024,2025,6,gasly,alpine,18.0,15.31637485186517,0,14.810382394015553,0,8.491594659630577,0,14.841961,0,8.898392241640336,0,-2.4197314,0,14.4319899447062,0,-6.290346791651965,0,0.5758930003251577,0,0,13
2021,2024,2025,6,hulkenberg,sauber,16.0,15.191222826109744,0,14.801694492293073,0,10.057154841164522,0,15.356786,0,9.170921053421068,0,-2.803552,0,15.452024620144755,0,-4.651223103873192,0,0.5570719763969494,0,0,14
2021,2024,2025,6,alonso,aston_martin,17.0,14.71075604738743,0,15.321357038308054,0,9.585484458405174,0,15.513011,0,9.366481563079683,0,-1.4346728,0,15.2745077013434,0,-2.564224100878788,0,0.8393672289562966,0,0,15
2021,2024,2025,6,stroll,aston_martin,19.0,15.852859934433962,0,15.12357877362482,0,8.714384714784691,0,16.031523,0,8.388556183877654,0,-2.443039,0,14.209385565792426,0,-5.121996804011057,0,0.5878818094456599,0,0,16
2021,2024,2025,6,lawson,rb,15.0,14.246522406332248,0,15.080849611417293,0,10.449223323578178,0,15.56313,0,9.40009771417276,0,-2.2042243,0,16.286292626522435,0,-3.503582419400205,0,0.6931218264445081,0,0,17
2021,2024,2025,6,bortoleto,sauber,13.0,14.74130530076838,0,14.335036328572814,0,9.453599059986425,0,14.575664,0,9.022024533824018,0,-3.225351,0,15.153486799005353,0,-5.732393665423797,0,0.4516395309398004,0,0,18
2021,2024,2025,6,bearman,haas,20.0,15.845620340513378,0,15.102619437593173,0,8.639455758938084,0,17.146194,0,8.705398583846637,0,-1.9406201,0,17.245451093779433,0,-6.007036579947931,0,0.6601524743180048,0,0,19
2021,2024,2025,6,doohan,alpine,14.0,14.654905855467595,0,15.101290234928843,0,9.313100346177237,0,16.176502,0,8.68780060640623,0,-2.993291,0,15.795269899205135,0,-6.067666427083575,0,0.47932436456006194,0,0,20
2021,2024,2025,7,hadjar,rb,9.0,11.6493667988976,0,10.544114176929837,0,13.516411041070619,1,9.978072,1,9.925458864409682,1,-1.8887194,0,9.491411970394095,0,-2.91296124074254,0,0.7460099695042312,0,3,9
2021,2024,2025,7,alonso,aston_martin,5.0,9.824863623491822,1,9.575259622850094,1,12.226451961095362,0,9.950776,0,9.532858732281582,0,-1.4063419,0,8.878367884917486,0,-2.162700035469608,1,0.7894043280991421,0,3,11
2021,2024,2025,7,ocon,haas,18.0,13.619354594294876,0,13.975165312467329,0,10.353732138105348,0,15.183299,0,9.128848856408348,0,-0.506559,1,15.09250230394329,0,-3.5965199159104695,0,0.8387792956500391,1,2,20
2021,2024,2025,7,leclerc,ferrari,11.0,8.850071650282256,0,8.45749102374805,0,10.626296728681286,0,10.148568,0,9.415008897053939,0,-3.276638,0,10.263868618449909,1,-5.25049079136974,0,0.45874793540947423,0,1,6
2021,2024,2025,7,hamilton,ferrari,12.0,9.533123277124611,0,8.78488723798926,0,11.471543718308762,0,8.187111,0,9.760113076876545,0,-2.4874978,0,6.7081790589757135,0,-4.072899968891796,0,0.5420072068250442,0,0,4
2021,2024,2025,7,piastri,mclaren,1.0,3.377269782925694,0,5.220670213515781,0,1.668480981064929,0,7.3570223,0,6.027183354957367,0,-3.1817691,0,6.83032632415356,0,-8.358114355032864,0,0.19298671899565262,0,0,3
2021,2024,2025,7,norris,mclaren,4.0,4.780493206099749,0,4.851514569630718,0,3.783464870784548,0,7.2450056,0,8.03752598339674,0,-4.0502615,0,6.028040327386847,0,-9.018409139464737,0,0.0860987324232162,0,0,2
2021,2024,2025,7,max_verstappen,red_bull,2.0,5.046740347030511,0,5.491504560099587,0,3.0224860508947753,0,2.4544485,0,7.581525991616607,0,-3.845186,0,2.4185030295379186,0,-10.40955664558845,0,0.06838174085895676,0,0,1
2021,2024,2025,7,sainz,williams,6.0,8.788015826342544,0,8.44308802077177,0,11.559499110012394,0,7.6895723,0,9.101066934932412,0,-3.2392352,0,11.202362599785806,0,-4.97894285391606,0,0.42930702407886273,0,0,8
2021,2024,2025,7,russell,mercedes,3.0,5.901825143844883,0,4.273164785825037,0,3.7817549173554452,0,5.9305496,0,7.020450013908351,0,-3.8768015,0,3.1473528018792294,0,-9.37825686227591,0,0.08497638821299656,0,0,7
2021,2024,2025,7,tsunoda,red_bull,20.0,13.828344062443634,0,13.81343281372511,0,10.062624637253029,0,13.065109,0,8.976406462166963,0,-1.6591278,0,14.351478402889043,0,-5.4173538784521265,0,0.6192198901324721,0,0,10
2021,2024,2025,7,albon,williams,7.0,9.388366551566534,0,8.73992981445645,0,11.412476312237674,0,7.821072,0,9.466753580605504,0,-1.7292235,0,8.960202082589344,0,-3.2100731056836556,0,0.7112429820515765,0,0,5
2021,2024,2025,7,hulkenberg,sauber,17.0,14.526560182771497,0,14.847619542426182,0,9.349797318932417,0,13.955752,0,9.200480381457364,0,-3.18826,0,14.607902309906716,0,-8.15502883342248,0,0.31815687347848065,0,0,12
2021,2024,2025,7,gasly,alpine,10.0,11.561838118552826,0,11.803809538244838,0,12.23660293477665,0,12.220132,0,9.085717980073445,0,-2.6693351,0,12.807284421609758,0,-3.3412836012253524,0,0.5305316128030804,0,0,13
2021,2024,2025,7,stroll,aston_martin,8.0,10.703507245567017,0,12.156749878924591,0,12.186332432169174,0,11.49546,0,9.52063595678141,0,-1.8505615,0,11.768459517251078,0,-5.36305165696251,0,0.6461567692211668,0,0,15
2021,2024,2025,7,lawson,rb,16.0,14.049742078365268,0,14.428429470254182,0,9.199773704441716,0,14.184633,0,9.423437701637672,0,-1.4955986,0,14.122407012637352,0,-3.856854270508308,0,0.6688576019462771,0,0,14
2021,2024,2025,7,colapinto,alpine,15.0,14.747183267434275,0,14.622754544416766,0,9.343434556667248,0,15.208031,0,9.103980957622175,0,-2.2712708,0,14.376981757941463,0,-2.7385474353119323,0,0.5596762401225006,0,0,16
2021,2024,2025,7,bearman,haas,19.0,14.729256393902741,0,13.79486221492758,0,9.84023344926974,0,14.027281,0,8.924024276240125,0,-1.1554174,0,13.95552060769728,0,-2.530060666655168,0,0.7492458458606747,0,0,17
2021,2024,2025,7,bortoleto,sauber,14.0,14.550475116588474,0,14.960209649822906,0,8.830797894840973,0,15.226012,0,9.218437562582976,0,-2.4790413,0,15.067509843529427,0,-4.891756043345251,0,0.4811029225256804,0,0,18
2021,2024,2025,7,antonelli,mercedes,13.0,9.324443884336732,0,9.224454819031171,0,10.854509758830941,0,8.697885,0,9.592513766440218,0,-1.1652454,0,8.379658847631108,0,-2.7516328610549854,0,0.7896035076139137,0,0,19
2021,2024,2025,8,antonelli,mercedes,15.0,10.849804179884442,0,11.324232300617869,0,11.831414324764667,0,10.258966,0,9.734454037330563,0,-0.59385693,1,10.298520918915532,0,-1.7572269690369209,1,0.9674563327554683,1,3,18
2021,2024,2025,8,hadjar,rb,6.0,9.775676752601406,0,10.13810894098548,1,12.851162125534701,1,10.627419,0,10.098783990755821,1,-1.5256456,0,9.625319853794288,0,-2.617718734049486,0,0.8021765753865251,0,3,6
2021,2024,2025,8,albon,williams,10.0,9.921747523430925,1,10.703491058023562,0,12.14134884108586,0,10.185501,1,9.754594031083865,0,-1.0732859,0,11.074491081877264,0,-2.131633948068787,0,0.8471660122715318,0,2,9
2021,2024,2025,8,russell,mercedes,14.0,10.51821972829892,0,11.012973745302904,0,9.788088299262464,0,10.558824,0,9.50482167671801,0,-2.0186007,0,10.115367951890747,1,-5.206374496904887,0,0.6392972902536447,0,1,11
2021,2024,2025,8,max_verstappen,red_bull,5.0,5.171340191529315,0,5.167661204319276,0,6.431268727721032,0,4.0488424,0,8.750841371502778,0,-3.4082727,0,4.631866047365494,0,-6.227198241407456,0,0.23838413893877347,0,0,4
2021,2024,2025,8,piastri,mclaren,3.0,2.936988504576557,0,6.029159489765729,0,3.367553870634786,0,7.176512,0,8.13115460130021,0,-3.3233333,0,9.658271049045013,0,-4.708132695955387,0,0.30687800368283324,0,0,3
2021,2024,2025,8,leclerc,ferrari,2.0,5.08707595278393,0,5.273459825904345,0,4.331057085826836,0,5.546502,0,8.114195012111844,0,-3.077734,0,5.43138616223225,0,-7.5424602214804946,0,0.2372937615615712,0,0,2
2021,2024,2025,8,norris,mclaren,1.0,2.7666407589634368,0,4.57696685233306,0,2.123783720253847,0,7.0883174,0,5.462387468433171,0,-3.9145925,0,6.751775121080551,0,-8.935479568068324,0,0.01565309605643832,0,0,1
2021,2024,2025,8,lawson,rb,9.0,10.997853349582465,0,12.252645511977033,0,12.549682313776248,0,12.961247,0,9.653247423322274,0,-1.6241823,0,11.718565602189337,0,-2.64355893539606,0,0.7328304611589003,0,0,8
2021,2024,2025,8,ocon,haas,8.0,10.291119622382372,0,11.588145129344225,0,12.341088972680147,0,12.2711315,0,9.418064122981063,0,-1.3037736,0,12.61222025437275,0,-4.266413619191326,0,0.7395216636552845,0,0,7
2021,2024,2025,8,sainz,williams,11.0,10.578134683750173,0,11.675333154446484,0,12.746852409717368,0,12.598368,0,9.71701457534222,0,-2.1728797,0,11.822723560719872,0,-2.2344470683134237,0,0.6481999608991041,0,0,10
2021,2024,2025,8,hamilton,ferrari,4.0,6.2120389963447815,0,6.015257059469248,0,6.5709488812410095,0,5.977662,0,8.02589033349674,0,-2.993094,0,2.705407008203851,0,-2.3464346865772976,0,0.3770845368384041,0,0,5
2021,2024,2025,8,bearman,haas,17.0,14.436430443468188,0,14.513142832884197,0,9.915422781288916,0,15.213746,0,8.825383856856828,0,-1.9136647,0,14.825140790072131,0,-4.532758818078332,0,0.5782225898475777,0,0,12
2021,2024,2025,8,colapinto,alpine,20.0,17.00930909624986,0,16.838543689772422,0,5.192468268713208,0,16.907282,0,7.5248344346234886,0,-3.093446,0,18.492137727919225,0,-7.652438254593179,0,0.22888492550134007,0,0,13
2021,2024,2025,8,stroll,aston_martin,19.0,15.801160843178973,0,15.58165247742723,0,7.055615683338504,0,16.66764,0,8.602810954585616,0,-3.461101,0,14.476176026437129,0,-6.091823252377498,0,0.2418604656737783,0,0,15
2021,2024,2025,8,bortoleto,sauber,16.0,15.622225150475392,0,16.21060471073362,0,6.433935924433974,0,16.600067,0,8.47949573920631,0,-3.4301765,0,15.537275499559094,0,-7.708558273686707,0,0.20189340798107197,0,0,14
2021,2024,2025,8,hulkenberg,sauber,13.0,13.98470105447763,0,13.42766013684529,0,11.758742549461388,0,14.139584,0,8.910708840075795,0,-3.0690942,0,14.391138058820067,0,-6.609422143553354,0,0.36515651444850306,0,0,16
2021,2024,2025,8,tsunoda,red_bull,12.0,11.846582670087871,0,11.785044742177645,0,12.006370361384695,0,12.579883,0,9.43932258917951,0,-1.7915248,0,13.064219199640187,0,-4.960561743560015,0,0.6338303702658366,0,0,17
2021,2024,2025,8,alonso,aston_martin,7.0,10.605630292965357,0,9.27530287397429,0,12.777158986465471,0,10.443776,0,9.86352086750905,0,-1.0089637,0,8.238877600853483,0,-3.586114734789398,0,0.824444997888173,0,0,19
2021,2024,2025,8,gasly,alpine,18.0,15.02474815910778,0,15.38467620239578,0,9.605929773514545,0,15.79976,0,9.17642402213461,0,-2.7393918,0,16.334768198927993,0,-3.3093901377227546,0,0.45571000571174036,0,0,20
2021,2024,2025,9,albon,williams,11.0,11.07561814768762,0,11.358685368386007,1,12.58667765412332,0,13.388605,0,9.885700795397645,0,-0.58512706,1,14.127988177014982,0,-1.846467518261622,1,0.8995931411430989,1,4,19
2021,2024,2025,9,gasly,alpine,8.0,10.7610816335943,1,11.522948786712623,0,12.132281696424478,0,10.636697,1,9.599495552549948,0,-3.135865,0,12.177324444172255,0,-5.41271998268452,0,0.41535821036291753,0,2,8
2021,2024,2025,9,norris,mclaren,2.0,3.088304206946278,0,4.697585803052357,0,2.618589188983032,0,8.91336,0,8.052324840439807,0,-3.9319992,0,10.796457823194629,1,-8.938752112469643,0,0.13318942993204155,0,1,2
2021,2024,2025,9,lawson,rb,13.0,12.81257929286241,0,13.211676778046952,0,11.943226294496503,0,14.17863,0,10.819055076571962,1,-0.76866895,0,13.278787261226123,0,-2.305234304396203,0,0.8709952639705486,0,1,11
2021,2024,2025,9,hadjar,rb,9.0,10.835894402893842,0,11.422706657180862,0,13.517432039697843,1,13.160925,0,10.45522068873172,0,-1.537608,0,11.65311748651547,0,-2.2575130614598597,0,0.7866586131400662,0,1,7
2021,2024,2025,9,leclerc,ferrari,7.0,6.995534748193285,0,6.79277633731741,0,8.703029218064424,0,7.8500767,0,9.126204901439577,0,-2.9290884,0,8.137944960778153,0,-4.64135442449694,0,0.42525657394216454,0,0,3
2021,2024,2025,9,piastri,mclaren,1.0,2.9090110058603003,0,4.575089760143296,0,1.7884655393415922,0,5.505672,0,6.650049186730288,0,-3.7316804,0,8.208000436454775,0,-8.037777404703464,0,0.11487463249915048,0,0,1
2021,2024,2025,9,hamilton,ferrari,5.0,6.599166162009674,0,6.420941204154042,0,8.049779307736413,0,7.3659387,0,8.638017749159582,0,-3.0337706,0,7.714712573995311,0,-5.238644583090529,0,0.3730565118497847,0,0,6
2021,2024,2025,9,hulkenberg,sauber,16.0,15.111543822367121,0,15.051467097976317,0,8.890867902156176,0,16.282913,0,8.987402831823184,0,-3.4196386,0,15.687891791705146,0,-7.78751096722853,0,0.24074206169336593,0,0,5
2021,2024,2025,9,alonso,aston_martin,10.0,11.786144666893048,0,12.97617571043955,0,12.68147714382774,0,13.562393,0,10.05151578142941,0,-1.754821,0,13.693221771535278,0,-2.3096034501116747,0,0.6982940238018633,0,0,9
2021,2024,2025,9,russell,mercedes,4.0,6.431901293736543,0,5.213075045821805,0,5.776416570986522,0,6.7385397,0,8.365764255455515,0,-3.3027406,0,4.7632950004464565,0,-5.229134153134315,0,0.2652792781849397,0,0,4
2021,2024,2025,9,max_verstappen,red_bull,3.0,4.799399528823075,0,4.374691758668918,0,4.032208689885199,0,4.168573,0,7.57956940763693,0,-3.7583845,0,4.477668556834956,0,-9.578708908486586,0,0.07537758798947015,0,0,10
2021,2024,2025,9,bortoleto,sauber,12.0,14.024341719324786,0,13.352630210008716,0,10.979541183447168,0,15.103468,0,8.86101290327312,0,-1.785019,0,13.52381760718268,0,-3.471646751072693,0,0.6390713118803774,0,0,12
2021,2024,2025,9,sainz,williams,18.0,14.007759505389375,0,14.584308197043592,0,10.142401679159558,0,17.069157,0,9.233433328591378,0,-2.4258878,0,16.921047417420645,0,-6.304741241755417,0,0.4508118305017477,0,0,14
2021,2024,2025,9,tsunoda,red_bull,20.0,15.255151864485894,0,14.894231028412323,0,9.132490999102487,0,14.834748,0,7.928849690127549,0,-3.3457916,0,15.828235839974688,0,-6.677028189771023,0,0.2640527372176158,0,0,13
2021,2024,2025,9,colapinto,alpine,19.0,16.529748420812965,0,16.393124908983612,0,5.822948765000929,0,17.088305,0,8.105299870936495,0,-3.7790987,0,17.51855651948669,0,-5.4528621213323625,0,0.16809415663965901,0,0,15
2021,2024,2025,9,ocon,haas,17.0,13.927797667312845,0,14.679141419839636,0,9.778191115668038,0,15.180975,0,9.212951395575908,0,-1.3859342,0,16.215307545230807,0,-5.976971738948607,0,0.6324314403860202,0,0,16
2021,2024,2025,9,bearman,haas,15.0,13.794909445988646,0,14.073817476895197,0,10.37184708657432,0,14.909124,0,9.026800457691468,0,-1.3415163,0,14.79513395575559,0,-4.278987502484219,0,0.6838546506585781,0,0,17
2021,2024,2025,9,antonelli,mercedes,6.0,7.463573571709286,0,6.816579778974702,0,9.77264566887098,0,4.553768,0,8.361225880788076,0,-2.5498316,0,6.849594686253907,0,-4.251342255174653,0,0.47798924591676706,0,0,18
2021,2024,2025,10,hadjar,rb,9.0,10.823066281585954,0,11.281530283160897,0,13.103996461495068,1,10.729508,0,10.04491262696,1,-1.414405,0,10.255706979584238,1,-1.8000542272958595,1,0.8244703970873659,0,4,16
2021,2024,2025,10,alonso,aston_martin,6.0,10.319166407450503,1,9.23610511914955,1,12.318293613275284,0,10.208185,1,9.586255262178485,0,-1.5569102,0,9.34567668747287,0,-4.121886944636755,0,0.7084861786717117,0,3,7
2021,2024,2025,10,ocon,haas,15.0,13.07021538407025,0,13.888567779444568,0,11.55631835734657,0,15.424343,0,9.280494444134634,0,-0.34135512,1,16.073241974616792,0,-3.4249836340850885,0,0.8405538400585562,1,2,9
2021,2024,2025,10,russell,mercedes,1.0,5.194287911289587,0,4.46208216310856,0,3.1773622703684596,0,4.9173784,0,7.783917197847299,0,-3.809255,0,5.418166244827327,0,-8.763166389365445,0,0.023766948220393935,0,0,1
2021,2024,2025,10,piastri,mclaren,3.0,3.181657324617219,0,5.827259616471036,0,3.293713411459214,0,5.4357934,0,7.929368904351833,0,-3.5431542,0,8.259930191062507,0,-6.828134794872859,0,0.13600295663521628,0,0,4
2021,2024,2025,10,antonelli,mercedes,4.0,6.984812798569552,0,6.296779787654791,0,7.796906415891742,0,4.3390894,0,8.28651843603499,0,-2.7247488,0,4.340951514925816,0,-5.1565070509832935,0,0.3449144569708903,0,0,3
2021,2024,2025,10,max_verstappen,red_bull,2.0,4.498502787827136,0,4.328247286292225,0,3.9206933320379753,0,3.531883,0,7.458746126398323,0,-3.8346198,0,1.760524587483481,0,-8.954209248531592,0,0.0106974982277474,0,0,2
2021,2024,2025,10,hamilton,ferrari,5.0,6.777022944123642,0,6.400483391046269,0,7.3851819704159265,0,5.511993,0,8.736130466887282,0,-2.279427,0,4.64221687501308,0,-4.217079876603181,0,0.4398574130062011,0,0,6
2021,2024,2025,10,hulkenberg,sauber,13.0,13.475387030202377,0,12.944185209148651,0,12.394203470305266,0,13.698161,0,9.168341562760782,0,-1.43141,0,13.974625481314218,0,-4.426716421612644,0,0.660487264482529,0,0,8
2021,2024,2025,10,sainz,williams,17.0,13.930575565483466,0,14.743601456149541,0,10.06974120585988,0,17.284468,0,7.941387724684913,0,-1.9492688,0,16.949006273441356,0,-5.327066736833445,0,0.49134311681413384,0,0,10
2021,2024,2025,10,bearman,haas,14.0,13.800526471672026,0,14.293482181385983,0,10.888426736466164,0,15.249895,0,9.81927693827118,0,-1.1945553,0,14.523230194522807,0,-2.666718885295172,0,0.7219285170958498,0,0,11
2021,2024,2025,10,leclerc,ferrari,8.0,7.346651041668682,0,6.631776646549342,0,8.810209234888907,0,5.3765483,0,9.303024604234867,0,-2.9279268,0,5.903668662809896,0,-5.5847270043681,0,0.34280044693405365,0,0,5
2021,2024,2025,10,tsunoda,red_bull,11.0,11.835140613210289,0,12.149410070537364,0,11.645742456675203,0,10.77544,0,9.268479303629837,0,-2.733319,0,11.18994669394711,0,-6.900597678867708,0,0.4245707517066923,0,0,12
2021,2024,2025,10,colapinto,alpine,12.0,13.65941975132328,0,14.057771158021502,0,11.812085916122916,0,13.469703,0,9.102464734270441,0,-1.9533583,0,13.10458494454461,0,-1.889129501144759,0,0.6220853120401041,0,0,13
2021,2024,2025,10,bortoleto,sauber,16.0,15.461259917955493,0,15.524434499174161,0,7.730681341212504,0,17.245779,0,8.37070804563953,0,-1.5614154,0,16.51874223479226,0,-5.693370258855213,0,0.522713031497916,0,0,14
2021,2024,2025,10,gasly,alpine,20.0,15.677427550670878,0,15.150032633727227,0,8.410032897243129,0,14.845361,0,8.434779122654923,0,-2.6850529,0,15.571463118060523,0,-4.370768841167133,0,0.3789284938335822,0,0,15
2021,2024,2025,10,stroll,aston_martin,18.0,15.5335664996547,0,15.223703486624029,0,8.654455483864764,0,15.914989,0,8.902192497317136,0,-2.1579564,0,14.484186577897507,0,-4.2346611258165,0,0.48416833976215334,0,0,17
2021,2024,2025,10,norris,mclaren,7.0,5.44054074602038,0,6.473066206872301,0,6.868606176962619,0,8.222791,0,9.013907140052604,0,-3.3699708,0,8.56757983073251,0,-7.19162955706847,0,0.23487927431665798,0,0,18
2021,2024,2025,10,lawson,rb,19.0,15.58504902290477,0,15.565481659845268,0,8.310808632451101,0,15.702392,0,8.720892082841283,0,-1.6359314,0,16.472371672905695,0,-4.457124170901164,0,0.5501205302347116,0,0,19
2021,2024,2025,10,albon,williams,10.0,11.200409711894226,0,11.763463992332374,0,12.395472280562265,0,11.3443575,0,9.628401052079491,0,-1.5775398,0,11.424846116344817,0,-2.1489425610192785,0,0.7198109464346958,0,0,20
2021,2024,2025,11,lawson,rb,6.0,10.54560127244616,1,10.025205264333017,1,12.125167755646128,0,9.241147,1,10.52791459096917,0,-0.5043718,0,9.574541163790618,0,-1.285142613481999,1,0.9401278375676089,1,5,6
2021,2024,2025,11,piastri,mclaren,3.0,3.92616807647976,0,6.3473853516637435,0,3.7292889087333263,0,8.773857,0,8.164975431662938,0,-3.1555994,0,10.164159357136063,1,-6.332557107460574,0,0.36139301460135165,0,1,2
2021,2024,2025,11,alonso,aston_martin,11.0,12.114316848574427,0,13.062434391211305,0,12.687915396866835,1,13.49611,0,9.4674475503406,0,-0.87390333,0,14.5859507339237,0,-1.7871327514276143,0,0.8092592151807553,0,1,7
2021,2024,2025,11,hadjar,rb,13.0,12.677463433935852,0,12.481383521736245,0,12.31824099830591,0,11.933139,0,10.645115349174997,1,-1.1212345,0,11.960584637482254,0,-2.7399552260549656,0,0.7817014203496755,0,1,12
2021,2024,2025,11,colapinto,alpine,14.0,14.217972293256098,0,14.604466550598993,0,10.46297299396181,0,14.987003,0,8.507945744966669,0,-0.2744523,1,15.762656257994806,0,-2.89435430082571,0,0.821666786932573,0,1,15
2021,2024,2025,11,hamilton,ferrari,4.0,6.429537999903196,0,5.302004947972919,0,6.181319631216142,0,3.9715328,0,8.351108759499413,0,-2.149528,0,4.385097515571284,0,-5.987624893340104,0,0.4448213192579299,0,0,4
2021,2024,2025,11,norris,mclaren,1.0,3.1981665826832435,0,3.6898398871879277,0,2.0758709569299594,0,3.552639,0,5.398295594573757,0,-4.5693336,0,3.4534546113770186,0,-7.010754333984532,0,0.01562041567960836,0,0,1
2021,2024,2025,11,leclerc,ferrari,2.0,5.205576663283601,0,4.783017869677539,0,3.942251442123943,0,3.5711946,0,7.536237837562826,0,-3.508719,0,4.451803746037454,0,-7.713668005832565,0,0.18829029491310423,0,0,3
2021,2024,2025,11,bortoleto,sauber,8.0,12.193041058853195,0,12.795604223774365,0,12.368685473703993,0,13.397525,0,9.218501937033901,0,-1.4666969,0,13.496927333216094,0,-2.744192376851659,0,0.7082473053921818,0,0,8
2021,2024,2025,11,hulkenberg,sauber,20.0,15.725329359491022,0,14.776582092642027,0,8.619936244353212,0,16.030556,0,8.75594094401766,0,-2.6956005,0,15.443230344736014,0,-4.848677204268912,0,0.43450754649551726,0,0,9
2021,2024,2025,11,ocon,haas,17.0,14.510519681619542,0,13.99815761759428,0,10.495361555986925,0,14.937893,0,9.013038803833162,0,-1.9920783,0,14.939361590680774,0,-5.55831262238619,0,0.5416465448566612,0,0,10
2021,2024,2025,11,russell,mercedes,5.0,6.947864374542689,0,6.547366990020983,0,6.7831335710348,0,5.7173657,0,8.987835987429783,0,-4.559747,0,6.103749561142845,0,-5.6126199542588076,0,0.15331494973511925,0,0,5
2021,2024,2025,11,bearman,haas,15.0,14.249120475679232,0,14.076089021074282,0,10.722376300422763,0,15.317757,0,9.32826196695024,0,-1.1545209,0,15.221144533258036,0,-3.4431215506356363,0,0.7050042672264696,0,0,11
2021,2024,2025,11,gasly,alpine,10.0,12.07525606479601,0,13.10935305172363,0,12.463001637107906,0,13.541894,0,9.403590892104353,0,-1.4398435,0,13.55177824121538,0,-5.529434759040365,0,0.6525235840426299,0,0,13
2021,2024,2025,11,stroll,aston_martin,16.0,15.16051370457429,0,14.432205158252202,0,9.947024583314203,0,15.292935,0,8.892926078070142,0,-2.6592004,0,14.79920035229461,0,-6.228272501886623,0,0.4300604287437701,0,0,14
2021,2024,2025,11,tsunoda,red_bull,18.0,14.870140159225148,0,14.162595376149074,0,9.628721866409121,0,13.251296,0,8.659963218893376,0,-2.3646238,0,13.656468598121968,0,-4.2916614211939415,0,0.5114379780282929,0,0,16
2021,2024,2025,11,albon,williams,12.0,12.0538530467211,0,12.00236101541915,0,12.459944471178321,0,11.96067,0,9.33053716449551,0,-2.7456963,0,12.139357485956538,0,-3.982114894583983,0,0.5254202414759993,0,0,17
2021,2024,2025,11,max_verstappen,red_bull,7.0,7.142832039949342,0,7.504360824525564,0,9.404180794203809,0,8.043295,0,9.092775313140038,0,-3.864056,0,9.688245227696859,0,-5.104353968130783,0,0.3665715003993632,0,0,18
2021,2024,2025,11,antonelli,mercedes,9.0,8.717655344199798,0,8.650315335923045,0,10.816431368350285,0,6.0404263,0,9.039543002165521,0,-2.251105,0,6.2803039446936095,0,-1.6358265732426036,0,0.6046170042633715,0,0,19
2021,2024,2025,11,sainz,williams,19.0,15.127366802002053,0,13.376044796273455,0,9.77686166776362,0,15.795221,0,8.20620741635827,0,-3.886671,0,13.675536757657369,0,-5.729228508771048,0,0.2747465456799364,0,0,20
2021,2024,2025,12,bearman,haas,8.0,11.080973302985358,0,11.263450940508598,1,13.203722189815867,1,9.585448,1,10.321218352297558,1,-0.50292283,1,9.533273280608231,0,-0.4919791850872745,1,0.9970086759340081,1,7,11
2021,2024,2025,12,albon,williams,14.0,12.832308050952118,0,12.07802359796007,0,12.315067466482967,0,11.094045,0,9.683924857508407,0,-1.5730493,0,10.428155061341387,1,-1.6668038578426556,0,0.8219282328442544,0,1,8
2021,2024,2025,12,alonso,aston_martin,9.0,11.068116939282751,1,11.493770233182836,0,12.898519102111832,0,11.407531,0,10.156750335457295,0,-1.2209822,0,12.09202972054957,0,-2.973161066223913,0,0.7995917724627175,0,1,9
2021,2024,2025,12,norris,mclaren,3.0,3.0838301599999305,0,4.229180815642843,0,3.74174297711959,0,6.0823936,0,7.890895478527224,0,-4.8932734,0,6.6291502634887935,0,-7.321455579849486,0,0.08514310053939528,0,0,1
2021,2024,2025,12,hamilton,ferrari,5.0,6.341327618132795,0,6.055798926200687,0,6.225658842009326,0,4.3140025,0,8.192179669635564,0,-3.3234007,0,3.7416619058259037,0,-8.866079669809636,0,0.28724544695877513,0,0,4
2021,2024,2025,12,hulkenberg,sauber,19.0,15.804142745277272,0,14.808699053661805,0,9.154911041394854,0,15.723811,0,8.28531226347256,0,-2.6121972,0,16.186664150872147,0,-4.557826658278242,0,0.4891892339008253,0,0,3
2021,2024,2025,12,piastri,mclaren,2.0,2.874800708795454,0,2.9623822148209173,0,2.5565463212247312,0,4.9502935,0,6.5940690983532715,0,-3.45028,0,3.401379121282874,0,-7.584900002519904,0,0.22049957780613014,0,0,2
2021,2024,2025,12,max_verstappen,red_bull,1.0,4.550563834944239,0,4.380119694711039,0,3.4383718605944438,0,2.4412034,0,7.397675319681319,0,-4.682982,0,3.5657272077177424,0,-9.455835210606265,0,0.05281090370209108,0,0,5
2021,2024,2025,12,stroll,aston_martin,18.0,15.747419233850902,0,15.172488525006635,0,8.402206316993933,0,16.046652,0,8.485772991266916,0,-3.5875158,0,13.988437999965567,0,-4.893031915524649,0,0.3593266594508509,0,0,7
2021,2024,2025,12,gasly,alpine,10.0,12.24099494872926,0,13.354350228193645,0,12.414773976927473,0,14.180776,0,10.006470402070187,0,-0.96189785,0,11.862369789430273,0,-3.8323567878335387,0,0.8154247872185746,0,0,6
2021,2024,2025,12,russell,mercedes,4.0,5.862683695492879,0,5.113864759934129,0,5.500084118537863,0,4.803028,0,8.683053958652502,0,-4.449624,0,4.425243575298703,0,-6.397271034583568,0,0.1788698745909365,0,0,10
2021,2024,2025,12,sainz,williams,11.0,12.25551383615135,0,11.934067467757774,0,12.782757794106423,0,10.429055,0,9.84595466296196,0,-3.681355,0,10.429399488864412,0,-6.276487582202666,0,0.4823021719245255,0,0,12
2021,2024,2025,12,ocon,haas,15.0,13.658758434792862,0,13.534936930541702,0,12.00525050264559,0,14.483455,0,9.326656960413189,0,-1.6157912,0,13.124214967618784,0,-4.433238751038996,0,0.6891960927378366,0,0,13
2021,2024,2025,12,leclerc,ferrari,6.0,6.294073957700407,0,5.4453300923567864,0,6.881661874555825,0,3.2176871,0,8.655883604734196,0,-3.990023,0,4.14057145580154,0,-8.501663118740778,0,0.22231639057762312,0,0,14
2021,2024,2025,12,tsunoda,red_bull,12.0,12.384183501779193,0,12.07387151639631,0,11.729137015123165,0,11.498008,0,10.087448030529579,0,-1.5887084,0,12.07069025723992,0,-3.634513037931084,0,0.7249798279681269,0,0,15
2021,2024,2025,12,antonelli,mercedes,7.0,8.09566096210726,0,7.90892794553003,0,10.05711825335312,0,6.392719,0,8.709917325008668,0,-2.770996,0,5.983695502640447,0,-5.388811640022365,0,0.48258739377577825,0,0,16
2021,2024,2025,12,hadjar,rb,13.0,12.995500143953759,0,12.756624614188663,0,12.789492911655117,0,13.316673,0,9.824865337184555,0,-0.6674814,0,12.83099824375218,0,-2.1481924725817203,0,0.8689432110349984,0,0,17
2021,2024,2025,12,bortoleto,sauber,17.0,15.514415013292647,0,14.941767814854277,0,8.893861016519072,0,14.178007,0,8.570237146434675,0,-2.4409697,0,15.409756757220356,0,-3.25408458483195,0,0.5351306805717322,0,0,18
2021,2024,2025,12,lawson,rb,16.0,13.987446773144,0,14.249989723880953,0,9.850638965066365,0,13.979726,0,10.214446462163604,0,-0.57513547,0,13.847232427448981,0,-0.8143118523449332,0,0.8588761983358173,0,0,19
2021,2024,2025,12,colapinto,alpine,20.0,16.672531217389633,0,16.289443040759014,0,5.616237642412854,0,17.521048,0,8.137864967604019,0,-2.3741822,0,17.776309003970994,0,-6.395534499013306,0,0.4374227792931783,0,0,20
2021,2024,2025,13,ocon,haas,11.0,11.996859081052214,0,11.706514455176116,0,13.385723610719637,1,11.192876,0,10.622596461276885,1,-0.039314885,0,10.650529356058,1,-1.9353239576228685,0,0.940245110992956,1,4,15
2021,2024,2025,13,tsunoda,red_bull,7.0,10.47972231868351,1,9.715015174863098,1,11.795026053921678,0,9.287872,0,9.542776487112507,0,-1.9567816,0,8.048383599533391,0,-2.8439238926705395,0,0.642409977818525,0,2,13
2021,2024,2025,13,bearman,haas,12.0,12.801219373059084,0,12.541129538236682,0,11.996779858732337,0,13.37898,0,10.4447727321459,0,0.45344573,1,14.20737671876145,0,-1.974270454402105,0,0.8890132333836753,0,1,11
2021,2024,2025,13,albon,williams,5.0,9.086697611862418,0,8.222605025575659,0,11.51121369940919,0,6.329278,0,9.68497838761253,0,-2.3094058,0,6.35688152150945,0,-1.4152468263000832,1,0.6026103776533598,0,1,6
2021,2024,2025,13,antonelli,mercedes,18.0,13.281390970725237,0,10.734112606679435,0,11.002514013422168,0,9.990328,1,9.224408606828213,0,-2.1431043,0,7.8605704341072355,0,-3.2809924829319437,0,0.5986880155922097,0,1,16
2021,2024,2025,13,leclerc,ferrari,3.0,5.2815947620439,0,4.761450476752894,0,4.978022563577843,0,4.7089844,0,8.439815618643205,0,-3.697568,0,3.1648519280341993,0,-9.257550623904825,0,0.21650087855988115,0,0,3
2021,2024,2025,13,norris,mclaren,1.0,2.1101849689136625,0,3.418120577316368,0,2.1259746313960033,0,6.805802,0,5.670255594828183,0,-5.050828,0,5.7056590544073185,0,-10.055676767202629,0,0.01219778058115845,0,0,2
2021,2024,2025,13,piastri,mclaren,2.0,2.866984112800573,0,4.031357627065586,0,2.417780773704212,0,5.36188,0,7.305005097209187,0,-3.48205,0,5.017053882233743,0,-8.45695337107102,0,0.21658565917168288,0,0,1
2021,2024,2025,13,max_verstappen,red_bull,4.0,5.286148686682409,0,5.750816621802057,0,5.975791650854875,0,5.7331433,0,8.21080485786127,0,-4.8011165,0,5.729644456869293,0,-8.596944149084315,0,0.13568372436507106,0,0,4
2021,2024,2025,13,lawson,rb,9.0,11.069442804268196,0,12.439583364919772,0,12.483974318588528,0,12.297045,0,9.930504608570434,0,-2.147831,0,11.819446161214016,0,-4.062170126285187,0,0.6180661566729222,0,0,8
2021,2024,2025,13,hamilton,ferrari,16.0,11.20700527132717,0,9.175478389853653,0,9.570817040690486,0,8.395609,0,9.720602418810296,0,-2.445433,0,6.527016727436786,0,-5.308491776463567,0,0.5014747308774532,0,0,7
2021,2024,2025,13,russell,mercedes,6.0,7.493259969959415,0,7.002351961203211,0,8.459572364046165,0,5.8274684,0,9.315280181658151,0,-4.472692,0,7.959566167157172,0,-6.861997957065957,0,0.2683098352349056,0,0,5
2021,2024,2025,13,hulkenberg,sauber,14.0,13.320372204003679,0,12.464369339166213,0,12.883607725225085,0,11.483115,0,9.389153875466622,0,-1.4319274,0,11.735743531539995,0,-3.0692573318318366,0,0.7108304293316061,0,0,12
2021,2024,2025,13,gasly,alpine,13.0,12.612169489088156,0,12.435414019376546,0,11.855447402548082,0,12.21,0,9.509547288976059,0,-0.53087187,0,11.919450119966221,0,-3.864755792765848,0,0.7747538776017706,0,0,10
2021,2024,2025,13,bortoleto,sauber,10.0,12.626737266098397,0,12.84106378896772,0,12.161199744598374,0,13.668244,0,9.7940299782181,0,-1.0721365,0,13.125235443474637,0,-1.6689423022183512,0,0.7415432121115207,0,0,9
2021,2024,2025,13,stroll,aston_martin,20.0,15.59239967037362,0,15.1350562622361,0,7.987152731368076,0,15.021386,0,8.449493162204837,0,-2.8392508,0,16.03051756756163,0,-5.749492519985938,0,0.40478822186578883,0,0,14
2021,2024,2025,13,alonso,aston_martin,19.0,15.201139392142721,0,14.73138217524469,0,9.624178358342915,0,13.430021,0,8.798199232504587,0,-2.3489358,0,14.675813856823908,0,-4.472853823908147,0,0.5076812600727726,0,0,17
2021,2024,2025,13,sainz,williams,15.0,13.477226266952421,0,13.496118380578624,0,11.80806729532481,0,12.258514,0,9.535626709920509,0,-2.4235332,0,10.914398840322379,0,-4.398319101991121,0,0.6049058840426091,0,0,18
2021,2024,2025,13,colapinto,alpine,17.0,15.54123133370956,0,15.343565561018725,0,8.122704688407296,0,15.614703,0,9.166129267829344,0,-2.032808,0,14.949648602939597,0,-4.526040452672307,0,0.5224939622103097,0,0,19
2021,2024,2025,13,hadjar,rb,8.0,10.797158685771976,0,11.493580709234188,0,12.118246743669284,0,13.506554,0,9.73733925335103,0,-1.8280616,0,11.42309789078867,0,-5.3207311813587586,0,0.6355105522548887,0,0,20
2021,2024,2025,14,lawson,rb,9.0,11.123399403638366,0,11.598833118585834,0,12.831367764805941,1,12.185154,0,10.026147946822624,0,-1.4413234,0,11.416614597924674,1,-1.4435884198818074,1,0.8314047240648411,0,3,8
2021,2024,2025,14,bearman,haas,11.0,12.439398342472977,0,12.250716769230028,0,12.710708812777051,0,13.879807,0,10.037222070288067,0,-0.04927545,1,13.363840160802328,0,-2.3630034287633355,0,0.9145316209463543,1,2,20
2021,2024,2025,14,alonso,aston_martin,5.0,9.337393177445765,0,9.2335620734274,0,11.732487515033556,0,8.887931,1,9.472838083468682,0,-1.9742417,0,7.822775386212083,0,-2.710851213111942,0,0.6894007915098005,0,1,5
2021,2024,2025,14,stroll,aston_martin,6.0,9.777196694305871,1,9.444595442351014,0,12.242696202152612,0,7.6643395,0,9.360529118615434,0,-2.8585668,0,7.299512158426111,0,-3.2998708371717824,0,0.5641859389000156,0,1,7
2021,2024,2025,14,gasly,alpine,17.0,14.919484679244924,0,14.597388082500547,0,11.10701891429818,0,13.768511,0,10.43429571353467,1,-1.3060511,0,15.151471785156906,0,-4.089669400279575,0,0.6922781590514093,0,1,19
2021,2024,2025,14,antonelli,mercedes,15.0,12.06132932691795,0,10.185289099406464,1,12.236605404015737,0,8.851712,0,9.668180080087154,0,-1.168339,0,6.526939604449528,0,-2.9919245343381844,0,0.7575936384734201,0,1,10
2021,2024,2025,14,piastri,mclaren,2.0,2.5918601707897695,0,4.1049528957939865,0,2.2104637604943402,0,5.7555804,0,7.706541482345501,0,-3.4376607,0,4.982151168501628,0,-7.983945398734365,0,0.21363201255205597,0,0,2
2021,2024,2025,14,norris,mclaren,3.0,2.5911933384405064,0,4.054126598726634,0,3.588150460354551,0,5.0600777,0,7.694636187037351,0,-4.896698,0,4.658795743571914,0,-7.775579045409409,0,0.061461478545822575,0,0,1
2021,2024,2025,14,leclerc,ferrari,1.0,4.888323703928853,0,4.655274944373226,0,3.423169120317714,0,5.5578017,0,6.111936756515433,0,-4.6175866,0,4.294438550311509,0,-8.499947080121414,0,0.05721927485971624,0,0,4
2021,2024,2025,14,russell,mercedes,4.0,6.688148228476888,0,5.561315867470894,0,5.972336221053017,0,6.04803,0,8.783017999688782,0,-4.002149,0,4.669266379002005,0,-6.210404226974664,0,0.24274599440896139,0,0,3
2021,2024,2025,14,bortoleto,sauber,7.0,11.389014939716336,0,11.43418507448795,0,12.483603829308437,0,11.901156,0,9.931065316075438,0,-0.81656617,0,13.017525900404731,0,-2.538577027790836,0,0.8228128936562581,0,0,6
2021,2024,2025,14,max_verstappen,red_bull,8.0,7.537652258738853,0,7.5838124692234,0,9.925296289828541,0,8.062214,0,9.3211314624031,0,-3.6494312,0,7.186406513147068,0,-5.394652795286511,0,0.39430133023271047,0,0,9
2021,2024,2025,14,hamilton,ferrari,12.0,9.489069933523389,0,7.466139386050936,0,9.888818506241291,0,5.861559,0,9.492799050560196,0,-2.545939,0,4.4178985721407456,0,-6.137693574898518,0,0.47439068557831954,0,0,12
2021,2024,2025,14,hadjar,rb,10.0,11.932658534938641,0,12.167376844777154,0,12.212333149176628,0,13.455724,0,9.625149205693548,0,-2.6000962,0,14.016220564634576,0,-4.567443325337398,0,0.5481382137702617,0,0,11
2021,2024,2025,14,hulkenberg,sauber,19.0,15.468297881237943,0,15.030226379249784,0,9.13997384423518,0,14.427986,0,8.631825676654755,0,-1.6378659,0,17.010163446654975,0,-5.530710980421116,0,0.5652406921119068,0,0,13
2021,2024,2025,14,sainz,williams,13.0,12.915910891400326,0,12.320535134400604,0,12.453047293440822,0,11.68154,0,9.364053078357408,0,-2.8490245,0,12.528843456877558,0,-3.0083152604590895,0,0.5784137770579207,0,0,14
2021,2024,2025,14,ocon,haas,18.0,15.041514290952499,0,15.120626047364967,0,9.724286510426436,0,15.63665,0,9.607792146260744,0,-0.59169143,0,16.230022876756703,0,-3.803318956034544,0,0.7465894580079402,0,0,16
2021,2024,2025,14,albon,williams,20.0,14.951050074672459,0,14.580872793391881,0,9.678418338458902,0,13.943465,0,9.277185066950173,0,-1.7795944,0,15.560240152723958,0,-2.856810898607037,0,0.6261131307160331,0,0,15
2021,2024,2025,14,colapinto,alpine,14.0,14.180904797456744,0,14.61508704691843,0,9.851164317156242,0,14.558141,0,9.344457824663555,0,-0.9889329,0,13.294040430205218,0,-4.285426294890096,0,0.7199753295016824,0,0,18
2021,2024,2025,14,tsunoda,red_bull,16.0,14.20868036549357,0,13.269950533680039,0,10.611545930481512,0,12.048667,0,9.933667103557719,0,-1.3686633,0,13.395433506230887,0,-2.6415553724107586,0,0.72344027913646,0,0,17
2021,2024,2025,15,lawson,rb,8.0,10.154877108558798,1,11.038169744854166,0,12.916673406199507,0,9.646513,1,10.266556197912317,1,-1.6816832,0,9.556169106492952,1,-4.047021531830063,0,0.7959899669657451,0,4,12
2021,2024,2025,15,albon,williams,15.0,13.140861278749757,0,13.28195771735012,0,12.558339738297398,0,12.7353525,0,9.544963676103977,0,-0.56059474,1,12.7795744082417,0,-3.0013188544478466,0,0.9003158272844293,1,2,5
2021,2024,2025,15,alonso,aston_martin,10.0,10.844620983093279,0,11.09569912321705,0,12.962235756185004,1,11.801106,0,10.136548288974717,0,-1.078267,0,12.777152911748262,0,-2.246929628881191,1,0.8491550955707464,0,2,8
2021,2024,2025,15,sainz,williams,9.0,10.95259190343297,0,10.499065316565648,1,12.744294394312004,0,8.0643,0,9.73189694377873,0,-2.4322226,0,8.560288036292192,0,-4.5746272983148435,0,0.6180882907962924,0,1,13
2021,2024,2025,15,russell,mercedes,5.0,6.698103611512352,0,5.833649482960107,0,7.340645762799576,0,5.780761,0,9.160444104886748,0,-2.9812486,0,5.3372510434645895,0,-5.430026915101165,0,0.40671509128521116,0,0,4
2021,2024,2025,15,hadjar,rb,4.0,9.326740077394929,0,9.051436171231765,0,11.710857503712825,0,7.445925,0,9.414064370456943,0,-3.0928695,0,7.91300380645915,0,-4.447806333146598,0,0.49143896150314653,0,0,3
2021,2024,2025,15,max_verstappen,red_bull,3.0,4.675813639222314,0,5.493711827963558,0,5.7661397827142755,0,4.8453155,0,7.580331042148224,0,-3.2267854,0,4.753909601655683,0,-9.377707968674832,0,0.2526813772234257,0,0,2
2021,2024,2025,15,piastri,mclaren,1.0,1.2828494321197468,0,2.848526899588783,0,1.4587728908748598,0,4.6786594,0,5.548836561655516,0,-3.5695655,0,3.5536246182988593,0,-7.536928064816844,0,0.16002716935874903,0,0,1
2021,2024,2025,15,stroll,aston_martin,20.0,14.93326152437717,0,15.165075998243097,0,8.111773328300204,0,14.332334,0,8.991173830132679,0,-2.3078446,0,15.59947556595239,0,-5.981843990424053,0,0.4998364793688412,0,0,7
2021,2024,2025,15,tsunoda,red_bull,12.0,12.898205035979965,0,13.088954988888254,0,11.270935269013385,0,12.596816,0,8.988706183354186,0,-1.6305537,0,13.438100052270471,0,-5.073180795181697,0,0.6708295244208425,0,0,9
2021,2024,2025,15,ocon,haas,18.0,15.127068325512539,0,15.682031830063726,0,8.761898931986758,0,16.036701,0,7.990377772322049,0,-1.4464113,0,15.812055970450206,0,-6.451668267057698,0,0.616211839409023,0,0,10
2021,2024,2025,15,bearman,haas,19.0,16.20821081093214,0,15.731624263384798,0,7.4826583379412135,0,16.406609,0,8.729208383116472,0,-2.3817084,0,15.359904633446465,0,-5.676392255332366,0,0.4854346588675755,0,0,6
2021,2024,2025,15,colapinto,alpine,16.0,15.422645215170277,0,16.230297975534132,0,6.068086357310353,0,17.931618,0,8.660438760210809,0,-2.1456702,0,16.778331572989043,0,-6.191226130943951,0,0.48725908122556566,0,0,11
2021,2024,2025,15,hulkenberg,sauber,17.0,14.290447859956046,0,14.817875109642612,0,10.315077699104783,0,13.764353,0,8.07564657067183,0,-1.8824828,0,15.783831977165411,0,-5.5005784180825925,0,0.5904113956173396,0,0,14
2021,2024,2025,15,bortoleto,sauber,13.0,13.416008067167326,0,13.013796595685706,0,12.450060229730427,0,14.075408,0,9.912224999806845,0,-0.9158932,0,14.326509229772679,0,-2.4889405190280343,0,0.8469216985822372,0,0,15
2021,2024,2025,15,antonelli,mercedes,11.0,10.382195686920573,0,9.454189052645784,0,12.030157310679265,0,6.6196375,0,9.60024827598479,0,-1.7527527,0,7.204884031596177,0,-4.5911582216157765,0,0.6842887118491175,0,0,16
2021,2024,2025,15,gasly,alpine,14.0,13.678337353854369,0,13.865971897058325,0,11.782564401599528,0,12.629757,0,9.653177736017831,0,-0.84010464,0,14.73262953334385,0,-4.215048006802232,0,0.8105066477837096,0,0,17
2021,2024,2025,15,norris,mclaren,2.0,1.390565270666512,0,3.2156095453184235,0,2.469940647183826,0,4.737372,0,7.4975164029083565,0,-4.3879137,0,5.446031770324984,0,-6.737757433792139,0,0.0938090100411002,0,0,18
2021,2024,2025,15,leclerc,ferrari,6.0,5.950842510936349,0,6.258199571124469,0,8.343807304024237,0,5.5861764,0,9.299976134699993,0,-3.2137713,0,4.395128599766677,0,-5.9452779616510165,0,0.37128943515650864,0,0,19
2021,2024,2025,15,hamilton,ferrari,7.0,6.920203492754354,0,7.219307253397477,0,9.619843116868108,0,6.992818,0,9.352047969476677,0,-1.9853013,0,6.123228914184143,0,-3.752188212325851,0,0.6240703281530899,0,0,20
2021,2024,2025,16,albon,williams,14.0,12.559659236387438,0,11.939612234173518,0,12.926336653123967,1,11.245636,1,10.380312996825081,1,0.29814795,1,10.974342134182367,0,-0.2501100521115441,1,0.9964071845336575,1,6,7
2021,2024,2025,16,alonso,aston_martin,9.0,11.019283084333246,0,11.186790073000008,1,12.782488771329263,0,11.532786,0,10.226682395423307,0,-2.1587608,0,11.787005086779667,0,-2.642484572511735,0,0.6508530967173524,0,1,19
2021,2024,2025,16,bortoleto,sauber,8.0,11.08576333666186,0,11.976113117648516,0,12.709732109188076,0,11.710898,0,9.862509144965397,0,-1.0623782,0,10.91568883827957,1,-2.646786248376729,0,0.8042376039961955,0,1,8
2021,2024,2025,16,antonelli,mercedes,7.0,9.031995602956288,1,8.28327544489208,0,10.668209642968732,0,7.024972,0,9.10880714193312,0,-2.190693,0,8.024296083581888,0,-5.816104195841529,0,0.5499984192338575,0,1,9
2021,2024,2025,16,leclerc,ferrari,4.0,5.427819447526752,0,4.96835662678153,0,5.577683234004382,0,3.6680884,0,8.583764431626559,0,-3.7967966,0,1.9853602800178431,0,-5.0610043150907815,0,0.2497632256440642,0,0,4
2021,2024,2025,16,piastri,mclaren,3.0,2.4568887280024434,0,3.8752238467658526,0,3.179975713747681,0,4.28046,0,8.0137089266557,0,-3.4341383,0,5.034333808576354,0,-6.424168006496696,0,0.24056229726007755,0,0,3
2021,2024,2025,16,norris,mclaren,2.0,2.703536108455083,0,3.819707167831362,0,3.3522758375940653,0,3.196783,0,6.705758185289134,0,-4.3325157,0,2.995497066984862,0,-6.432793866092848,0,0.11662176520708678,0,0,2
2021,2024,2025,16,max_verstappen,red_bull,1.0,4.081193954947031,0,5.190623747024265,0,3.164212067208858,0,6.7959967,0,7.3565225150777485,0,-4.8615746,0,7.66680295095364,0,-9.97497094780736,0,0.05223990083444391,0,0,1
2021,2024,2025,16,russell,mercedes,6.0,6.972455011133638,0,6.052708814118043,0,7.548752436965564,0,4.709422,0,8.9426424282991,0,-4.0175223,0,5.531869474171591,0,-6.6075744890515,0,0.25276314722260257,0,0,5
2021,2024,2025,16,hadjar,rb,16.0,13.943735335031192,0,13.51553857627149,0,10.988327675646254,0,12.954315,0,9.770549528491774,0,-1.9701842,0,12.756513091524146,0,-2.974432169584239,0,0.6132402658112475,0,0,10
2021,2024,2025,16,sainz,williams,13.0,13.141455871149013,0,12.71973538101821,0,12.321405817202336,0,11.427045,0,9.425866081606427,0,-2.2592924,0,11.096719877279813,0,-4.231861187956884,0,0.6266141990536782,0,0,11
2021,2024,2025,16,hamilton,ferrari,5.0,6.850419839218089,0,5.882096241805214,0,7.835264114313468,0,4.438082,0,8.71256296759111,0,-4.1616354,0,3.751266943243254,0,-6.120349331451079,0,0.23476361086883168,0,0,6
2021,2024,2025,16,bearman,haas,11.0,12.094513061706028,0,12.335536920728465,0,12.683266523498046,0,13.693884,0,10.090891136468858,0,-0.12670323,0,13.562895560000689,0,-1.290353087746317,0,0.8601961971180353,0,0,12
2021,2024,2025,16,tsunoda,red_bull,10.0,11.733068548986669,0,13.00713534109156,0,11.728812726941609,0,11.340759,0,8.31263592044998,0,-1.3383052,0,12.681623738041061,0,-1.6288647482094905,0,0.6961831573805937,0,0,13
2021,2024,2025,16,ocon,haas,15.0,14.02907417772926,0,14.051544302642508,0,11.97979073314882,0,15.101168,0,9.883361056327658,0,-1.708776,0,14.042699366744916,0,-3.746384213423977,0,0.6310910029057764,0,0,15
2021,2024,2025,16,lawson,rb,20.0,15.370085213484902,0,15.179539045000412,0,8.68409188159924,0,13.775765,0,9.573437399033512,0,-2.0223527,0,14.493747322464088,0,-3.918175075284315,0,0.5378223703769299,0,0,14
2021,2024,2025,16,gasly,alpine,19.0,16.157838716551073,0,15.739655117837822,0,8.361373930090046,0,16.496881,0,9.041798590911714,0,-2.4453392,0,16.808497308694363,0,-7.428308160698566,0,0.4153004714155283,0,0,16
2021,2024,2025,16,colapinto,alpine,18.0,15.666884689048832,0,15.797331779737512,0,6.772316633192697,0,16.64176,0,8.941931004295954,0,-3.2987761,0,16.529525525553126,0,-5.922739037827552,0,0.319451872399828,0,0,17
2021,2024,2025,16,stroll,aston_martin,17.0,14.47630203361822,0,14.631333158589303,0,10.298646731864155,0,15.230608,0,10.096317882928403,0,-1.8031598,0,15.625570329906825,0,-5.313939341654417,0,0.5647930333545835,0,0,18
2021,2024,2025,16,hulkenberg,sauber,12.0,13.18843334109047,0,12.5905674076644,0,12.617702279509954,0,13.008318,0,9.259418971572739,0,-1.812573,0,13.358813314098368,0,-5.102716044868037,0,0.6081291269084047,0,0,20
2021,2024,2025,17,bearman,haas,15.0,12.684265118746172,0,13.416476697096828,0,11.49226160885221,0,14.164845,0,9.801817752303377,1,-0.45250762,1,13.615412931059437,0,-1.6902205847371297,1,0.9017595972657124,1,4,12
2021,2024,2025,17,hadjar,rb,8.0,10.347396839770905,0,10.035792790490177,1,11.909713125974653,0,9.737908,1,9.187947832261427,0,-2.5906937,0,7.329204164663428,0,-6.835757969806356,0,0.48331446635377984,0,2,10
2021,2024,2025,17,leclerc,ferrari,10.0,8.124872026221356,0,8.809819544076014,0,8.913924605966908,0,10.98723,0,8.943839533140084,0,-3.693143,0,10.550409587650062,1,-3.781311381151585,0,0.39535841286633283,0,1,9
2021,2024,2025,17,tsunoda,red_bull,6.0,10.329634625384424,1,8.838359844015743,0,11.197412240576103,0,7.5068555,0,9.583444451625807,0,-1.4261138,0,6.049547465860299,0,-2.466017689918049,0,0.7259622388639916,0,1,6
2021,2024,2025,17,alonso,aston_martin,11.0,11.717681850799764,0,11.073815351453133,0,12.2512709508394,1,11.130429,0,9.664645186422524,0,-2.6124268,0,11.50988126916089,0,-4.663134342662186,0,0.5600982870591308,0,1,15
2021,2024,2025,17,sainz,williams,2.0,9.312687305529122,0,8.930057241214188,0,8.9041347710593,0,10.276195,0,9.001309984908755,0,-2.7933538,0,8.680507631005156,0,-5.894628935836979,0,0.4522376385535976,0,0,3
2021,2024,2025,17,russell,mercedes,5.0,7.308313702020795,0,6.226655322954822,0,5.854738308350342,0,6.516855,0,8.564039629917199,0,-3.5796738,0,8.469745433505915,0,-6.357875322389866,0,0.2604958546954725,0,0,2
2021,2024,2025,17,max_verstappen,red_bull,1.0,5.080162659784657,0,6.7070342033075585,0,2.8980880712545094,0,6.5643544,0,7.309290003847198,0,-4.1674085,0,6.379287926674061,0,-9.389374862808127,0,0.008540262189590156,0,0,1
2021,2024,2025,17,antonelli,mercedes,4.0,8.66119195101931,0,7.152346407938992,0,7.8600191819882035,0,7.624371,0,7.997941673545699,0,-2.3620923,0,8.220911699524462,0,-5.8003418334943495,0,0.47078429755310597,0,0,4
2021,2024,2025,17,hamilton,ferrari,12.0,9.377919936609265,0,8.960534040035038,0,10.835024528486096,0,9.381133,0,9.702319765838777,0,-2.6214647,0,6.866322216226017,0,-3.284766655753483,0,0.5317111071079493,0,0,8
2021,2024,2025,17,lawson,rb,3.0,9.621579374678904,0,8.674543819175602,0,9.715583770075984,0,8.449229,0,9.318086977443693,0,-1.8206903,0,7.8604252121142215,0,-5.997983808722559,0,0.5956002000615671,0,0,5
2021,2024,2025,17,norris,mclaren,7.0,4.994399159345151,0,7.283269385779111,0,6.6896803494939325,0,10.558562,0,8.42281826200438,0,-4.1598783,0,7.074066454235537,0,-6.183583268963583,0,0.15611458543555076,0,0,7
2021,2024,2025,17,bortoleto,sauber,13.0,13.141582412040755,0,12.866771435155913,0,12.161635414711975,0,12.153404,0,9.604665500233802,0,-1.3118923,0,13.624118646290501,0,-4.664465164508431,0,0.7207563321863526,0,0,11
2021,2024,2025,17,albon,williams,19.0,13.040762008570685,0,12.632486487042003,0,11.069975228797801,0,13.524933,0,9.540668228466373,0,-2.3748891,0,13.077888111751973,0,-5.510534399643627,0,0.5295103699954284,0,0,13
2021,2024,2025,17,ocon,haas,20.0,14.98028311948892,0,14.325145341872439,0,9.319493626624702,0,14.235778,0,9.638908928573436,0,-1.7267733,0,13.701318726819153,0,-3.8622758994281456,0,0.6283495957374274,0,0,14
2021,2024,2025,17,hulkenberg,sauber,17.0,14.214549176143912,0,13.1749200216733,0,10.807396308756497,0,14.117389,0,9.462357949268148,0,-2.0008197,0,12.731271309705193,0,-5.342289470032948,0,0.5892734166251541,0,0,16
2021,2024,2025,17,stroll,aston_martin,14.0,12.92562364554848,0,13.609321702855134,0,12.24505517143778,0,13.485456,0,9.213369903767287,0,-0.7409048,0,13.96376011972762,0,-3.412099687248828,0,0.8226286841567623,0,0,17
2021,2024,2025,17,gasly,alpine,18.0,14.671422817523435,0,13.881940524818965,0,9.447877123055829,0,14.663502,0,8.99455668363738,0,-1.4633733,0,14.282820314270928,0,-5.250829335717683,0,0.6280157865972829,0,0,18
2021,2024,2025,17,colapinto,alpine,16.0,14.244541143069593,0,14.500943510291345,0,9.049500963361927,0,14.04114,0,9.324735073765162,0,-2.2075188,0,14.740537224529133,0,-2.106645741351272,0,0.5690609454456302,0,0,19
2021,2024,2025,17,piastri,mclaren,9.0,5.44137071491624,0,7.649015961617224,0,6.191003574712888,0,10.306488,0,8.461426789327675,0,-3.2240577,0,6.224919389150937,0,-5.056321845306609,0,0.3049372921756137,0,0,20
2021,2024,2025,18,bearman,haas,9.0,11.363193558707131,0,11.383691932996339,0,12.96946160047072,1,11.447004,0,10.271407555567137,1,-0.61203194,1,12.117865120252368,0,-2.854002558549278,0,0.9143858300963801,1,4,9
2021,2024,2025,18,hadjar,rb,8.0,10.098106470522236,1,10.711485239297556,1,12.85553997936639,0,10.263298,0,10.218015621181314,0,-1.2994289,0,9.581578447347333,1,-3.2707705244924608,0,0.8668529123889741,0,3,11
2021,2024,2025,18,lawson,rb,12.0,11.518624848460252,0,11.206037860129365,0,12.718768835455974,0,9.802233,1,9.912759685104305,0,-1.8696564,0,10.678919983352262,0,-1.6755269748881458,1,0.7864387502285017,0,2,15
2021,2024,2025,18,russell,mercedes,1.0,5.808321167810512,0,4.908411810946099,0,2.859090810664272,0,5.1213303,0,5.565091414108326,0,-3.7756844,0,5.010103597655007,0,-8.60623524598902,0,0.1232666848866827,0,0,1
2021,2024,2025,18,piastri,mclaren,3.0,3.585298051770379,0,4.483462345914974,0,4.037263046211287,0,3.621871,0,7.305364848350168,0,-4.081649,0,3.840792965211704,0,-3.9951119992701645,0,0.18888701607624206,0,0,4
2021,2024,2025,18,norris,mclaren,5.0,4.674961489594318,0,6.2197306399729895,0,6.00671701502687,0,5.7240205,0,8.545727244207969,0,-2.909159,0,5.371736800966126,0,-5.236495750628103,0,0.3889124343689551,0,0,3
2021,2024,2025,18,max_verstappen,red_bull,2.0,4.715288778898571,0,5.68983473362742,0,3.6150308962850595,0,8.89832,0,6.872074441607464,0,-4.435369,0,4.3814799620628655,0,-9.739601185316024,0,0.025827796674208425,0,0,2
2021,2024,2025,18,antonelli,mercedes,4.0,7.621699792799601,0,6.510310325172244,0,6.621426030514149,0,4.916107,0,8.438118017796821,0,-2.2222798,0,6.923058821075317,0,-7.768400614363308,0,0.4657050617737675,0,0,5
2021,2024,2025,18,hamilton,ferrari,6.0,7.5139197984697255,0,7.286369342999186,0,7.960587037643712,0,6.233317,0,8.838828574884982,0,-3.9006603,0,5.4434044990583335,0,-5.1574096759470915,0,0.2730850003677497,0,0,8
2021,2024,2025,18,alonso,aston_martin,10.0,11.453712888354515,0,11.595803745064472,0,12.234208943454643,0,12.319323,0,9.745261747236807,0,-2.3339055,0,13.412061575879084,0,-2.4551533766851277,0,0.6325417756293896,0,0,7
2021,2024,2025,18,sainz,williams,20.0,13.737431755483069,0,13.432268875963018,0,10.484650136952444,0,12.389416,0,9.05502078788269,0,-1.7982132,0,13.946042793367026,0,-5.371281105354226,0,0.6251182921541107,0,0,10
2021,2024,2025,18,leclerc,ferrari,7.0,7.0469502164113695,0,7.5594672984570845,0,9.128911400011257,0,8.208293,0,9.067796429015932,0,-3.3414462,0,6.6821109274675745,0,-5.779347076344428,0,0.37316871661200596,0,0,6
2021,2024,2025,18,tsunoda,red_bull,13.0,11.73259704417908,0,12.012123098085931,0,11.844198423153252,0,10.892674,0,9.297330072709869,0,-0.61819774,0,11.474362081198517,0,-3.6897742798917874,0,0.8869549097834063,0,0,12
2021,2024,2025,18,stroll,aston_martin,15.0,13.010761560072869,0,13.342438595231743,0,11.105756588705662,0,13.499967,0,9.0777057741582,0,-1.9006598,0,14.10811434510226,0,-4.193855047832037,0,0.6385901666362612,0,0,13
2021,2024,2025,18,albon,williams,19.0,13.465953786186567,0,13.360461288652681,0,11.082897899716198,0,14.042558,0,9.699058517947314,0,-1.0495372,0,12.687262700245448,0,-3.6198799036982887,0,0.7946378376130794,0,0,14
2021,2024,2025,18,colapinto,alpine,16.0,14.374479156914216,0,14.607750215130533,0,8.069218392057255,0,14.84796,0,8.965628626946309,0,-2.095359,0,15.212570694162785,0,-3.4760233880399167,0,0.5723046993906612,0,0,16
2021,2024,2025,18,bortoleto,sauber,14.0,13.40594175497312,0,13.667969392614182,0,11.535803243472396,0,12.108587,0,9.873190239527332,0,-0.95038646,0,13.202991520621792,0,-2.055129723093664,0,0.8397317948943187,0,0,17
2021,2024,2025,18,ocon,haas,17.0,14.103556958755755,0,14.040643706984609,0,9.993698573099696,0,14.94893,0,8.832286024892808,0,-1.9224278,0,13.706978263760087,0,-4.813196696858358,0,0.6089792665768552,0,0,18
2021,2024,2025,18,gasly,alpine,18.0,14.995658827340382,0,14.637941349661796,0,8.250369854976235,0,15.21757,0,8.810428686647112,0,-2.261146,0,15.386446020975104,0,-5.893975870748096,0,0.5049428725049048,0,0,19
2021,2024,2025,18,hulkenberg,sauber,11.0,12.614603453049135,0,11.970934428589157,0,12.029057329130882,0,11.244995,0,9.529141477112516,0,-2.4405932,0,12.434905650973755,0,-2.7723180847039504,0,0.6167544810718422,0,0,20
2021,2024,2025,19,lawson,rb,12.0,11.776266051039833,0,11.301556630582153,0,12.3337869641217,0,10.014549,1,9.790736608120906,0,-1.1483289,0,11.131303745380851,0,-0.8627595742596127,1,0.8481773711907136,1,3,11
2021,2024,2025,19,bearman,haas,8.0,11.000005428947626,0,11.441152875763901,0,13.081490045811917,1,11.185334,0,9.67679166407964,0,-1.4045831,0,10.876356081041925,1,-4.36759082273483,0,0.7838315961358353,0,2,9
2021,2024,2025,19,sainz,williams,9.0,10.758272687969395,1,10.360994416478915,1,12.468964389298653,0,8.608565,0,9.576750660130143,0,-2.8527188,0,7.555156228092551,0,-6.528277033160741,0,0.4758345641953188,0,2,20
2021,2024,2025,19,hadjar,rb,20.0,14.393973415247963,0,13.368141969494301,0,9.203268734335117,0,12.270043,0,10.708162025510159,1,-0.81042606,0,11.401987429320847,0,-2.224231729867409,0,0.8309695772640444,0,1,16
2021,2024,2025,19,bortoleto,sauber,16.0,14.163835407780423,0,13.642795058142408,0,10.240749184012863,0,13.14225,0,9.479384258990827,0,-0.35102925,1,13.56498476697455,0,-2.9119173513252004,0,0.8348628455498999,0,1,18
2021,2024,2025,19,leclerc,ferrari,3.0,5.88360688155252,0,5.879335290777407,0,4.768566854899629,0,6.9872446,0,8.287736509315476,0,-3.6926694,0,6.218583074268793,0,-7.384701257290748,0,0.1980418506616201,0,0,3
2021,2024,2025,19,norris,mclaren,2.0,3.5996449401130226,0,3.8244698429773196,0,3.40296529414273,0,5.0583344,0,7.193352178511541,0,-4.359861,0,4.439893234865877,0,-7.187723395522979,0,0.05830531372989976,0,0,2
2021,2024,2025,19,max_verstappen,red_bull,1.0,4.44326219380507,0,7.320142009137387,0,2.914105064827911,0,10.337259,0,7.529730870299526,0,-4.379353,0,6.362587344764346,0,-10.355266735482726,0,0.02121119068426905,0,0,1
2021,2024,2025,19,hamilton,ferrari,5.0,7.1658495147157595,0,6.743087309166657,0,7.087052516738811,0,5.622508,0,8.402588233693981,0,-3.6277885,0,5.5565680387061285,0,-6.493864553543786,0,0.24848470606698014,0,0,4
2021,2024,2025,19,hulkenberg,sauber,11.0,12.81198668569176,0,12.08204858599746,0,11.908113317128015,0,10.675418,0,9.279432461744557,0,-2.9703465,0,11.277361520597175,0,-4.329474785569718,0,0.5171864892414497,0,0,8
2021,2024,2025,19,piastri,mclaren,6.0,4.335688738866657,0,6.384102794235636,0,6.358543901405062,0,5.331052,0,8.81753554988822,0,-3.8532732,0,5.251885237935061,0,-4.720984938922151,0,0.23615424275095515,0,0,5
2021,2024,2025,19,russell,mercedes,4.0,6.189979084237567,0,4.803677844737935,0,4.3873759671362125,0,4.452282,0,7.837469334503645,0,-4.373791,0,4.537273641528248,0,-7.677874126057209,0,0.07207966652385309,0,0,6
2021,2024,2025,19,stroll,aston_martin,18.0,13.950394644322643,0,13.303035214432578,0,10.370133005187409,0,12.755691,0,9.064695135382559,0,-1.4897659,0,13.038566114459655,0,-3.271041143053839,0,0.671196591550347,0,0,12
2021,2024,2025,19,alonso,aston_martin,10.0,11.300968475281925,0,11.597503406355962,0,12.634184607803137,0,11.6463375,0,9.861379568436606,0,-3.1804013,0,12.299270954165623,0,-4.312137717115351,0,0.4720533225247839,0,0,10
2021,2024,2025,19,tsunoda,red_bull,13.0,11.71376583069905,0,11.879301683311919,0,12.003664713118816,0,10.528634,0,9.46878826194615,0,-0.665731,0,11.614648923698976,0,-4.611293987074265,0,0.8297408037293932,0,0,7
2021,2024,2025,19,antonelli,mercedes,7.0,8.177376876584209,0,7.8882861965510935,0,8.977490061986428,0,5.7395253,0,8.800145961045022,0,-1.8224261,0,8.701781143812486,0,-5.141411331287172,0,0.619145705941428,0,0,13
2021,2024,2025,19,ocon,haas,17.0,14.185684734523738,0,13.89785909840976,0,10.225822954672573,0,14.603728,0,9.100321654099641,0,-1.9087715,0,13.452261059933415,0,-2.5776308028510844,0,0.6149519966511607,0,0,15
2021,2024,2025,19,albon,williams,19.0,13.549529923074722,0,13.553134518516817,0,10.510264281954854,0,13.825499,0,8.86113813109387,0,-1.5264312,0,13.826901877663568,0,-4.21354084349006,0,0.6410071484256684,0,0,14
2021,2024,2025,19,colapinto,alpine,15.0,13.920060009389672,0,14.2309336411844,0,9.90764333425266,0,13.393723,0,9.403280174252522,0,-1.363322,0,15.738919808204374,0,-3.2895678576079037,0,0.6623703712682665,0,0,17
2021,2024,2025,19,gasly,alpine,14.0,14.234356959065321,0,13.816612172925463,0,10.837148828767313,0,13.046989,0,9.545393131242529,0,-2.341682,0,12.83153944456265,0,-2.679731435898455,0,0.5756366910245844,0,0,19
2021,2024,2025,20,bearman,haas,10.0,11.893469599862662,0,11.855238736766765,0,13.771010225016736,1,11.21115,0,10.243133877318222,1,-0.8654817,0,11.423199132515377,0,-0.6893172152014622,0,0.8787805315436019,0,2,4
2021,2024,2025,20,tsunoda,red_bull,11.0,11.273841833573748,0,11.9905221672375,0,12.206988539561987,0,10.779021,0,9.332252334448992,0,-0.41865006,1,10.952713628916221,0,-0.7096979445995204,0,0.921230632868788,1,2,11
2021,2024,2025,20,sainz,williams,7.0,9.785623385709604,1,9.294711738407631,1,12.410009465699702,0,8.501953,0,9.595127268797826,0,-1.588707,0,9.26594795879439,0,-4.757724769522367,0,0.7147339622475765,0,2,17
2021,2024,2025,20,hadjar,rb,9.0,10.866762065459813,0,11.399728879529318,0,12.713627398496552,0,10.918408,0,10.21755646317131,0,-1.328974,0,10.29430752830961,1,-2.681923192498118,0,0.8235238786585164,0,1,13
2021,2024,2025,20,hulkenberg,sauber,13.0,13.08532933276081,0,12.705334183161245,0,12.128274157721046,0,10.776129,1,9.648074869796972,0,-2.0639608,0,11.950335057978915,0,-4.340687875899705,0,0.6227076046487846,0,1,19
2021,2024,2025,20,ocon,haas,12.0,12.314706123167412,0,12.442073646191897,0,12.530657348493534,0,12.939855,0,10.042881864948365,0,-1.0217425,0,12.204034212323078,0,-0.06559646170481397,1,0.8369473626864505,0,1,9
2021,2024,2025,20,norris,mclaren,1.0,2.084368105024641,0,2.956841419767,0,2.2657862919408456,0,3.5143788,0,5.992896650148708,0,-4.828066,0,2.698978070588044,0,-8.355020531989224,0,0.0,0,0,1
2021,2024,2025,20,leclerc,ferrari,2.0,4.42378766552567,0,4.702185818855143,0,4.271490547062013,0,4.7516165,0,8.244701665890961,0,-3.4209177,0,5.594462345596245,0,-5.9514322100685995,0,0.28333565788559073,0,0,2
2021,2024,2025,20,max_verstappen,red_bull,5.0,4.858266113829333,0,6.957967057294634,0,6.252729730313653,0,7.5668774,0,8.631374779907928,0,-3.6335964,0,5.246660963274877,0,-7.708554433994196,0,0.2527919073716851,0,0,3
2021,2024,2025,20,hamilton,ferrari,3.0,5.171071151243115,0,5.039000242627062,0,5.266049583707356,0,3.9032047,0,8.112466185217997,0,-3.2042384,0,4.077943027900932,0,-7.547582815623083,0,0.28885695717628945,0,0,8
2021,2024,2025,20,piastri,mclaren,8.0,4.222434014748162,0,7.727666885153123,0,8.349119215680684,0,8.578186,0,9.235975308327848,0,-2.429683,0,4.638097906182384,0,-3.0398404818344535,0,0.519645527676119,0,0,5
2021,2024,2025,20,antonelli,mercedes,6.0,7.542522557597248,0,7.445349434765009,0,9.939377470787187,0,6.8581414,0,9.14491157375258,0,-1.799011,0,7.125772463307901,0,-5.259026509675595,0,0.5965965379583427,0,0,6
2021,2024,2025,20,albon,williams,17.0,13.647288452439286,0,14.207851068142856,0,11.381327984241574,0,15.094805,0,8.734387207126728,0,-2.4002852,0,13.133947471079155,0,-5.650517784355901,0,0.5228655190108388,0,0,12
2021,2024,2025,20,bortoleto,sauber,16.0,15.051719576134392,0,15.096088570548723,0,9.315389217330548,0,14.763712,0,9.198195459243031,0,-1.8636247,0,14.737582261036058,0,-5.769079628182705,0,0.5600402379610993,0,0,10
2021,2024,2025,20,russell,mercedes,4.0,5.493395283017977,0,5.27834465269603,0,5.2044078757619445,0,5.5343328,0,8.707631213255114,0,-3.484641,0,3.29499574625435,0,-5.759549751229804,0,0.28709207748793597,0,0,7
2021,2024,2025,20,stroll,aston_martin,19.0,15.43622588850644,0,15.335752933682567,0,8.544486593091097,0,15.631204,0,8.854093159670482,0,-2.9383783,0,14.985732586975725,0,-5.646282916107246,0,0.4083935813732191,0,0,14
2021,2024,2025,20,colapinto,alpine,20.0,16.883098805313068,0,16.623301984100564,0,5.28755453548464,0,16.325886,0,8.402945803049821,0,-4.4177537,0,16.857169307555605,0,-8.138935879494195,0,0.12241354821904532,0,0,16
2021,2024,2025,20,gasly,alpine,18.0,16.109199403546477,0,15.896137362289707,0,6.9985483391600525,0,16.633629,0,8.926839408526922,0,-3.7428098,0,14.607534916950218,0,-5.603979709227001,0,0.2881391374406655,0,0,15
2021,2024,2025,20,alonso,aston_martin,14.0,12.855204547483826,0,13.623523787413102,0,12.160261677140557,0,14.975804,0,8.207913421788527,0,-2.027784,0,15.51409309437823,0,-4.880546815506202,0,0.5752739398335348,0,0,18
2021,2024,2025,20,lawson,rb,15.0,13.451452651453549,0,13.81248703562065,0,11.40223353373041,0,13.704356,0,9.177898847313319,0,-1.6220832,0,14.191307132967058,0,-3.081385092730809,0,0.6660238363253467,0,0,20
2021,2024,2025,21,sainz,williams,15.0,13.485605549072709,0,12.353632238842458,0,12.038244513800315,0,11.969648,0,9.374932888013308,0,-0.489944,1,12.943299251368298,0,-2.1380723957762924,0,0.9075810812639657,1,2,13
2021,2024,2025,21,alonso,aston_martin,11.0,12.315160964435773,0,12.09280956275584,0,12.449294932469233,1,12.602089,0,9.879150745182098,1,-3.190337,0,13.509104782431681,0,-2.474468108362947,0,0.4855456175062554,0,2,14
2021,2024,2025,21,lawson,rb,7.0,10.072627259177157,1,10.27508277610297,1,11.870515004897015,0,8.894472,0,9.528185428099416,0,-3.2282295,0,8.973289773111503,0,-5.745810749063327,0,0.4483310000489628,0,2,7
2021,2024,2025,21,bearman,haas,8.0,10.27951832416425,0,10.3652307861789,0,12.238636616767005,0,10.768712,1,9.427949906079261,0,-2.4970937,0,9.135183813060278,0,-6.261518996173142,0,0.5636859539644753,0,1,6
2021,2024,2025,21,gasly,alpine,9.0,12.656298860252944,0,12.360695917086646,0,11.245639328400937,0,11.898777,0,9.178141423301142,0,-3.343997,0,9.56099624743543,1,-4.368971358360821,0,0.47657273383311327,0,1,10
2021,2024,2025,21,hamilton,ferrari,13.0,10.47588719128108,0,8.980339597450246,0,10.584362630811361,0,8.615266,0,9.589698870343426,0,-1.796741,0,7.707424442600397,0,-1.7463630457479133,1,0.7012882979984365,0,1,18
2021,2024,2025,21,antonelli,mercedes,2.0,6.732559158838691,0,7.09128868241755,0,5.6629777230205836,0,6.1692705,0,8.472261733868617,0,-2.764698,0,7.511404303953025,0,-7.368493690278903,0,0.3548028766365505,0,0,2
2021,2024,2025,21,norris,mclaren,1.0,2.7706403621106865,0,3.9588346671995254,0,2.24940615446611,0,4.9767213,0,6.243429973509455,0,-3.8473465,0,2.312267224641224,0,-6.9253642966158155,0,0.088726528811187,0,0,1
2021,2024,2025,21,russell,mercedes,6.0,6.685180853241789,0,7.670620286366229,0,7.573441133823065,0,5.9699926,0,9.08585646059421,0,-3.5454206,0,3.7797881326936684,0,-6.126045266245711,0,0.26706514590328123,0,0,4
2021,2024,2025,21,max_verstappen,red_bull,16.0,9.862801553688527,0,8.790986432862741,0,9.74301935670308,0,8.722301,0,9.134002291680519,0,-1.9523002,0,8.57881660268005,0,-5.301466205302616,0,0.6084619261616532,0,0,3
2021,2024,2025,21,hadjar,rb,5.0,10.176362488936856,0,9.295408498504374,0,11.686591785137706,0,8.673937,0,9.245713724167008,0,-2.2415566,0,7.4290072127596725,0,-5.356400922345243,0,0.5689662799128291,0,0,8
2021,2024,2025,21,piastri,mclaren,4.0,3.406663254056708,0,5.898618111248403,0,5.019788347445399,0,6.9059925,0,8.149531309327216,0,-3.1487954,0,3.1867214302553877,0,-4.706186898320752,0,0.30681940285350057,0,0,5
2021,2024,2025,21,ocon,haas,17.0,14.166830728852883,0,13.483351696684727,0,10.7959854985005,0,11.842841,0,9.777034436468583,0,-2.5308578,0,12.29772375034725,0,-5.428833898277656,0,0.5205819197433703,0,0,12
2021,2024,2025,21,albon,williams,12.0,12.73562762355548,0,11.945197489779902,0,12.383092507442733,0,13.012582,0,9.211981459442,0,-1.5399508,0,11.074231372309049,0,-2.7528404949229435,0,0.7715849622131776,0,0,11
2021,2024,2025,21,hulkenberg,sauber,10.0,12.562521882625175,0,12.972875321647773,0,12.042249603207207,0,11.03832,0,9.66094042277016,0,-3.0314264,0,11.880490031196187,0,-3.718855808476352,0,0.49841545592925585,0,0,9
2021,2024,2025,21,colapinto,alpine,18.0,16.442096570955528,0,15.365103877225021,0,6.66787636921491,0,15.131194,0,8.630968577161722,0,-3.3462052,0,15.883622801146027,0,-5.120327171792691,0,0.3001472688379161,0,0,15
2021,2024,2025,21,stroll,aston_martin,14.0,14.169777214445956,0,13.867827495825317,0,11.366447360796906,0,13.842575,0,8.613028096970556,0,-2.3315258,0,11.875383184579455,0,-3.3455201932144427,0,0.5920887703572807,0,0,16
2021,2024,2025,21,tsunoda,red_bull,19.0,14.287915814384318,0,13.795051953087789,0,10.515316373045472,0,13.42169,0,9.180153208081258,0,-1.7666348,0,14.262961735756225,0,-2.2050820793035295,0,0.6721308202463568,0,0,17
2021,2024,2025,21,leclerc,ferrari,3.0,5.778807976476455,0,5.613992006796029,0,4.135781846248614,0,3.7073843,0,6.378324119018293,0,-4.1407304,0,3.1479206914709144,0,-9.141116576299943,0,0.03019901171213683,0,0,19
2021,2024,2025,21,bortoleto,sauber,18.0,15.03312195500446,0,14.497169173189342,0,9.323590249766042,0,14.010444,0,9.253490094772557,0,-2.1660714,0,13.680667826929755,0,-5.562961963709193,0,0.5328923565441074,0,0,20
2021,2024,2025,22,hadjar,rb,8.0,10.51505588660626,0,10.853833528390702,0,13.199299140942163,1,10.683372,0,10.124688304162857,1,-1.2741548,1,9.76874213845244,1,-2.2331562498270108,0,0.9725689294263032,1,5,6
2021,2024,2025,22,hamilton,ferrari,20.0,12.579486949701867,0,11.22706898259445,0,11.659407105830752,0,10.163502,1,9.972755942406001,0,-1.3586845,0,9.758346808036332,0,-0.5923679322633109,1,0.9548652843299711,0,2,8
2021,2024,2025,22,lawson,rb,6.0,9.70231894629936,1,10.41486375916455,1,12.196654609831686,0,11.727506,0,9.50489697047906,0,-1.9797552,0,10.77001014161053,0,-2.862273871600922,0,0.7164658050507383,0,2,14
2021,2024,2025,22,max_verstappen,red_bull,2.0,4.098367607436985,0,5.388167105209589,0,3.0504003837361786,0,5.576827,0,7.560902337463936,0,-3.1868088,0,3.8864742643004013,0,-9.13736184530763,0,0.08811602007438157,0,0,1
2021,2024,2025,22,leclerc,ferrari,9.0,7.419501203248128,0,8.1967863371129,0,9.902614065783435,0,8.0743475,0,9.47803612854708,0,-2.938535,0,7.610588751155852,0,-4.6532613073534685,0,0.35853498537294637,0,0,4
2021,2024,2025,22,antonelli,mercedes,17.0,11.664809164710626,0,11.615560910690853,0,10.657549796796763,0,12.316461,0,9.645201920825885,0,-2.335247,0,10.728513961535107,0,-2.9652731737452287,0,0.6010687243620517,0,0,3
2021,2024,2025,22,russell,mercedes,4.0,5.7879771088315985,0,6.069669211602967,0,5.128886243861765,0,7.7072926,0,8.70241828503052,0,-2.6653414,0,5.953032984442809,0,-5.644233192659348,0,0.33568522637310505,0,0,2
2021,2024,2025,22,sainz,williams,3.0,8.227830247063544,0,8.950879208561416,0,8.568836562995452,0,7.682801,0,8.90473241250898,0,-2.1754622,0,8.429034105676996,0,-5.357228720121035,0,0.5456502572392422,0,0,5
2021,2024,2025,22,ocon,haas,13.0,12.299103257460342,0,12.559017746759668,0,12.190469208021222,0,13.484303,0,9.226775488609867,0,-1.9561077,0,13.849692629593308,0,-4.393479781147628,0,0.646944231742344,0,0,9
2021,2024,2025,22,bearman,haas,14.0,12.400005394545175,0,12.533065470243152,0,12.62667334120033,0,13.761834,0,9.391638258240821,0,-1.645273,0,13.941881621565702,0,-3.2797955380352852,0,0.7576390820805274,0,0,10
2021,2024,2025,22,alonso,aston_martin,7.0,9.356419268833573,0,11.184556741665155,0,11.642282730874841,0,11.348425,0,9.621790685197182,0,-1.6595767,0,11.725904058675743,0,-3.150247393105664,0,0.7676541322862688,0,0,11
2021,2024,2025,22,hulkenberg,sauber,11.0,11.577928668171012,0,12.307603563755425,0,12.66328054155894,0,12.603301,0,9.64749718498658,0,-1.9470209,0,12.802809350928166,0,-1.007513476895358,0,0.7240102710588815,0,0,7
2021,2024,2025,22,tsunoda,red_bull,19.0,14.010895674183276,0,13.67338920827347,0,9.843677112674472,0,13.85695,0,9.182626762498069,0,-2.6193693,0,13.383538639265936,0,-3.0309881524402553,0,0.4605175694568292,0,0,12
2021,2024,2025,22,gasly,alpine,10.0,11.664243215293423,0,13.849816821779354,0,11.39190034675188,0,13.190725,0,9.75011557976327,0,-2.6722417,0,13.81880521004826,0,-3.2456066707027094,0,0.46529704789392295,0,0,13
2021,2024,2025,22,colapinto,alpine,15.0,14.672674025074551,0,14.658827154480878,0,8.689845491777955,0,14.404571,0,8.794751253062014,0,-2.7039108,0,14.792472960701058,0,-4.036287264407735,0,0.3944801473114946,0,0,15
2021,2024,2025,22,albon,williams,16.0,13.514970052109945,0,13.084027060971199,0,11.079629150274073,0,13.279714,0,8.830435515303906,0,-2.4431088,0,11.977482974094915,0,-5.8114129348565555,0,0.4884279599911543,0,0,16
2021,2024,2025,22,bortoleto,sauber,18.0,15.632358357914464,0,14.812006894611848,0,7.606907167985598,0,16.103348,0,8.457620789251408,0,-2.4867737,0,15.40318676817346,0,-6.290270220027989,0,0.39695972592543444,0,0,17
2021,2024,2025,22,stroll,aston_martin,12.0,12.357840063947801,0,12.108854438981883,0,12.277021614960384,0,11.118708,0,9.715871720505147,0,-2.601914,0,10.291129579275538,0,-3.0821753113617087,0,0.572952517949462,0,0,18
2021,2024,2025,22,norris,mclaren,1.0,2.449175928935288,0,2.7340980282325287,0,1.8630174098233836,0,3.176204,0,5.68676470839814,0,-3.356017,0,-0.04034851982190451,0,-8.175968009956897,0,0.016072799802585875,0,0,19
2021,2024,2025,22,piastri,mclaren,5.0,3.543054374911809,0,5.766942993284431,0,6.13607658489944,0,5.9484434,0,8.547476874197136,0,-2.4988396,0,5.457442540872199,0,-4.30734740154983,0,0.41242848043195496,0,0,20
2021,2024,2025,23,hulkenberg,sauber,11.0,12.355247281609994,0,12.401881213278996,0,12.820306788019883,1,12.229357,0,10.176720302600948,1,-0.8185664,1,12.28018269758266,0,-2.384806857445865,0,0.9460628277974019,1,4,20
2021,2024,2025,23,hadjar,rb,6.0,9.939389456539795,1,8.77144259924583,0,12.177775704223677,0,8.915744,0,9.62010457135341,0,-1.6240946,0,9.24510977431354,1,-4.258875810937112,0,0.7689125364277564,0,2,18
2021,2024,2025,23,alonso,aston_martin,8.0,10.8512699616508,0,10.713983363880722,1,12.635030951842626,0,10.977479,0,9.600866263572575,0,-1.2314682,0,11.109006856156885,0,-2.9051266472255888,0,0.8703842303743168,0,1,7
2021,2024,2025,23,leclerc,ferrari,10.0,7.873738483980448,0,7.895486967112018,0,10.468968902824699,0,10.268619,1,9.313429746895325,0,-2.0813231,0,7.7940996721288505,0,-3.269414220707555,0,0.6165326313546075,0,1,8
2021,2024,2025,23,ocon,haas,17.0,14.762639688523407,0,14.409825713015792,0,10.515059783652825,0,14.388374,0,9.438570412236675,0,-1.3434448,0,13.918464180014917,0,-2.2911783437031783,1,0.7763544690165082,0,1,15
2021,2024,2025,23,sainz,williams,7.0,9.8042837095901,0,8.85822727943795,0,12.25293067371129,0,6.6688404,0,9.386429402967408,0,-2.2677598,0,6.980661713157471,0,-4.46400673800273,0,0.5630068054212884,0,0,3
2021,2024,2025,23,piastri,mclaren,1.0,2.4713554243215743,0,3.9009670588446514,0,2.475827469205998,0,3.3421812,0,6.078860617969381,0,-2.2618906,0,2.256638135043192,0,-5.969526284199628,0,0.3304305755503827,0,0,2
2021,2024,2025,23,max_verstappen,red_bull,3.0,4.1197155493149245,0,5.272771454705437,0,3.8195966077285206,0,4.728632,0,7.690267901146964,0,-2.6763103,0,2.62965019457756,0,-8.602274361749545,0,0.22103553628125003,0,0,1
2021,2024,2025,23,norris,mclaren,2.0,2.1292167591007463,0,3.405583973380761,0,3.1096463116833135,0,4.850683,0,6.532325583713888,0,-3.071956,0,-1.073294449105679,0,-7.312040997483638,0,0.1357254976358809,0,0,4
2021,2024,2025,23,lawson,rb,12.0,12.906368067906005,0,11.98342452625533,0,12.05411706150714,0,10.39045,0,9.733204649398104,0,-2.3469455,0,11.350861278898284,0,-2.637282809550992,0,0.6233416543336903,0,0,9
2021,2024,2025,23,russell,mercedes,4.0,5.342797561572616,0,5.435655743466982,0,5.153674268471882,0,4.1336446,0,8.441120882492957,0,-2.6486998,0,1.6970974735575899,0,-6.084535064194603,0,0.3087019146184302,0,0,6
2021,2024,2025,23,antonelli,mercedes,5.0,6.675887186531862,0,5.948388005549501,0,7.239880597805553,0,5.5875535,0,8.5993973953722,0,-3.0329728,0,5.0388848504287616,0,-6.873164295526847,0,0.2516120549972588,0,0,5
2021,2024,2025,23,hamilton,ferrari,18.0,12.401254368935176,0,12.695649191047735,0,10.893311586162474,0,15.424621,0,8.810931977120815,0,-1.8830053,0,13.702317604503069,0,-3.5535157793448167,0,0.6328610126306897,0,0,12
2021,2024,2025,23,albon,williams,15.0,13.998252077056966,0,13.648441644939435,0,11.943907265026022,0,12.864367,0,9.379610352881656,0,-1.3323562,0,13.374649246241514,0,-5.281067597604838,0,0.7350222675268094,0,0,11
2021,2024,2025,23,tsunoda,red_bull,16.0,13.99452362814266,0,13.995076461103839,0,10.536177945485441,0,13.569759,0,8.748383137352038,0,-2.078497,0,13.772139865265387,0,-4.687609173773067,0,0.5593730611379476,0,0,10
2021,2024,2025,23,bortoleto,sauber,14.0,14.665201647770832,0,14.36872735471821,0,10.82649815067936,0,13.235617,0,9.444813742965128,0,-2.63529,0,13.767818309572766,0,-5.825367492222484,0,0.42741850305791873,0,0,13
2021,2024,2025,23,gasly,alpine,9.0,11.946093923077964,0,12.41555904216963,0,12.610955205100542,0,12.150662,0,9.437808379063107,0,-2.0845635,0,12.826422797441714,0,-4.75337071666327,0,0.6033873349696902,0,0,16
2021,2024,2025,23,colapinto,alpine,20.0,17.717302424595886,0,16.147255802189296,0,5.633081561152363,0,16.292065,0,8.344544276061065,0,-3.50716,0,16.434810377393,0,-5.684896449989173,0,0.14607275056751837,0,0,14
2021,2024,2025,23,stroll,aston_martin,19.0,15.981551444619049,0,15.451674533572707,0,8.136901151607084,0,16.63242,0,8.582590481418672,0,-2.8210425,0,15.79732061945643,0,-5.474202818136342,0,0.3364788357480968,0,0,17
2021,2024,2025,23,bearman,haas,13.0,12.919827755368564,0,11.66748509226074,0,12.799766036358816,0,10.907348,0,10.163176458058453,0,-1.0532874,0,11.298754169495096,0,-2.4210610526119614,0,0.9203671511657676,0,0,19
2021,2024,2025,24,bearman,haas,11.0,11.941905397523715,0,11.829379076517355,0,12.807608093871105,0,12.025858,0,9.927051658949136,0,0.09248876,1,11.218533839982161,0,-2.718904627515243,0,0.9067996317216076,1,2,12
2021,2024,2025,24,antonelli,mercedes,14.0,10.67876821037219,0,8.483570615664942,0,10.426337899236447,0,9.822692,1,10.260988730390068,1,-1.5300643,0,8.108307817949333,0,-4.784248238235683,0,0.5766075184840754,0,2,15
2021,2024,2025,24,alonso,aston_martin,6.0,9.69577705067711,1,8.77090107188945,0,12.354541740676932,0,8.117877,0,9.72241554963924,0,-1.5645238,0,8.218996083075906,0,-1.017423630520672,1,0.6568475297813381,0,2,6
2021,2024,2025,24,hamilton,ferrari,16.0,12.525812654486998,0,10.716622729763271,1,11.626986515658222,0,9.575468,0,9.505799402436152,0,-1.7687012,0,10.149860896005713,0,-3.9432920242245535,0,0.61888417854146,0,1,8
2021,2024,2025,24,sainz,williams,12.0,11.52477970952828,0,11.726016141279128,0,12.962310865172707,0,11.619161,0,9.612007147883851,0,-1.836102,0,9.958636973136972,1,-1.9493038605258164,0,0.6718107799094809,0,1,13
2021,2024,2025,24,ocon,haas,8.0,10.909144081683394,0,11.775946633723876,0,13.000579533993726,1,11.845888,0,10.09558879048079,0,-0.14041853,0,11.723823701838487,0,-3.2737843930366384,0,0.8556926116289089,0,1,7
2021,2024,2025,24,piastri,mclaren,3.0,2.4099171292514185,0,5.965421771889404,0,4.405951669652307,0,6.368541,0,7.967306922210066,0,-2.854011,0,5.875764962649634,0,-4.391553477410139,0,0.2515514842077422,0,0,2
2021,2024,2025,24,max_verstappen,red_bull,1.0,2.767806678205643,0,4.218637532858528,0,2.08138486413873,0,5.17262,0,6.330348057723206,0,-3.4363494,0,2.601334590919055,0,-9.242846694558304,0,0.016843501427219052,0,0,1
2021,2024,2025,24,leclerc,ferrari,5.0,6.050549704167295,0,6.677053751189292,0,8.617220906352252,0,6.9378605,0,9.356814527051474,0,-2.0085902,0,4.994716555701183,0,-4.724047738084511,0,0.44760458512830903,0,0,4
2021,2024,2025,24,norris,mclaren,2.0,2.2876012716333918,0,3.847634774439952,0,3.9084641756317144,0,2.645983,0,7.155858792966334,0,-3.536961,0,1.9184383083274783,0,-5.583058395689533,0,0.09746713352649072,0,0,3
2021,2024,2025,24,russell,mercedes,4.0,5.536753241653103,0,4.78325773639803,0,5.767727992882626,0,4.8794456,0,9.054590377677041,0,-3.3769827,0,2.4048299828428914,0,-5.9381858558791665,0,0.1645125374924481,0,0,5
2021,2024,2025,24,hulkenberg,sauber,18.0,15.92544465246813,0,15.094471120488393,0,9.761397570933926,0,13.563857,0,9.056947354763068,0,-1.2432572,0,14.68846411621995,0,-5.828053517313595,0,0.5613017025700815,0,0,9
2021,2024,2025,24,bortoleto,sauber,7.0,11.311739638883575,0,11.561276906309338,0,11.967281412475677,0,11.888309,0,9.639562526513055,0,-2.8047447,0,12.658099108588562,0,-4.966881985093908,0,0.3772626647889425,0,0,11
2021,2024,2025,24,stroll,aston_martin,15.0,14.876898474405188,0,14.398827295952891,0,10.992245714248039,0,15.411904,0,9.160733256909623,0,-2.6558273,0,13.778000775858645,0,-2.746930139441786,0,0.41352899880340005,0,0,10
2021,2024,2025,24,tsunoda,red_bull,10.0,10.899952272907083,0,11.683392472626977,0,11.762810020339055,0,11.129159,0,9.35011262402404,0,-2.6262121,0,10.9809391983885,0,-4.696124177716497,0,0.4298190569991217,0,0,14
2021,2024,2025,24,albon,williams,17.0,15.079316287103172,0,14.328177810567741,0,10.84060672677126,0,14.967198,0,8.998565040026838,0,-0.6778119,0,14.062158358302865,0,-4.025863589334341,0,0.6974752504756748,0,0,16
2021,2024,2025,24,hadjar,rb,9.0,11.233157982729251,0,11.146015843317421,0,12.768203754116131,0,11.677115,0,10.054218220020573,0,-1.9382571,0,11.259162433656208,0,-1.9169815147581784,0,0.6011191272208825,0,0,17
2021,2024,2025,24,lawson,rb,13.0,13.187894256454907,0,13.00855300150117,0,12.467593574310792,0,13.541482,0,9.65412082446833,0,-1.925319,0,13.952105432331331,0,-2.9608445008901483,0,0.5492817950157123,0,0,18
2021,2024,2025,24,gasly,alpine,19.0,17.20443922924564,0,15.428984772244752,0,7.975470200420058,0,14.852664,0,8.488663892388065,0,-2.8247714,0,15.518489012866691,0,-6.878390945356918,0,0.2613048678141784,0,0,19
2021,2024,2025,24,colapinto,alpine,20.0,18.107834081986162,0,16.22867654939336,0,5.154055652854194,0,17.455383,0,7.814579838872862,0,-3.395919,0,17.123996238030596,0,-6.57556236635935,0,0.1281659808884133,0,0,20
