year,round,driverId,driverRef,drv_mechanical_dnf_rate
2010,1,1,hamilton,
2010,2,1,hamilton,0.0
2010,3,1,hamilton,0.0
2010,4,1,hamilton,0.0
2010,5,1,hamilton,0.0
2010,6,1,hamilton,0.0
2010,7,1,hamilton,0.0
2010,8,1,hamilton,0.0
2010,9,1,hamilton,0.0
2010,10,1,hamilton,0.0
2010,11,1,hamilton,0.0
2010,12,1,hamilton,0.0
2010,13,1,hamilton,0.08333333333333333
2010,14,1,hamilton,0.07692307692307693
2010,15,1,hamilton,0.07142857142857142
2010,16,1,hamilton,0.06666666666666667
2010,17,1,hamilton,0.0625
2010,18,1,hamilton,0.058823529411764705
2010,19,1,hamilton,0.05555555555555555
2011,1,1,hamilton,0.05263157894736842
2011,2,1,hamilton,0.05
2011,3,1,hamilton,0.05
2011,4,1,hamilton,0.05
2011,5,1,hamilton,0.05
2011,6,1,hamilton,0.05
2011,7,1,hamilton,0.05
2011,8,1,hamilton,0.05
2011,9,1,hamilton,0.05
2011,10,1,hamilton,0.05
2011,11,1,hamilton,0.05
2011,12,1,hamilton,0.05
2011,13,1,hamilton,0.05
2011,14,1,hamilton,0.0
2011,15,1,hamilton,0.0
2011,16,1,hamilton,0.0
2011,17,1,hamilton,0.0
2011,18,1,hamilton,0.0
2011,19,1,hamilton,0.0
2012,1,1,hamilton,0.05
2012,2,1,hamilton,0.05
2012,3,1,hamilton,0.05
2012,4,1,hamilton,0.05
2012,5,1,hamilton,0.05
2012,6,1,hamilton,0.05
2012,7,1,hamilton,0.05
2012,8,1,hamilton,0.05
2012,9,1,hamilton,0.05
2012,10,1,hamilton,0.05
2012,11,1,hamilton,0.05
2012,12,1,hamilton,0.05
2012,13,1,hamilton,0.05
2012,14,1,hamilton,0.05
2012,15,1,hamilton,0.1
2012,16,1,hamilton,0.1
2012,17,1,hamilton,0.1
2012,18,1,hamilton,0.1
2012,19,1,hamilton,0.15
2012,20,1,hamilton,0.15
2013,1,1,hamilton,0.1
2013,2,1,hamilton,0.1
2013,3,1,hamilton,0.1
2013,4,1,hamilton,0.1
2013,5,1,hamilton,0.1
2013,6,1,hamilton,0.1
2013,7,1,hamilton,0.1
2013,8,1,hamilton,0.1
2013,9,1,hamilton,0.1
2013,10,1,hamilton,0.1
2013,11,1,hamilton,0.1
2013,12,1,hamilton,0.1
2013,13,1,hamilton,0.1
2013,14,1,hamilton,0.1
2013,15,1,hamilton,0.05
2013,16,1,hamilton,0.05
2013,17,1,hamilton,0.05
2013,18,1,hamilton,0.05
2013,19,1,hamilton,0.0
2014,1,1,hamilton,0.0
2014,2,1,hamilton,0.0
2014,3,1,hamilton,0.0
2014,4,1,hamilton,0.0
2014,5,1,hamilton,0.0
2014,6,1,hamilton,0.0
2014,7,1,hamilton,0.0
2014,8,1,hamilton,0.05
2014,9,1,hamilton,0.05
2014,10,1,hamilton,0.05
2014,11,1,hamilton,0.05
2014,12,1,hamilton,0.05
2014,13,1,hamilton,0.05
2014,14,1,hamilton,0.05
2014,15,1,hamilton,0.05
2014,16,1,hamilton,0.05
2014,17,1,hamilton,0.05
2014,18,1,hamilton,0.05
2014,19,1,hamilton,0.05
2015,1,1,hamilton,0.05
2015,2,1,hamilton,0.05
2015,3,1,hamilton,0.05
2015,4,1,hamilton,0.05
2015,5,1,hamilton,0.05
2015,6,1,hamilton,0.05
2015,7,1,hamilton,0.05
2015,8,1,hamilton,0.05
2015,9,1,hamilton,0.0
2015,10,1,hamilton,0.0
2015,11,1,hamilton,0.0
2015,12,1,hamilton,0.0
2015,13,1,hamilton,0.0
2015,14,1,hamilton,0.05
2015,15,1,hamilton,0.05
2015,16,1,hamilton,0.05
2015,17,1,hamilton,0.05
2015,18,1,hamilton,0.05
2015,19,1,hamilton,0.05
2016,1,1,hamilton,0.05
2016,2,1,hamilton,0.05
2016,3,1,hamilton,0.05
2016,4,1,hamilton,0.05
2016,5,1,hamilton,0.05
2016,6,1,hamilton,0.05
2016,7,1,hamilton,0.05
2016,8,1,hamilton,0.05
2016,9,1,hamilton,0.05
2016,10,1,hamilton,0.05
2016,11,1,hamilton,0.05
2016,12,1,hamilton,0.05
2016,13,1,hamilton,0.05
2016,14,1,hamilton,0.05
2016,15,1,hamilton,0.0
2016,16,1,hamilton,0.0
2016,17,1,hamilton,0.05
2016,18,1,hamilton,0.05
2016,19,1,hamilton,0.05
2016,20,1,hamilton,0.05
2016,21,1,hamilton,0.05
2017,1,1,hamilton,0.05
2017,2,1,hamilton,0.05
2017,3,1,hamilton,0.05
2017,4,1,hamilton,0.05
2017,5,1,hamilton,0.05
2017,6,1,hamilton,0.05
2017,7,1,hamilton,0.05
2017,8,1,hamilton,0.05
2017,9,1,hamilton,0.05
2017,10,1,hamilton,0.05
2017,11,1,hamilton,0.05
2017,12,1,hamilton,0.05
2017,13,1,hamilton,0.05
2017,14,1,hamilton,0.05
2017,15,1,hamilton,0.05
2017,16,1,hamilton,0.0
2017,17,1,hamilton,0.0
2017,18,1,hamilton,0.0
2017,19,1,hamilton,0.0
2017,20,1,hamilton,0.0
2018,1,1,hamilton,0.0
2018,2,1,hamilton,0.0
2018,3,1,hamilton,0.0
2018,4,1,hamilton,0.0
2018,5,1,hamilton,0.0
2018,6,1,hamilton,0.0
2018,7,1,hamilton,0.0
2018,8,1,hamilton,0.0
2018,9,1,hamilton,0.0
2018,10,1,hamilton,0.05
2018,11,1,hamilton,0.05
2018,12,1,hamilton,0.05
2018,13,1,hamilton,0.05
2018,14,1,hamilton,0.05
2018,15,1,hamilton,0.05
2018,16,1,hamilton,0.05
2018,17,1,hamilton,0.05
2018,18,1,hamilton,0.05
2018,19,1,hamilton,0.05
2018,20,1,hamilton,0.05
2018,21,1,hamilton,0.05
2019,1,1,hamilton,0.05
2019,2,1,hamilton,0.05
2019,3,1,hamilton,0.05
2019,4,1,hamilton,0.05
2019,5,1,hamilton,0.05
2019,6,1,hamilton,0.05
2019,7,1,hamilton,0.05
2019,8,1,hamilton,0.05
2019,9,1,hamilton,0.0
2019,10,1,hamilton,0.0
2019,11,1,hamilton,0.0
2019,12,1,hamilton,0.0
2019,13,1,hamilton,0.0
2019,14,1,hamilton,0.0
2019,15,1,hamilton,0.0
2019,16,1,hamilton,0.0
2019,17,1,hamilton,0.0
2019,18,1,hamilton,0.0
2019,19,1,hamilton,0.0
2019,20,1,hamilton,0.0
2019,21,1,hamilton,0.0
2020,1,1,hamilton,0.0
2020,2,1,hamilton,0.0
2020,3,1,hamilton,0.0
2020,4,1,hamilton,0.0
2020,5,1,hamilton,0.0
2020,6,1,hamilton,0.0
2020,7,1,hamilton,0.0
2020,8,1,hamilton,0.0
2020,9,1,hamilton,0.0
2020,10,1,hamilton,0.0
2020,11,1,hamilton,0.0
2020,12,1,hamilton,0.0
2020,13,1,hamilton,0.0
2020,14,1,hamilton,0.0
2020,15,1,hamilton,0.0
2020,17,1,hamilton,0.0
2021,1,1,hamilton,0.0
2021,2,1,hamilton,0.0
2021,3,1,hamilton,0.0
2021,4,1,hamilton,0.0
2021,5,1,hamilton,0.0
2021,6,1,hamilton,0.0
2021,7,1,hamilton,0.0
2021,8,1,hamilton,0.0
2021,9,1,hamilton,0.0
2021,10,1,hamilton,0.0
2021,11,1,hamilton,0.0
2021,12,1,hamilton,0.0
2021,13,1,hamilton,0.0
2021,14,1,hamilton,0.0
2021,15,1,hamilton,0.0
2021,16,1,hamilton,0.0
2021,17,1,hamilton,0.0
2021,18,1,hamilton,0.0
2021,19,1,hamilton,0.0
2021,20,1,hamilton,0.0
2021,21,1,hamilton,0.0
2021,22,1,hamilton,0.0
2022,1,1,hamilton,0.0
2022,2,1,hamilton,0.0
2022,3,1,hamilton,0.0
2022,4,1,hamilton,0.0
2022,5,1,hamilton,0.0
2022,6,1,hamilton,0.0
2022,7,1,hamilton,0.0
2022,8,1,hamilton,0.0
2022,9,1,hamilton,0.0
2022,10,1,hamilton,0.0
2022,11,1,hamilton,0.0
2022,12,1,hamilton,0.0
2022,13,1,hamilton,0.0
2022,14,1,hamilton,0.0
2022,15,1,hamilton,0.0
2022,16,1,hamilton,0.0
2022,17,1,hamilton,0.0
2022,18,1,hamilton,0.0
2022,19,1,hamilton,0.0
2022,20,1,hamilton,0.0
2022,21,1,hamilton,0.0
2022,22,1,hamilton,0.0
2023,1,1,hamilton,0.0
2023,2,1,hamilton,0.0
2023,3,1,hamilton,0.0
2023,4,1,hamilton,0.0
2023,5,1,hamilton,0.0
2023,6,1,hamilton,0.0
2023,7,1,hamilton,0.0
2023,8,1,hamilton,0.0
2023,9,1,hamilton,0.0
2023,10,1,hamilton,0.0
2023,11,1,hamilton,0.0
2023,12,1,hamilton,0.0
2023,13,1,hamilton,0.0
2023,14,1,hamilton,0.0
2023,15,1,hamilton,0.0
2023,16,1,hamilton,0.0
2023,17,1,hamilton,0.0
2023,18,1,hamilton,0.0
2023,19,1,hamilton,0.0
2023,20,1,hamilton,0.0
2023,21,1,hamilton,0.0
2023,22,1,hamilton,0.0
2024,1,1,hamilton,0.0
2024,2,1,hamilton,0.0
2024,3,1,hamilton,0.0
2024,4,1,hamilton,0.05
2024,5,1,hamilton,0.05
2024,6,1,hamilton,0.05
2024,7,1,hamilton,0.05
2024,8,1,hamilton,0.05
2024,9,1,hamilton,0.05
2024,10,1,hamilton,0.05
2024,11,1,hamilton,0.05
2024,12,1,hamilton,0.05
2024,13,1,hamilton,0.05
2024,14,1,hamilton,0.05
2024,15,1,hamilton,0.05
2024,16,1,hamilton,0.05
2024,17,1,hamilton,0.05
2024,18,1,hamilton,0.05
2024,19,1,hamilton,0.05
2024,20,1,hamilton,0.05
2024,21,1,hamilton,0.05
2024,22,1,hamilton,0.05
2024,23,1,hamilton,0.05
2024,24,1,hamilton,0.0
2010,15,2,heidfeld,
2010,16,2,heidfeld,0.0
2010,17,2,heidfeld,0.0
2010,18,2,heidfeld,0.0
2010,19,2,heidfeld,0.0
2011,1,2,heidfeld,0.0
2011,2,2,heidfeld,0.0
2011,3,2,heidfeld,0.0
2011,4,2,heidfeld,0.0
2011,5,2,heidfeld,0.0
2011,6,2,heidfeld,0.0
2011,7,2,heidfeld,0.0
2011,8,2,heidfeld,0.0
2011,9,2,heidfeld,0.0
2011,10,2,heidfeld,0.0
2011,11,2,heidfeld,0.0
2010,1,3,rosberg,
2010,2,3,rosberg,0.0
2010,3,3,rosberg,0.0
2010,4,3,rosberg,0.0
2010,5,3,rosberg,0.0
2010,6,3,rosberg,0.0
2010,7,3,rosberg,0.0
2010,8,3,rosberg,0.0
2010,9,3,rosberg,0.0
2010,10,3,rosberg,0.0
2010,11,3,rosberg,0.0
2010,12,3,rosberg,0.0
2010,13,3,rosberg,0.08333333333333333
2010,14,3,rosberg,0.07692307692307693
2010,15,3,rosberg,0.07142857142857142
2010,16,3,rosberg,0.06666666666666667
2010,17,3,rosberg,0.125
2010,18,3,rosberg,0.11764705882352941
2010,19,3,rosberg,0.1111111111111111
2011,1,3,rosberg,0.10526315789473684
2011,2,3,rosberg,0.1
2011,3,3,rosberg,0.1
2011,4,3,rosberg,0.1
2011,5,3,rosberg,0.1
2011,6,3,rosberg,0.1
2011,7,3,rosberg,0.1
2011,8,3,rosberg,0.1
2011,9,3,rosberg,0.1
2011,10,3,rosberg,0.1
2011,11,3,rosberg,0.1
2011,12,3,rosberg,0.1
2011,13,3,rosberg,0.1
2011,14,3,rosberg,0.05
2011,15,3,rosberg,0.05
2011,16,3,rosberg,0.05
2011,17,3,rosberg,0.05
2011,18,3,rosberg,0.0
2011,19,3,rosberg,0.0
2012,1,3,rosberg,0.0
2012,2,3,rosberg,0.0
2012,3,3,rosberg,0.0
2012,4,3,rosberg,0.0
2012,5,3,rosberg,0.0
2012,6,3,rosberg,0.0
2012,7,3,rosberg,0.0
2012,8,3,rosberg,0.0
2012,9,3,rosberg,0.0
2012,10,3,rosberg,0.0
2012,11,3,rosberg,0.0
2012,12,3,rosberg,0.0
2012,13,3,rosberg,0.0
2012,14,3,rosberg,0.0
2012,15,3,rosberg,0.0
2012,16,3,rosberg,0.0
2012,17,3,rosberg,0.0
2012,18,3,rosberg,0.0
2012,19,3,rosberg,0.0
2012,20,3,rosberg,0.0
2013,1,3,rosberg,0.0
2013,2,3,rosberg,0.05
2013,3,3,rosberg,0.05
2013,4,3,rosberg,0.1
2013,5,3,rosberg,0.1
2013,6,3,rosberg,0.1
2013,7,3,rosberg,0.1
2013,8,3,rosberg,0.1
2013,9,3,rosberg,0.1
2013,10,3,rosberg,0.1
2013,11,3,rosberg,0.1
2013,12,3,rosberg,0.1
2013,13,3,rosberg,0.1
2013,14,3,rosberg,0.1
2013,15,3,rosberg,0.1
2013,16,3,rosberg,0.1
2013,17,3,rosberg,0.1
2013,18,3,rosberg,0.1
2013,19,3,rosberg,0.1
2014,1,3,rosberg,0.1
2014,2,3,rosberg,0.1
2014,3,3,rosberg,0.05
2014,4,3,rosberg,0.05
2014,5,3,rosberg,0.0
2014,6,3,rosberg,0.0
2014,7,3,rosberg,0.0
2014,8,3,rosberg,0.0
2014,9,3,rosberg,0.0
2014,10,3,rosberg,0.05
2014,11,3,rosberg,0.05
2014,12,3,rosberg,0.05
2014,13,3,rosberg,0.05
2014,14,3,rosberg,0.05
2014,15,3,rosberg,0.1
2014,16,3,rosberg,0.1
2014,17,3,rosberg,0.1
2014,18,3,rosberg,0.1
2014,19,3,rosberg,0.1
2015,1,3,rosberg,0.1
2015,2,3,rosberg,0.1
2015,3,3,rosberg,0.1
2015,4,3,rosberg,0.1
2015,5,3,rosberg,0.1
2015,6,3,rosberg,0.1
2015,7,3,rosberg,0.1
2015,8,3,rosberg,0.1
2015,9,3,rosberg,0.1
2015,10,3,rosberg,0.1
2015,11,3,rosberg,0.05
2015,12,3,rosberg,0.05
2015,13,3,rosberg,0.05
2015,14,3,rosberg,0.05
2015,15,3,rosberg,0.05
2015,16,3,rosberg,0.05
2015,17,3,rosberg,0.05
2015,18,3,rosberg,0.05
2015,19,3,rosberg,0.05
2016,1,3,rosberg,0.05
2016,2,3,rosberg,0.05
2016,3,3,rosberg,0.05
2016,4,3,rosberg,0.05
2016,5,3,rosberg,0.05
2016,6,3,rosberg,0.05
2016,7,3,rosberg,0.05
2016,8,3,rosberg,0.05
2016,9,3,rosberg,0.05
2016,10,3,rosberg,0.05
2016,11,3,rosberg,0.05
2016,12,3,rosberg,0.05
2016,13,3,rosberg,0.05
2016,14,3,rosberg,0.05
2016,15,3,rosberg,0.05
2016,16,3,rosberg,0.05
2016,17,3,rosberg,0.0
2016,18,3,rosberg,0.0
2016,19,3,rosberg,0.0
2016,20,3,rosberg,0.0
2016,21,3,rosberg,0.0
2010,1,4,alonso,
2010,2,4,alonso,0.0
2010,3,4,alonso,0.0
2010,4,4,alonso,0.0
2010,5,4,alonso,0.0
2010,6,4,alonso,0.0
2010,7,4,alonso,0.0
2010,8,4,alonso,0.0
2010,9,4,alonso,0.0
2010,10,4,alonso,0.0
2010,11,4,alonso,0.0
2010,12,4,alonso,0.0
2010,13,4,alonso,0.0
2010,14,4,alonso,0.0
2010,15,4,alonso,0.0
2010,16,4,alonso,0.0
2010,17,4,alonso,0.0
2010,18,4,alonso,0.0
2010,19,4,alonso,0.0
2011,1,4,alonso,0.0
2011,2,4,alonso,0.0
2011,3,4,alonso,0.0
2011,4,4,alonso,0.0
2011,5,4,alonso,0.0
2011,6,4,alonso,0.0
2011,7,4,alonso,0.0
2011,8,4,alonso,0.0
2011,9,4,alonso,0.0
2011,10,4,alonso,0.0
2011,11,4,alonso,0.0
2011,12,4,alonso,0.0
2011,13,4,alonso,0.0
2011,14,4,alonso,0.0
2011,15,4,alonso,0.0
2011,16,4,alonso,0.0
2011,17,4,alonso,0.0
2011,18,4,alonso,0.0
2011,19,4,alonso,0.0
2012,1,4,alonso,0.0
2012,2,4,alonso,0.0
2012,3,4,alonso,0.0
2012,4,4,alonso,0.0
2012,5,4,alonso,0.0
2012,6,4,alonso,0.0
2012,7,4,alonso,0.0
2012,8,4,alonso,0.0
2012,9,4,alonso,0.0
2012,10,4,alonso,0.0
2012,11,4,alonso,0.0
2012,12,4,alonso,0.0
2012,13,4,alonso,0.0
2012,14,4,alonso,0.0
2012,15,4,alonso,0.0
2012,16,4,alonso,0.0
2012,17,4,alonso,0.0
2012,18,4,alonso,0.0
2012,19,4,alonso,0.0
2012,20,4,alonso,0.0
2013,1,4,alonso,0.0
2013,2,4,alonso,0.0
2013,3,4,alonso,0.0
2013,4,4,alonso,0.0
2013,5,4,alonso,0.0
2013,6,4,alonso,0.0
2013,7,4,alonso,0.0
2013,8,4,alonso,0.0
2013,9,4,alonso,0.0
2013,10,4,alonso,0.0
2013,11,4,alonso,0.0
2013,12,4,alonso,0.0
2013,13,4,alonso,0.0
2013,14,4,alonso,0.0
2013,15,4,alonso,0.0
2013,16,4,alonso,0.0
2013,17,4,alonso,0.0
2013,18,4,alonso,0.0
2013,19,4,alonso,0.0
2014,1,4,alonso,0.0
2014,2,4,alonso,0.0
2014,3,4,alonso,0.0
2014,4,4,alonso,0.0
2014,5,4,alonso,0.0
2014,6,4,alonso,0.0
2014,7,4,alonso,0.0
2014,8,4,alonso,0.0
2014,9,4,alonso,0.0
2014,10,4,alonso,0.0
2014,11,4,alonso,0.0
2014,12,4,alonso,0.0
2014,13,4,alonso,0.0
2014,14,4,alonso,0.05
2014,15,4,alonso,0.05
2014,16,4,alonso,0.05
2014,17,4,alonso,0.05
2014,18,4,alonso,0.05
2014,19,4,alonso,0.05
2015,2,4,alonso,0.05
2015,3,4,alonso,0.05
2015,4,4,alonso,0.05
2015,5,4,alonso,0.05
2015,6,4,alonso,0.1
2015,7,4,alonso,0.15
2015,8,4,alonso,0.2
2015,9,4,alonso,0.2
2015,10,4,alonso,0.2
2015,11,4,alonso,0.2
2015,12,4,alonso,0.2
2015,13,4,alonso,0.2
2015,14,4,alonso,0.25
2015,15,4,alonso,0.25
2015,16,4,alonso,0.2
2015,17,4,alonso,0.2
2015,18,4,alonso,0.2
2015,19,4,alonso,0.2
2016,1,4,alonso,0.2
2016,3,4,alonso,0.2
2016,4,4,alonso,0.2
2016,5,4,alonso,0.2
2016,6,4,alonso,0.25
2016,7,4,alonso,0.25
2016,8,4,alonso,0.2
2016,9,4,alonso,0.2
2016,10,4,alonso,0.15
2016,11,4,alonso,0.15
2016,12,4,alonso,0.15
2016,13,4,alonso,0.15
2016,14,4,alonso,0.15
2016,15,4,alonso,0.15
2016,16,4,alonso,0.1
2016,17,4,alonso,0.1
2016,18,4,alonso,0.1
2016,19,4,alonso,0.1
2016,20,4,alonso,0.1
2016,21,4,alonso,0.1
2017,1,4,alonso,0.1
2017,2,4,alonso,0.15
2017,3,4,alonso,0.2
2017,4,4,alonso,0.2
2017,5,4,alonso,0.15
2017,7,4,alonso,0.15
2017,8,4,alonso,0.15
2017,9,4,alonso,0.1
2017,10,4,alonso,0.1
2017,11,4,alonso,0.15
2017,12,4,alonso,0.15
2017,13,4,alonso,0.2
2017,14,4,alonso,0.2
2017,15,4,alonso,0.2
2017,16,4,alonso,0.2
2017,17,4,alonso,0.2
2017,18,4,alonso,0.25
2017,19,4,alonso,0.25
2017,20,4,alonso,0.25
2018,1,4,alonso,0.25
2018,2,4,alonso,0.25
2018,3,4,alonso,0.2
2018,4,4,alonso,0.15
2018,5,4,alonso,0.15
2018,6,4,alonso,0.15
2018,7,4,alonso,0.2
2018,8,4,alonso,0.25
2018,9,4,alonso,0.25
2018,10,4,alonso,0.25
2018,11,4,alonso,0.2
2018,12,4,alonso,0.2
2018,13,4,alonso,0.15
2018,14,4,alonso,0.15
2018,15,4,alonso,0.2
2018,16,4,alonso,0.2
2018,17,4,alonso,0.2
2018,18,4,alonso,0.15
2018,19,4,alonso,0.15
2018,20,4,alonso,0.15
2018,21,4,alonso,0.15
2021,1,4,alonso,0.15
2021,2,4,alonso,0.2
2021,3,4,alonso,0.2
2021,4,4,alonso,0.2
2021,5,4,alonso,0.2
2021,6,4,alonso,0.15
2021,7,4,alonso,0.1
2021,8,4,alonso,0.1
2021,9,4,alonso,0.1
2021,10,4,alonso,0.1
2021,11,4,alonso,0.1
2021,12,4,alonso,0.1
2021,13,4,alonso,0.1
2021,14,4,alonso,0.05
2021,15,4,alonso,0.05
2021,16,4,alonso,0.05
2021,17,4,alonso,0.05
2021,18,4,alonso,0.05
2021,19,4,alonso,0.05
2021,20,4,alonso,0.05
2021,21,4,alonso,0.05
2021,22,4,alonso,0.0
2022,1,4,alonso,0.0
2022,2,4,alonso,0.0
2022,3,4,alonso,0.05
2022,4,4,alonso,0.05
2022,5,4,alonso,0.05
2022,6,4,alonso,0.05
2022,7,4,alonso,0.05
2022,8,4,alonso,0.05
2022,9,4,alonso,0.05
2022,10,4,alonso,0.05
2022,11,4,alonso,0.05
2022,12,4,alonso,0.05
2022,13,4,alonso,0.05
2022,14,4,alonso,0.05
2022,15,4,alonso,0.05
2022,16,4,alonso,0.05
2022,17,4,alonso,0.1
2022,18,4,alonso,0.15
2022,19,4,alonso,0.15
2022,20,4,alonso,0.15
2022,21,4,alonso,0.15
2022,22,4,alonso,0.15
2023,1,4,alonso,0.15
2023,2,4,alonso,0.15
2023,3,4,alonso,0.15
2023,4,4,alonso,0.15
2023,5,4,alonso,0.15
2023,6,4,alonso,0.15
2023,7,4,alonso,0.15
2023,8,4,alonso,0.15
2023,9,4,alonso,0.15
2023,10,4,alonso,0.15
2023,11,4,alonso,0.15
2023,12,4,alonso,0.15
2023,13,4,alonso,0.15
2023,14,4,alonso,0.15
2023,15,4,alonso,0.1
2023,16,4,alonso,0.05
2023,17,4,alonso,0.05
2023,18,4,alonso,0.05
2023,19,4,alonso,0.05
2023,20,4,alonso,0.05
2023,21,4,alonso,0.0
2023,22,4,alonso,0.0
2024,1,4,alonso,0.0
2024,2,4,alonso,0.0
2024,3,4,alonso,0.0
2024,4,4,alonso,0.0
2024,5,4,alonso,0.0
2024,6,4,alonso,0.0
2024,7,4,alonso,0.0
2024,8,4,alonso,0.0
2024,9,4,alonso,0.0
2024,10,4,alonso,0.0
2024,11,4,alonso,0.0
2024,12,4,alonso,0.0
2024,13,4,alonso,0.0
2024,14,4,alonso,0.0
2024,15,4,alonso,0.0
2024,16,4,alonso,0.0
2024,17,4,alonso,0.0
2024,18,4,alonso,0.0
2024,19,4,alonso,0.0
2024,20,4,alonso,0.0
2024,21,4,alonso,0.05
2024,22,4,alonso,0.05
2024,23,4,alonso,0.05
2024,24,4,alonso,0.05
2010,1,5,kovalainen,
2010,2,5,kovalainen,0.0
2010,3,5,kovalainen,0.0
2010,4,5,kovalainen,0.0
2010,5,5,kovalainen,0.0
2010,6,5,kovalainen,0.0
2010,7,5,kovalainen,0.16666666666666666
2010,8,5,kovalainen,0.2857142857142857
2010,9,5,kovalainen,0.25
2010,10,5,kovalainen,0.2222222222222222
2010,11,5,kovalainen,0.2
2010,12,5,kovalainen,0.18181818181818182
2010,13,5,kovalainen,0.16666666666666666
2010,14,5,kovalainen,0.15384615384615385
2010,15,5,kovalainen,0.14285714285714285
2010,16,5,kovalainen,0.13333333333333333
2010,17,5,kovalainen,0.125
2010,18,5,kovalainen,0.11764705882352941
2010,19,5,kovalainen,0.1111111111111111
2011,1,5,kovalainen,0.10526315789473684
2011,2,5,kovalainen,0.15
2011,3,5,kovalainen,0.15
2011,4,5,kovalainen,0.15
2011,5,5,kovalainen,0.15
2011,6,5,kovalainen,0.15
2011,7,5,kovalainen,0.15
2011,8,5,kovalainen,0.15
2011,9,5,kovalainen,0.1
2011,10,5,kovalainen,0.1
2011,11,5,kovalainen,0.1
2011,12,5,kovalainen,0.15
2011,13,5,kovalainen,0.15
2011,14,5,kovalainen,0.15
2011,15,5,kovalainen,0.15
2011,16,5,kovalainen,0.15
2011,17,5,kovalainen,0.15
2011,18,5,kovalainen,0.15
2011,19,5,kovalainen,0.15
2012,1,5,kovalainen,0.15
2012,2,5,kovalainen,0.2
2012,3,5,kovalainen,0.15
2012,4,5,kovalainen,0.15
2012,5,5,kovalainen,0.15
2012,6,5,kovalainen,0.15
2012,7,5,kovalainen,0.15
2012,8,5,kovalainen,0.15
2012,9,5,kovalainen,0.1
2012,10,5,kovalainen,0.1
2012,11,5,kovalainen,0.1
2012,12,5,kovalainen,0.1
2012,13,5,kovalainen,0.05
2012,14,5,kovalainen,0.05
2012,15,5,kovalainen,0.05
2012,16,5,kovalainen,0.05
2012,17,5,kovalainen,0.05
2012,18,5,kovalainen,0.05
2012,19,5,kovalainen,0.05
2012,20,5,kovalainen,0.05
2013,18,5,kovalainen,0.05
2013,19,5,kovalainen,0.0
2012,1,8,raikkonen,
2012,2,8,raikkonen,0.0
2012,3,8,raikkonen,0.0
2012,4,8,raikkonen,0.0
2012,5,8,raikkonen,0.0
2012,6,8,raikkonen,0.0
2012,7,8,raikkonen,0.0
2012,8,8,raikkonen,0.0
2012,9,8,raikkonen,0.0
2012,10,8,raikkonen,0.0
2012,11,8,raikkonen,0.0
2012,12,8,raikkonen,0.0
2012,13,8,raikkonen,0.0
2012,14,8,raikkonen,0.0
2012,15,8,raikkonen,0.0
2012,16,8,raikkonen,0.0
2012,17,8,raikkonen,0.0
2012,18,8,raikkonen,0.0
2012,19,8,raikkonen,0.0
2012,20,8,raikkonen,0.0
2013,1,8,raikkonen,0.0
2013,2,8,raikkonen,0.0
2013,3,8,raikkonen,0.0
2013,4,8,raikkonen,0.0
2013,5,8,raikkonen,0.0
2013,6,8,raikkonen,0.0
2013,7,8,raikkonen,0.0
2013,8,8,raikkonen,0.0
2013,9,8,raikkonen,0.0
2013,10,8,raikkonen,0.0
2013,11,8,raikkonen,0.0
2013,12,8,raikkonen,0.05
2013,13,8,raikkonen,0.05
2013,14,8,raikkonen,0.05
2013,15,8,raikkonen,0.05
2013,16,8,raikkonen,0.05
2013,17,8,raikkonen,0.05
2014,1,8,raikkonen,0.05
2014,2,8,raikkonen,0.05
2014,3,8,raikkonen,0.05
2014,4,8,raikkonen,0.05
2014,5,8,raikkonen,0.05
2014,6,8,raikkonen,0.05
2014,7,8,raikkonen,0.05
2014,8,8,raikkonen,0.05
2014,9,8,raikkonen,0.05
2014,10,8,raikkonen,0.05
2014,11,8,raikkonen,0.05
2014,12,8,raikkonen,0.05
2014,13,8,raikkonen,0.05
2014,14,8,raikkonen,0.05
2014,15,8,raikkonen,0.0
2014,16,8,raikkonen,0.0
2014,17,8,raikkonen,0.0
2014,18,8,raikkonen,0.0
2014,19,8,raikkonen,0.0
2015,1,8,raikkonen,0.0
2015,2,8,raikkonen,0.05
2015,3,8,raikkonen,0.05
2015,4,8,raikkonen,0.05
2015,5,8,raikkonen,0.05
2015,6,8,raikkonen,0.05
2015,7,8,raikkonen,0.05
2015,8,8,raikkonen,0.05
2015,9,8,raikkonen,0.05
2015,10,8,raikkonen,0.05
2015,11,8,raikkonen,0.1
2015,12,8,raikkonen,0.1
2015,13,8,raikkonen,0.1
2015,14,8,raikkonen,0.1
2015,15,8,raikkonen,0.1
2015,16,8,raikkonen,0.1
2015,17,8,raikkonen,0.1
2015,18,8,raikkonen,0.1
2015,19,8,raikkonen,0.1
2016,1,8,raikkonen,0.1
2016,2,8,raikkonen,0.15
2016,3,8,raikkonen,0.1
2016,4,8,raikkonen,0.1
2016,5,8,raikkonen,0.1
2016,6,8,raikkonen,0.1
2016,7,8,raikkonen,0.1
2016,8,8,raikkonen,0.1
2016,9,8,raikkonen,0.1
2016,10,8,raikkonen,0.1
2016,11,8,raikkonen,0.1
2016,12,8,raikkonen,0.05
2016,13,8,raikkonen,0.05
2016,14,8,raikkonen,0.05
2016,15,8,raikkonen,0.05
2016,16,8,raikkonen,0.05
2016,17,8,raikkonen,0.05
2016,18,8,raikkonen,0.05
2016,19,8,raikkonen,0.1
2016,20,8,raikkonen,0.1
2016,21,8,raikkonen,0.1
2017,1,8,raikkonen,0.05
2017,2,8,raikkonen,0.05
2017,3,8,raikkonen,0.05
2017,4,8,raikkonen,0.05
2017,5,8,raikkonen,0.05
2017,6,8,raikkonen,0.05
2017,7,8,raikkonen,0.05
2017,8,8,raikkonen,0.05
2017,9,8,raikkonen,0.05
2017,10,8,raikkonen,0.05
2017,11,8,raikkonen,0.05
2017,12,8,raikkonen,0.05
2017,13,8,raikkonen,0.05
2017,14,8,raikkonen,0.05
2017,15,8,raikkonen,0.05
2017,16,8,raikkonen,0.05
2017,17,8,raikkonen,0.05
2017,18,8,raikkonen,0.0
2017,19,8,raikkonen,0.0
2017,20,8,raikkonen,0.0
2018,1,8,raikkonen,0.0
2018,2,8,raikkonen,0.0
2018,3,8,raikkonen,0.05
2018,4,8,raikkonen,0.05
2018,5,8,raikkonen,0.05
2018,6,8,raikkonen,0.1
2018,7,8,raikkonen,0.1
2018,8,8,raikkonen,0.1
2018,9,8,raikkonen,0.1
2018,10,8,raikkonen,0.1
2018,11,8,raikkonen,0.1
2018,12,8,raikkonen,0.1
2018,13,8,raikkonen,0.1
2018,14,8,raikkonen,0.15
2018,15,8,raikkonen,0.15
2018,16,8,raikkonen,0.15
2018,17,8,raikkonen,0.15
2018,18,8,raikkonen,0.15
2018,19,8,raikkonen,0.15
2018,20,8,raikkonen,0.15
2018,21,8,raikkonen,0.15
2019,1,8,raikkonen,0.2
2019,2,8,raikkonen,0.15
2019,3,8,raikkonen,0.15
2019,4,8,raikkonen,0.15
2019,5,8,raikkonen,0.1
2019,6,8,raikkonen,0.1
2019,7,8,raikkonen,0.1
2019,8,8,raikkonen,0.1
2019,9,8,raikkonen,0.1
2019,10,8,raikkonen,0.1
2019,11,8,raikkonen,0.1
2019,12,8,raikkonen,0.1
2019,13,8,raikkonen,0.05
2019,14,8,raikkonen,0.05
2019,15,8,raikkonen,0.05
2019,16,8,raikkonen,0.05
2019,17,8,raikkonen,0.05
2019,18,8,raikkonen,0.05
2019,19,8,raikkonen,0.1
2019,20,8,raikkonen,0.1
2019,21,8,raikkonen,0.05
2020,1,8,raikkonen,0.05
2020,2,8,raikkonen,0.1
2020,3,8,raikkonen,0.1
2020,4,8,raikkonen,0.1
2020,5,8,raikkonen,0.1
2020,6,8,raikkonen,0.1
2020,7,8,raikkonen,0.1
2020,8,8,raikkonen,0.1
2020,9,8,raikkonen,0.1
2020,10,8,raikkonen,0.1
2020,11,8,raikkonen,0.1
2020,12,8,raikkonen,0.1
2020,13,8,raikkonen,0.1
2020,14,8,raikkonen,0.1
2020,15,8,raikkonen,0.1
2020,16,8,raikkonen,0.1
2020,17,8,raikkonen,0.1
2021,1,8,raikkonen,0.05
2021,2,8,raikkonen,0.05
2021,3,8,raikkonen,0.05
2021,4,8,raikkonen,0.05
2021,5,8,raikkonen,0.0
2021,6,8,raikkonen,0.0
2021,7,8,raikkonen,0.0
2021,8,8,raikkonen,0.0
2021,9,8,raikkonen,0.0
2021,10,8,raikkonen,0.0
2021,11,8,raikkonen,0.0
2021,12,8,raikkonen,0.0
2021,15,8,raikkonen,0.0
2021,16,8,raikkonen,0.0
2021,17,8,raikkonen,0.0
2021,18,8,raikkonen,0.0
2021,19,8,raikkonen,0.0
2021,20,8,raikkonen,0.0
2021,21,8,raikkonen,0.0
2021,22,8,raikkonen,0.0
2010,1,9,kubica,
2010,2,9,kubica,0.0
2010,3,9,kubica,0.0
2010,4,9,kubica,0.0
2010,5,9,kubica,0.0
2010,6,9,kubica,0.0
2010,7,9,kubica,0.0
2010,8,9,kubica,0.0
2010,9,9,kubica,0.0
2010,10,9,kubica,0.0
2010,11,9,kubica,0.1
2010,12,9,kubica,0.09090909090909091
2010,13,9,kubica,0.08333333333333333
2010,14,9,kubica,0.07692307692307693
2010,15,9,kubica,0.07142857142857142
2010,16,9,kubica,0.06666666666666667
2010,17,9,kubica,0.0625
2010,18,9,kubica,0.058823529411764705
2010,19,9,kubica,0.05555555555555555
2019,1,9,kubica,0.05263157894736842
2019,2,9,kubica,0.05
2019,3,9,kubica,0.05
2019,4,9,kubica,0.05
2019,5,9,kubica,0.05
2019,6,9,kubica,0.05
2019,7,9,kubica,0.05
2019,8,9,kubica,0.05
2019,9,9,kubica,0.05
2019,10,9,kubica,0.05
2019,11,9,kubica,0.05
2019,12,9,kubica,0.0
2019,13,9,kubica,0.0
2019,14,9,kubica,0.0
2019,15,9,kubica,0.0
2019,16,9,kubica,0.0
2019,17,9,kubica,0.05
2019,18,9,kubica,0.05
2019,19,9,kubica,0.05
2019,20,9,kubica,0.1
2019,21,9,kubica,0.1
2021,13,9,kubica,0.1
2021,14,9,kubica,0.1
2010,1,10,glock,
2010,2,10,glock,1.0
2010,3,10,glock,1.0
2010,4,10,glock,0.6666666666666666
2010,5,10,glock,0.5
2010,6,10,glock,0.4
2010,7,10,glock,0.3333333333333333
2010,8,10,glock,0.2857142857142857
2010,9,10,glock,0.375
2010,10,10,glock,0.3333333333333333
2010,11,10,glock,0.3
2010,12,10,glock,0.2727272727272727
2010,13,10,glock,0.25
2010,14,10,glock,0.23076923076923078
2010,15,10,glock,0.21428571428571427
2010,16,10,glock,0.26666666666666666
2010,17,10,glock,0.25
2010,18,10,glock,0.23529411764705882
2010,19,10,glock,0.2222222222222222
2011,1,10,glock,0.2631578947368421
2011,2,10,glock,0.25
2011,3,10,glock,0.2
2011,4,10,glock,0.15
2011,5,10,glock,0.15
2011,6,10,glock,0.15
2011,7,10,glock,0.2
2011,8,10,glock,0.2
2011,9,10,glock,0.2
2011,10,10,glock,0.15
2011,11,10,glock,0.15
2011,12,10,glock,0.15
2011,13,10,glock,0.15
2011,14,10,glock,0.15
2011,15,10,glock,0.15
2011,16,10,glock,0.15
2011,17,10,glock,0.1
2011,18,10,glock,0.1
2011,19,10,glock,0.1
2012,1,10,glock,0.1
2012,2,10,glock,0.05
2012,3,10,glock,0.05
2012,4,10,glock,0.05
2012,5,10,glock,0.05
2012,6,10,glock,0.05
2012,7,10,glock,0.05
2012,8,10,glock,0.05
2012,9,10,glock,0.05
2012,10,10,glock,0.05
2012,11,10,glock,0.05
2012,12,10,glock,0.05
2012,13,10,glock,0.05
2012,14,10,glock,0.05
2012,15,10,glock,0.05
2012,16,10,glock,0.05
2012,17,10,glock,0.05
2012,18,10,glock,0.05
2012,19,10,glock,0.05
2012,20,10,glock,0.05
2010,1,13,massa,
2010,2,13,massa,0.0
2010,3,13,massa,0.0
2010,4,13,massa,0.0
2010,5,13,massa,0.0
2010,6,13,massa,0.0
2010,7,13,massa,0.0
2010,8,13,massa,0.0
2010,9,13,massa,0.0
2010,10,13,massa,0.0
2010,11,13,massa,0.0
2010,12,13,massa,0.0
2010,13,13,massa,0.0
2010,14,13,massa,0.0
2010,15,13,massa,0.0
2010,16,13,massa,0.0
2010,17,13,massa,0.0
2010,18,13,massa,0.0
2010,19,13,massa,0.0
2011,1,13,massa,0.0
2011,2,13,massa,0.0
2011,3,13,massa,0.0
2011,4,13,massa,0.0
2011,5,13,massa,0.0
2011,6,13,massa,0.05
2011,7,13,massa,0.05
2011,8,13,massa,0.05
2011,9,13,massa,0.05
2011,10,13,massa,0.05
2011,11,13,massa,0.05
2011,12,13,massa,0.05
2011,13,13,massa,0.05
2011,14,13,massa,0.05
2011,15,13,massa,0.05
2011,16,13,massa,0.05
2011,17,13,massa,0.05
2011,18,13,massa,0.1
2011,19,13,massa,0.1
2012,1,13,massa,0.1
2012,2,13,massa,0.1
2012,3,13,massa,0.1
2012,4,13,massa,0.1
2012,5,13,massa,0.1
2012,6,13,massa,0.1
2012,7,13,massa,0.05
2012,8,13,massa,0.05
2012,9,13,massa,0.05
2012,10,13,massa,0.05
2012,11,13,massa,0.05
2012,12,13,massa,0.05
2012,13,13,massa,0.05
2012,14,13,massa,0.05
2012,15,13,massa,0.05
2012,16,13,massa,0.05
2012,17,13,massa,0.05
2012,18,13,massa,0.05
2012,19,13,massa,0.0
2012,20,13,massa,0.0
2013,1,13,massa,0.0
2013,2,13,massa,0.0
2013,3,13,massa,0.0
2013,4,13,massa,0.0
2013,5,13,massa,0.0
2013,6,13,massa,0.0
2013,7,13,massa,0.0
2013,8,13,massa,0.0
2013,9,13,massa,0.0
2013,10,13,massa,0.0
2013,11,13,massa,0.0
2013,12,13,massa,0.0
2013,13,13,massa,0.0
2013,14,13,massa,0.0
2013,15,13,massa,0.0
2013,16,13,massa,0.0
2013,17,13,massa,0.0
2013,18,13,massa,0.0
2013,19,13,massa,0.0
2014,1,13,massa,0.0
2014,2,13,massa,0.0
2014,3,13,massa,0.0
2014,4,13,massa,0.0
2014,5,13,massa,0.0
2014,6,13,massa,0.0
2014,7,13,massa,0.0
2014,8,13,massa,0.0
2014,9,13,massa,0.0
2014,10,13,massa,0.0
2014,11,13,massa,0.0
2014,12,13,massa,0.0
2014,13,13,massa,0.0
2014,14,13,massa,0.0
2014,15,13,massa,0.0
2014,16,13,massa,0.0
2014,17,13,massa,0.0
2014,18,13,massa,0.0
2014,19,13,massa,0.0
2015,1,13,massa,0.0
2015,2,13,massa,0.0
2015,3,13,massa,0.0
2015,4,13,massa,0.0
2015,5,13,massa,0.0
2015,6,13,massa,0.0
2015,7,13,massa,0.0
2015,8,13,massa,0.0
2015,9,13,massa,0.0
2015,10,13,massa,0.0
2015,11,13,massa,0.0
2015,12,13,massa,0.0
2015,13,13,massa,0.0
2015,14,13,massa,0.05
2015,15,13,massa,0.05
2015,16,13,massa,0.05
2015,17,13,massa,0.05
2015,18,13,massa,0.05
2015,19,13,massa,0.05
2016,1,13,massa,0.05
2016,2,13,massa,0.05
2016,3,13,massa,0.05
2016,4,13,massa,0.05
2016,5,13,massa,0.05
2016,6,13,massa,0.05
2016,7,13,massa,0.05
2016,8,13,massa,0.05
2016,9,13,massa,0.05
2016,10,13,massa,0.05
2016,11,13,massa,0.05
2016,12,13,massa,0.05
2016,13,13,massa,0.1
2016,14,13,massa,0.1
2016,15,13,massa,0.05
2016,16,13,massa,0.05
2016,17,13,massa,0.05
2016,18,13,massa,0.05
2016,19,13,massa,0.05
2016,20,13,massa,0.05
2016,21,13,massa,0.05
2017,1,13,massa,0.05
2017,2,13,massa,0.05
2017,3,13,massa,0.05
2017,4,13,massa,0.05
2017,5,13,massa,0.05
2017,6,13,massa,0.05
2017,7,13,massa,0.05
2017,8,13,massa,0.05
2017,9,13,massa,0.1
2017,10,13,massa,0.1
2017,12,13,massa,0.1
2017,13,13,massa,0.05
2017,14,13,massa,0.05
2017,15,13,massa,0.05
2017,16,13,massa,0.05
2017,17,13,massa,0.05
2017,18,13,massa,0.05
2017,19,13,massa,0.05
2017,20,13,massa,0.05
2010,1,15,trulli,
2010,2,15,trulli,0.0
2010,3,15,trulli,0.0
2010,4,15,trulli,0.0
2010,5,15,trulli,0.25
2010,6,15,trulli,0.2
2010,7,15,trulli,0.16666666666666666
2010,8,15,trulli,0.2857142857142857
2010,9,15,trulli,0.375
2010,10,15,trulli,0.3333333333333333
2010,11,15,trulli,0.3
2010,12,15,trulli,0.2727272727272727
2010,13,15,trulli,0.25
2010,14,15,trulli,0.23076923076923078
2010,15,15,trulli,0.2857142857142857
2010,16,15,trulli,0.3333333333333333
2010,17,15,trulli,0.3125
2010,18,15,trulli,0.35294117647058826
2010,19,15,trulli,0.3333333333333333
2011,1,15,trulli,0.3157894736842105
2011,2,15,trulli,0.3
2011,3,15,trulli,0.35
2011,4,15,trulli,0.35
2011,5,15,trulli,0.35
2011,6,15,trulli,0.3
2011,7,15,trulli,0.3
2011,8,15,trulli,0.3
2011,9,15,trulli,0.25
2011,11,15,trulli,0.25
2011,12,15,trulli,0.3
2011,13,15,trulli,0.3
2011,14,15,trulli,0.3
2011,15,15,trulli,0.35
2011,16,15,trulli,0.35
2011,17,15,trulli,0.3
2011,18,15,trulli,0.25
2011,19,15,trulli,0.25
2010,1,16,sutil,
2010,2,16,sutil,0.0
2010,3,16,sutil,0.5
2010,4,16,sutil,0.3333333333333333
2010,5,16,sutil,0.25
2010,6,16,sutil,0.2
2010,7,16,sutil,0.16666666666666666
2010,8,16,sutil,0.14285714285714285
2010,9,16,sutil,0.125
2010,10,16,sutil,0.1111111111111111
2010,11,16,sutil,0.1
2010,12,16,sutil,0.09090909090909091
2010,13,16,sutil,0.08333333333333333
2010,14,16,sutil,0.07692307692307693
2010,15,16,sutil,0.07142857142857142
2010,16,16,sutil,0.06666666666666667
2010,17,16,sutil,0.125
2010,18,16,sutil,0.11764705882352941
2010,19,16,sutil,0.1111111111111111
2011,1,16,sutil,0.10526315789473684
2011,2,16,sutil,0.1
2011,3,16,sutil,0.1
2011,4,16,sutil,0.05
2011,5,16,sutil,0.05
2011,6,16,sutil,0.05
2011,7,16,sutil,0.05
2011,8,16,sutil,0.05
2011,9,16,sutil,0.05
2011,10,16,sutil,0.05
2011,11,16,sutil,0.05
2011,12,16,sutil,0.05
2011,13,16,sutil,0.05
2011,14,16,sutil,0.1
2011,15,16,sutil,0.1
2011,16,16,sutil,0.1
2011,17,16,sutil,0.1
2011,18,16,sutil,0.05
2011,19,16,sutil,0.05
2013,1,16,sutil,0.05
2013,2,16,sutil,0.05
2013,3,16,sutil,0.1
2013,4,16,sutil,0.1
2013,5,16,sutil,0.1
2013,6,16,sutil,0.1
2013,7,16,sutil,0.1
2013,8,16,sutil,0.1
2013,9,16,sutil,0.1
2013,10,16,sutil,0.1
2013,11,16,sutil,0.15
2013,12,16,sutil,0.15
2013,13,16,sutil,0.15
2013,14,16,sutil,0.15
2013,15,16,sutil,0.1
2013,16,16,sutil,0.1
2013,17,16,sutil,0.1
2013,18,16,sutil,0.1
2013,19,16,sutil,0.1
2014,1,16,sutil,0.1
2014,2,16,sutil,0.1
2014,3,16,sutil,0.15
2014,4,16,sutil,0.1
2014,5,16,sutil,0.15
2014,6,16,sutil,0.15
2014,7,16,sutil,0.15
2014,8,16,sutil,0.15
2014,9,16,sutil,0.15
2014,10,16,sutil,0.15
2014,11,16,sutil,0.2
2014,12,16,sutil,0.15
2014,13,16,sutil,0.15
2014,14,16,sutil,0.15
2014,15,16,sutil,0.2
2014,16,16,sutil,0.2
2014,17,16,sutil,0.2
2014,18,16,sutil,0.2
2014,19,16,sutil,0.2
2010,1,17,webber,
2010,2,17,webber,0.0
2010,3,17,webber,0.0
2010,4,17,webber,0.0
2010,5,17,webber,0.0
2010,6,17,webber,0.0
2010,7,17,webber,0.0
2010,8,17,webber,0.0
2010,9,17,webber,0.0
2010,10,17,webber,0.0
2010,11,17,webber,0.0
2010,12,17,webber,0.0
2010,13,17,webber,0.0
2010,14,17,webber,0.0
2010,15,17,webber,0.0
2010,16,17,webber,0.0
2010,17,17,webber,0.0
2010,18,17,webber,0.0
2010,19,17,webber,0.0
2011,1,17,webber,0.0
2011,2,17,webber,0.0
2011,3,17,webber,0.0
2011,4,17,webber,0.0
2011,5,17,webber,0.0
2011,6,17,webber,0.0
2011,7,17,webber,0.0
2011,8,17,webber,0.0
2011,9,17,webber,0.0
2011,10,17,webber,0.0
2011,11,17,webber,0.0
2011,12,17,webber,0.0
2011,13,17,webber,0.0
2011,14,17,webber,0.0
2011,15,17,webber,0.0
2011,16,17,webber,0.0
2011,17,17,webber,0.0
2011,18,17,webber,0.0
2011,19,17,webber,0.0
2012,1,17,webber,0.0
2012,2,17,webber,0.0
2012,3,17,webber,0.0
2012,4,17,webber,0.0
2012,5,17,webber,0.0
2012,6,17,webber,0.0
2012,7,17,webber,0.0
2012,8,17,webber,0.0
2012,9,17,webber,0.0
2012,10,17,webber,0.0
2012,11,17,webber,0.0
2012,12,17,webber,0.0
2012,13,17,webber,0.0
2012,14,17,webber,0.0
2012,15,17,webber,0.0
2012,16,17,webber,0.0
2012,17,17,webber,0.0
2012,18,17,webber,0.0
2012,19,17,webber,0.0
2012,20,17,webber,0.0
2013,1,17,webber,0.0
2013,2,17,webber,0.0
2013,3,17,webber,0.0
2013,4,17,webber,0.05
2013,5,17,webber,0.05
2013,6,17,webber,0.05
2013,7,17,webber,0.05
2013,8,17,webber,0.05
2013,9,17,webber,0.05
2013,10,17,webber,0.05
2013,11,17,webber,0.05
2013,12,17,webber,0.05
2013,13,17,webber,0.05
2013,14,17,webber,0.05
2013,15,17,webber,0.05
2013,16,17,webber,0.05
2013,17,17,webber,0.05
2013,18,17,webber,0.05
2013,19,17,webber,0.05
2010,1,18,button,
2010,2,18,button,0.0
2010,3,18,button,0.0
2010,4,18,button,0.0
2010,5,18,button,0.0
2010,6,18,button,0.0
2010,7,18,button,0.0
2010,8,18,button,0.0
2010,9,18,button,0.0
2010,10,18,button,0.0
2010,11,18,button,0.0
2010,12,18,button,0.0
2010,13,18,button,0.0
2010,14,18,button,0.0
2010,15,18,button,0.0
2010,16,18,button,0.0
2010,17,18,button,0.0
2010,18,18,button,0.0
2010,19,18,button,0.0
2011,1,18,button,0.0
2011,2,18,button,0.0
2011,3,18,button,0.0
2011,4,18,button,0.0
2011,5,18,button,0.0
2011,6,18,button,0.0
2011,7,18,button,0.0
2011,8,18,button,0.0
2011,9,18,button,0.0
2011,10,18,button,0.05
2011,11,18,button,0.1
2011,12,18,button,0.1
2011,13,18,button,0.1
2011,14,18,button,0.1
2011,15,18,button,0.1
2011,16,18,button,0.1
2011,17,18,button,0.1
2011,18,18,button,0.1
2011,19,18,button,0.1
2012,1,18,button,0.1
2012,2,18,button,0.1
2012,3,18,button,0.1
2012,4,18,button,0.1
2012,5,18,button,0.1
2012,6,18,button,0.1
2012,7,18,button,0.1
2012,8,18,button,0.1
2012,9,18,button,0.1
2012,10,18,button,0.1
2012,11,18,button,0.05
2012,12,18,button,0.0
2012,13,18,button,0.0
2012,14,18,button,0.05
2012,15,18,button,0.05
2012,16,18,button,0.05
2012,17,18,button,0.05
2012,18,18,button,0.05
2012,19,18,button,0.05
2012,20,18,button,0.05
2013,1,18,button,0.05
2013,2,18,button,0.05
2013,3,18,button,0.05
2013,4,18,button,0.05
2013,5,18,button,0.05
2013,6,18,button,0.05
2013,7,18,button,0.05
2013,8,18,button,0.05
2013,9,18,button,0.05
2013,10,18,button,0.05
2013,11,18,button,0.05
2013,12,18,button,0.05
2013,13,18,button,0.05
2013,14,18,button,0.0
2013,15,18,button,0.0
2013,16,18,button,0.0
2013,17,18,button,0.0
2013,18,18,button,0.0
2013,19,18,button,0.0
2014,1,18,button,0.0
2014,2,18,button,0.0
2014,3,18,button,0.0
2014,4,18,button,0.0
2014,5,18,button,0.0
2014,6,18,button,0.0
2014,7,18,button,0.0
2014,8,18,button,0.0
2014,9,18,button,0.0
2014,10,18,button,0.0
2014,11,18,button,0.0
2014,12,18,button,0.0
2014,13,18,button,0.0
2014,14,18,button,0.0
2014,15,18,button,0.0
2014,16,18,button,0.0
2014,17,18,button,0.0
2014,18,18,button,0.0
2014,19,18,button,0.0
2015,1,18,button,0.0
2015,2,18,button,0.0
2015,3,18,button,0.05
2015,4,18,button,0.05
2015,5,18,button,0.05
2015,6,18,button,0.05
2015,7,18,button,0.05
2015,8,18,button,0.05
2015,9,18,button,0.05
2015,10,18,button,0.05
2015,11,18,button,0.05
2015,12,18,button,0.05
2015,13,18,button,0.05
2015,14,18,button,0.1
2015,15,18,button,0.1
2015,16,18,button,0.1
2015,17,18,button,0.1
2015,18,18,button,0.1
2015,19,18,button,0.1
2016,1,18,button,0.1
2016,2,18,button,0.1
2016,3,18,button,0.15
2016,4,18,button,0.1
2016,5,18,button,0.1
2016,6,18,button,0.1
2016,7,18,button,0.1
2016,8,18,button,0.15
2016,9,18,button,0.15
2016,10,18,button,0.15
2016,11,18,button,0.15
2016,12,18,button,0.2
2016,13,18,button,0.2
2016,14,18,button,0.2
2016,15,18,button,0.15
2016,16,18,button,0.2
2016,17,18,button,0.2
2016,18,18,button,0.2
2016,19,18,button,0.2
2016,20,18,button,0.2
2016,21,18,button,0.2
2017,6,18,button,0.25
2010,1,20,vettel,
2010,2,20,vettel,0.0
2010,3,20,vettel,0.5
2010,4,20,vettel,0.3333333333333333
2010,5,20,vettel,0.25
2010,6,20,vettel,0.2
2010,7,20,vettel,0.16666666666666666
2010,8,20,vettel,0.14285714285714285
2010,9,20,vettel,0.125
2010,10,20,vettel,0.1111111111111111
2010,11,20,vettel,0.1
2010,12,20,vettel,0.09090909090909091
2010,13,20,vettel,0.08333333333333333
2010,14,20,vettel,0.07692307692307693
2010,15,20,vettel,0.07142857142857142
2010,16,20,vettel,0.06666666666666667
2010,17,20,vettel,0.0625
2010,18,20,vettel,0.11764705882352941
2010,19,20,vettel,0.1111111111111111
2011,1,20,vettel,0.10526315789473684
2011,2,20,vettel,0.1
2011,3,20,vettel,0.1
2011,4,20,vettel,0.05
2011,5,20,vettel,0.05
2011,6,20,vettel,0.05
2011,7,20,vettel,0.05
2011,8,20,vettel,0.05
2011,9,20,vettel,0.05
2011,10,20,vettel,0.05
2011,11,20,vettel,0.05
2011,12,20,vettel,0.05
2011,13,20,vettel,0.05
2011,14,20,vettel,0.05
2011,15,20,vettel,0.05
2011,16,20,vettel,0.05
2011,17,20,vettel,0.05
2011,18,20,vettel,0.05
2011,19,20,vettel,0.0
2012,1,20,vettel,0.0
2012,2,20,vettel,0.0
2012,3,20,vettel,0.0
2012,4,20,vettel,0.0
2012,5,20,vettel,0.0
2012,6,20,vettel,0.0
2012,7,20,vettel,0.0
2012,8,20,vettel,0.0
2012,9,20,vettel,0.05
2012,10,20,vettel,0.05
2012,11,20,vettel,0.05
2012,12,20,vettel,0.05
2012,13,20,vettel,0.05
2012,14,20,vettel,0.05
2012,15,20,vettel,0.05
2012,16,20,vettel,0.05
2012,17,20,vettel,0.05
2012,18,20,vettel,0.05
2012,19,20,vettel,0.05
2012,20,20,vettel,0.05
2013,1,20,vettel,0.05
2013,2,20,vettel,0.05
2013,3,20,vettel,0.05
2013,4,20,vettel,0.05
2013,5,20,vettel,0.05
2013,6,20,vettel,0.05
2013,7,20,vettel,0.05
2013,8,20,vettel,0.05
2013,9,20,vettel,0.05
2013,10,20,vettel,0.05
2013,11,20,vettel,0.05
2013,12,20,vettel,0.05
2013,13,20,vettel,0.05
2013,14,20,vettel,0.05
2013,15,20,vettel,0.05
2013,16,20,vettel,0.05
2013,17,20,vettel,0.05
2013,18,20,vettel,0.05
2013,19,20,vettel,0.05
2014,1,20,vettel,0.05
2014,2,20,vettel,0.05
2014,3,20,vettel,0.05
2014,4,20,vettel,0.05
2014,5,20,vettel,0.05
2014,6,20,vettel,0.05
2014,7,20,vettel,0.1
2014,8,20,vettel,0.1
2014,9,20,vettel,0.15
2014,10,20,vettel,0.1
2014,11,20,vettel,0.1
2014,12,20,vettel,0.1
2014,13,20,vettel,0.1
2014,14,20,vettel,0.1
2014,15,20,vettel,0.1
2014,16,20,vettel,0.1
2014,17,20,vettel,0.1
2014,18,20,vettel,0.1
2014,19,20,vettel,0.1
2015,1,20,vettel,0.1
2015,2,20,vettel,0.1
2015,3,20,vettel,0.1
2015,4,20,vettel,0.1
2015,5,20,vettel,0.1
2015,6,20,vettel,0.1
2015,7,20,vettel,0.1
2015,8,20,vettel,0.05
2015,9,20,vettel,0.05
2015,10,20,vettel,0.0
2015,11,20,vettel,0.0
2015,12,20,vettel,0.0
2015,13,20,vettel,0.0
2015,14,20,vettel,0.0
2015,15,20,vettel,0.0
2015,16,20,vettel,0.0
2015,17,20,vettel,0.0
2015,18,20,vettel,0.0
2015,19,20,vettel,0.0
2016,1,20,vettel,0.0
2016,2,20,vettel,0.0
2016,3,20,vettel,0.0
2016,4,20,vettel,0.0
2016,5,20,vettel,0.0
2016,6,20,vettel,0.0
2016,7,20,vettel,0.0
2016,8,20,vettel,0.0
2016,9,20,vettel,0.0
2016,10,20,vettel,0.05
2016,11,20,vettel,0.05
2016,12,20,vettel,0.05
2016,13,20,vettel,0.05
2016,14,20,vettel,0.05
2016,15,20,vettel,0.05
2016,16,20,vettel,0.05
2016,17,20,vettel,0.05
2016,18,20,vettel,0.05
2016,19,20,vettel,0.05
2016,20,20,vettel,0.05
2016,21,20,vettel,0.05
2017,1,20,vettel,0.05
2017,2,20,vettel,0.05
2017,3,20,vettel,0.05
2017,4,20,vettel,0.05
2017,5,20,vettel,0.05
2017,6,20,vettel,0.05
2017,7,20,vettel,0.05
2017,8,20,vettel,0.05
2017,9,20,vettel,0.0
2017,10,20,vettel,0.0
2017,11,20,vettel,0.0
2017,12,20,vettel,0.0
2017,13,20,vettel,0.0
2017,14,20,vettel,0.0
2017,15,20,vettel,0.0
2017,16,20,vettel,0.0
2017,17,20,vettel,0.0
2017,18,20,vettel,0.0
2017,19,20,vettel,0.0
2017,20,20,vettel,0.0
2018,1,20,vettel,0.0
2018,2,20,vettel,0.0
2018,3,20,vettel,0.0
2018,4,20,vettel,0.0
2018,5,20,vettel,0.0
2018,6,20,vettel,0.0
2018,7,20,vettel,0.0
2018,8,20,vettel,0.0
2018,9,20,vettel,0.0
2018,10,20,vettel,0.0
2018,11,20,vettel,0.0
2018,12,20,vettel,0.0
2018,13,20,vettel,0.0
2018,14,20,vettel,0.0
2018,15,20,vettel,0.0
2018,16,20,vettel,0.0
2018,17,20,vettel,0.0
2018,18,20,vettel,0.0
2018,19,20,vettel,0.0
2018,20,20,vettel,0.0
2018,21,20,vettel,0.0
2019,1,20,vettel,0.0
2019,2,20,vettel,0.0
2019,3,20,vettel,0.0
2019,4,20,vettel,0.0
2019,5,20,vettel,0.0
2019,6,20,vettel,0.0
2019,7,20,vettel,0.0
2019,8,20,vettel,0.0
2019,9,20,vettel,0.0
2019,10,20,vettel,0.0
2019,11,20,vettel,0.0
2019,12,20,vettel,0.0
2019,13,20,vettel,0.0
2019,14,20,vettel,0.0
2019,15,20,vettel,0.0
2019,16,20,vettel,0.0
2019,17,20,vettel,0.05
2019,18,20,vettel,0.05
2019,19,20,vettel,0.05
2019,20,20,vettel,0.1
2019,21,20,vettel,0.1
2020,1,20,vettel,0.1
2020,2,20,vettel,0.1
2020,3,20,vettel,0.1
2020,4,20,vettel,0.1
2020,5,20,vettel,0.1
2020,6,20,vettel,0.1
2020,7,20,vettel,0.1
2020,8,20,vettel,0.1
2020,9,20,vettel,0.15
2020,10,20,vettel,0.15
2020,11,20,vettel,0.15
2020,12,20,vettel,0.15
2020,13,20,vettel,0.15
2020,14,20,vettel,0.15
2020,15,20,vettel,0.15
2020,16,20,vettel,0.1
2020,17,20,vettel,0.1
2021,1,20,vettel,0.1
2021,2,20,vettel,0.05
2021,3,20,vettel,0.05
2021,4,20,vettel,0.05
2021,5,20,vettel,0.05
2021,6,20,vettel,0.05
2021,7,20,vettel,0.05
2021,8,20,vettel,0.05
2021,9,20,vettel,0.05
2021,10,20,vettel,0.05
2021,11,20,vettel,0.05
2021,12,20,vettel,0.0
2021,13,20,vettel,0.0
2021,14,20,vettel,0.0
2021,15,20,vettel,0.0
2021,16,20,vettel,0.0
2021,17,20,vettel,0.0
2021,18,20,vettel,0.0
2021,19,20,vettel,0.0
2021,20,20,vettel,0.0
2021,21,20,vettel,0.0
2021,22,20,vettel,0.0
2022,3,20,vettel,0.0
2022,4,20,vettel,0.0
2022,5,20,vettel,0.0
2022,6,20,vettel,0.0
2022,7,20,vettel,0.0
2022,8,20,vettel,0.0
2022,9,20,vettel,0.0
2022,10,20,vettel,0.0
2022,11,20,vettel,0.0
2022,12,20,vettel,0.0
2022,13,20,vettel,0.0
2022,14,20,vettel,0.0
2022,15,20,vettel,0.0
2022,16,20,vettel,0.0
2022,17,20,vettel,0.05
2022,18,20,vettel,0.05
2022,19,20,vettel,0.05
2022,20,20,vettel,0.05
2022,21,20,vettel,0.05
2022,22,20,vettel,0.05
2010,1,22,barrichello,
2010,2,22,barrichello,0.0
2010,3,22,barrichello,0.0
2010,4,22,barrichello,0.0
2010,5,22,barrichello,0.0
2010,6,22,barrichello,0.0
2010,7,22,barrichello,0.16666666666666666
2010,8,22,barrichello,0.14285714285714285
2010,9,22,barrichello,0.125
2010,10,22,barrichello,0.1111111111111111
2010,11,22,barrichello,0.1
2010,12,22,barrichello,0.09090909090909091
2010,13,22,barrichello,0.08333333333333333
2010,14,22,barrichello,0.07692307692307693
2010,15,22,barrichello,0.07142857142857142
2010,16,22,barrichello,0.06666666666666667
2010,17,22,barrichello,0.0625
2010,18,22,barrichello,0.058823529411764705
2010,19,22,barrichello,0.05555555555555555
2011,1,22,barrichello,0.05263157894736842
2011,2,22,barrichello,0.1
2011,3,22,barrichello,0.15
2011,4,22,barrichello,0.15
2011,5,22,barrichello,0.15
2011,6,22,barrichello,0.15
2011,7,22,barrichello,0.15
2011,8,22,barrichello,0.1
2011,9,22,barrichello,0.1
2011,10,22,barrichello,0.1
2011,11,22,barrichello,0.15
2011,12,22,barrichello,0.15
2011,13,22,barrichello,0.15
2011,14,22,barrichello,0.15
2011,15,22,barrichello,0.15
2011,16,22,barrichello,0.15
2011,17,22,barrichello,0.15
2011,18,22,barrichello,0.15
2011,19,22,barrichello,0.15
2010,1,24,liuzzi,
2010,2,24,liuzzi,0.0
2010,3,24,liuzzi,0.0
2010,4,24,liuzzi,0.3333333333333333
2010,5,24,liuzzi,0.25
2010,6,24,liuzzi,0.2
2010,7,24,liuzzi,0.16666666666666666
2010,8,24,liuzzi,0.14285714285714285
2010,9,24,liuzzi,0.125
2010,10,24,liuzzi,0.1111111111111111
2010,11,24,liuzzi,0.1
2010,12,24,liuzzi,0.09090909090909091
2010,13,24,liuzzi,0.08333333333333333
2010,14,24,liuzzi,0.07692307692307693
2010,15,24,liuzzi,0.07142857142857142
2010,16,24,liuzzi,0.06666666666666667
2010,17,24,liuzzi,0.0625
2010,18,24,liuzzi,0.058823529411764705
2010,19,24,liuzzi,0.05555555555555555
2011,1,24,liuzzi,0.05263157894736842
2011,2,24,liuzzi,0.05
2011,3,24,liuzzi,0.05
2011,4,24,liuzzi,0.05
2011,5,24,liuzzi,0.0
2011,6,24,liuzzi,0.05
2011,7,24,liuzzi,0.05
2011,8,24,liuzzi,0.05
2011,9,24,liuzzi,0.05
2011,10,24,liuzzi,0.05
2011,11,24,liuzzi,0.1
2011,12,24,liuzzi,0.1
2011,13,24,liuzzi,0.1
2011,14,24,liuzzi,0.1
2011,15,24,liuzzi,0.1
2011,16,24,liuzzi,0.1
2011,18,24,liuzzi,0.1
2011,19,24,liuzzi,0.1
2010,10,29,yamamoto,
2010,11,29,yamamoto,0.0
2010,12,29,yamamoto,0.5
2010,13,29,yamamoto,0.3333333333333333
2010,14,29,yamamoto,0.25
2010,16,29,yamamoto,0.2
2010,17,29,yamamoto,0.16666666666666666
2010,1,30,michael_schumacher,
2010,2,30,michael_schumacher,0.0
2010,3,30,michael_schumacher,0.0
2010,4,30,michael_schumacher,0.3333333333333333
2010,5,30,michael_schumacher,0.25
2010,6,30,michael_schumacher,0.2
2010,7,30,michael_schumacher,0.16666666666666666
2010,8,30,michael_schumacher,0.14285714285714285
2010,9,30,michael_schumacher,0.125
2010,10,30,michael_schumacher,0.1111111111111111
2010,11,30,michael_schumacher,0.1
2010,12,30,michael_schumacher,0.09090909090909091
2010,13,30,michael_schumacher,0.08333333333333333
2010,14,30,michael_schumacher,0.07692307692307693
2010,15,30,michael_schumacher,0.07142857142857142
2010,16,30,michael_schumacher,0.06666666666666667
2010,17,30,michael_schumacher,0.0625
2010,18,30,michael_schumacher,0.058823529411764705
2010,19,30,michael_schumacher,0.05555555555555555
2011,1,30,michael_schumacher,0.05263157894736842
2011,2,30,michael_schumacher,0.05
2011,3,30,michael_schumacher,0.05
2011,4,30,michael_schumacher,0.05
2011,5,30,michael_schumacher,0.0
2011,6,30,michael_schumacher,0.0
2011,7,30,michael_schumacher,0.05
2011,8,30,michael_schumacher,0.05
2011,9,30,michael_schumacher,0.05
2011,10,30,michael_schumacher,0.05
2011,11,30,michael_schumacher,0.05
2011,12,30,michael_schumacher,0.1
2011,13,30,michael_schumacher,0.1
2011,14,30,michael_schumacher,0.1
2011,15,30,michael_schumacher,0.1
2011,16,30,michael_schumacher,0.1
2011,17,30,michael_schumacher,0.1
2011,18,30,michael_schumacher,0.1
2011,19,30,michael_schumacher,0.1
2012,1,30,michael_schumacher,0.1
2012,2,30,michael_schumacher,0.15
2012,3,30,michael_schumacher,0.15
2012,4,30,michael_schumacher,0.2
2012,5,30,michael_schumacher,0.2
2012,6,30,michael_schumacher,0.2
2012,7,30,michael_schumacher,0.25
2012,8,30,michael_schumacher,0.2
2012,9,30,michael_schumacher,0.2
2012,10,30,michael_schumacher,0.2
2012,11,30,michael_schumacher,0.2
2012,12,30,michael_schumacher,0.2
2012,13,30,michael_schumacher,0.15
2012,14,30,michael_schumacher,0.15
2012,15,30,michael_schumacher,0.15
2012,16,30,michael_schumacher,0.15
2012,17,30,michael_schumacher,0.15
2012,18,30,michael_schumacher,0.15
2012,19,30,michael_schumacher,0.15
2012,20,30,michael_schumacher,0.15
2010,15,32,klien,
2010,18,32,klien,1.0
2010,19,32,klien,0.5
2010,1,37,rosa,
2010,2,37,rosa,1.0
2010,3,37,rosa,0.5
2010,4,37,rosa,0.3333333333333333
2010,5,37,rosa,0.25
2010,6,37,rosa,0.2
2010,7,37,rosa,0.3333333333333333
2010,8,37,rosa,0.2857142857142857
2010,9,37,rosa,0.375
2010,10,37,rosa,0.3333333333333333
2010,11,37,rosa,0.3
2010,12,37,rosa,0.2727272727272727
2010,13,37,rosa,0.25
2010,14,37,rosa,0.23076923076923078
2011,7,37,rosa,0.21428571428571427
2012,1,37,rosa,0.2
2012,2,37,rosa,0.1875
2012,3,37,rosa,0.17647058823529413
2012,4,37,rosa,0.16666666666666666
2012,5,37,rosa,0.15789473684210525
2012,6,37,rosa,0.15
2012,7,37,rosa,0.1
2012,8,37,rosa,0.15
2012,9,37,rosa,0.15
2012,10,37,rosa,0.15
2012,11,37,rosa,0.15
2012,12,37,rosa,0.1
2012,13,37,rosa,0.1
2012,14,37,rosa,0.05
2012,15,37,rosa,0.05
2012,16,37,rosa,0.05
2012,17,37,rosa,0.1
2012,18,37,rosa,0.1
2012,19,37,rosa,0.1
2012,20,37,rosa,0.1
2011,1,39,karthikeyan,
2011,2,39,karthikeyan,0.0
2011,3,39,karthikeyan,0.0
2011,4,39,karthikeyan,0.0
2011,5,39,karthikeyan,0.0
2011,6,39,karthikeyan,0.0
2011,7,39,karthikeyan,0.0
2011,8,39,karthikeyan,0.0
2011,17,39,karthikeyan,0.0
2012,1,39,karthikeyan,0.0
2012,2,39,karthikeyan,0.0
2012,3,39,karthikeyan,0.0
2012,4,39,karthikeyan,0.0
2012,5,39,karthikeyan,0.0
2012,6,39,karthikeyan,0.07142857142857142
2012,7,39,karthikeyan,0.06666666666666667
2012,8,39,karthikeyan,0.125
2012,9,39,karthikeyan,0.11764705882352941
2012,10,39,karthikeyan,0.1111111111111111
2012,11,39,karthikeyan,0.10526315789473684
2012,12,39,karthikeyan,0.15
2012,13,39,karthikeyan,0.15
2012,14,39,karthikeyan,0.15
2012,15,39,karthikeyan,0.15
2012,16,39,karthikeyan,0.2
2012,17,39,karthikeyan,0.2
2012,18,39,karthikeyan,0.2
2012,19,39,karthikeyan,0.2
2012,20,39,karthikeyan,0.2
2010,1,67,buemi,
2010,2,67,buemi,0.0
2010,3,67,buemi,0.0
2010,4,67,buemi,0.0
2010,5,67,buemi,0.0
2010,6,67,buemi,0.2
2010,7,67,buemi,0.16666666666666666
2010,8,67,buemi,0.14285714285714285
2010,9,67,buemi,0.125
2010,10,67,buemi,0.1111111111111111
2010,11,67,buemi,0.1
2010,12,67,buemi,0.09090909090909091
2010,13,67,buemi,0.08333333333333333
2010,14,67,buemi,0.07692307692307693
2010,15,67,buemi,0.07142857142857142
2010,16,67,buemi,0.06666666666666667
2010,17,67,buemi,0.0625
2010,18,67,buemi,0.058823529411764705
2010,19,67,buemi,0.05555555555555555
2011,1,67,buemi,0.05263157894736842
2011,2,67,buemi,0.05
2011,3,67,buemi,0.05
2011,4,67,buemi,0.05
2011,5,67,buemi,0.05
2011,6,67,buemi,0.05
2011,7,67,buemi,0.0
2011,8,67,buemi,0.0
2011,9,67,buemi,0.0
2011,10,67,buemi,0.0
2011,11,67,buemi,0.0
2011,12,67,buemi,0.0
2011,13,67,buemi,0.0
2011,14,67,buemi,0.0
2011,15,67,buemi,0.0
2011,16,67,buemi,0.05
2011,17,67,buemi,0.05
2011,18,67,buemi,0.1
2011,19,67,buemi,0.15
2010,1,153,alguersuari,
2010,2,153,alguersuari,0.0
2010,3,153,alguersuari,0.0
2010,4,153,alguersuari,0.0
2010,5,153,alguersuari,0.0
2010,6,153,alguersuari,0.0
2010,7,153,alguersuari,0.0
2010,8,153,alguersuari,0.0
2010,9,153,alguersuari,0.0
2010,10,153,alguersuari,0.0
2010,11,153,alguersuari,0.1
2010,12,153,alguersuari,0.09090909090909091
2010,13,153,alguersuari,0.08333333333333333
2010,14,153,alguersuari,0.07692307692307693
2010,15,153,alguersuari,0.07142857142857142
2010,16,153,alguersuari,0.06666666666666667
2010,17,153,alguersuari,0.0625
2010,18,153,alguersuari,0.058823529411764705
2010,19,153,alguersuari,0.05555555555555555
2011,1,153,alguersuari,0.05263157894736842
2011,2,153,alguersuari,0.05
2011,3,153,alguersuari,0.05
2011,4,153,alguersuari,0.1
2011,5,153,alguersuari,0.1
2011,6,153,alguersuari,0.1
2011,7,153,alguersuari,0.1
2011,8,153,alguersuari,0.1
2011,9,153,alguersuari,0.1
2011,10,153,alguersuari,0.1
2011,11,153,alguersuari,0.1
2011,12,153,alguersuari,0.05
2011,13,153,alguersuari,0.05
2011,14,153,alguersuari,0.05
2011,15,153,alguersuari,0.05
2011,16,153,alguersuari,0.05
2011,17,153,alguersuari,0.05
2011,18,153,alguersuari,0.05
2011,19,153,alguersuari,0.05
2012,1,154,grosjean,
2012,2,154,grosjean,0.0
2012,3,154,grosjean,0.0
2012,4,154,grosjean,0.0
2012,5,154,grosjean,0.0
2012,6,154,grosjean,0.0
2012,7,154,grosjean,0.0
2012,8,154,grosjean,0.0
2012,9,154,grosjean,0.0
2012,10,154,grosjean,0.0
2012,11,154,grosjean,0.0
2012,12,154,grosjean,0.0
2012,14,154,grosjean,0.0
2012,15,154,grosjean,0.0
2012,16,154,grosjean,0.0
2012,17,154,grosjean,0.0
2012,18,154,grosjean,0.0
2012,19,154,grosjean,0.0
2012,20,154,grosjean,0.0
2013,1,154,grosjean,0.0
2013,2,154,grosjean,0.0
2013,3,154,grosjean,0.0
2013,4,154,grosjean,0.0
2013,5,154,grosjean,0.0
2013,6,154,grosjean,0.05
2013,7,154,grosjean,0.05
2013,8,154,grosjean,0.05
2013,9,154,grosjean,0.05
2013,10,154,grosjean,0.05
2013,11,154,grosjean,0.05
2013,12,154,grosjean,0.05
2013,13,154,grosjean,0.05
2013,14,154,grosjean,0.1
2013,15,154,grosjean,0.1
2013,16,154,grosjean,0.1
2013,17,154,grosjean,0.1
2013,18,154,grosjean,0.1
2013,19,154,grosjean,0.1
2014,1,154,grosjean,0.1
2014,2,154,grosjean,0.1
2014,3,154,grosjean,0.1
2014,4,154,grosjean,0.1
2014,5,154,grosjean,0.15
2014,6,154,grosjean,0.15
2014,7,154,grosjean,0.1
2014,8,154,grosjean,0.1
2014,9,154,grosjean,0.1
2014,10,154,grosjean,0.1
2014,11,154,grosjean,0.15
2014,12,154,grosjean,0.15
2014,13,154,grosjean,0.15
2014,14,154,grosjean,0.15
2014,15,154,grosjean,0.1
2014,16,154,grosjean,0.1
2014,17,154,grosjean,0.1
2014,18,154,grosjean,0.1
2014,19,154,grosjean,0.1
2015,1,154,grosjean,0.1
2015,2,154,grosjean,0.1
2015,3,154,grosjean,0.1
2015,4,154,grosjean,0.1
2015,5,154,grosjean,0.1
2015,6,154,grosjean,0.05
2015,7,154,grosjean,0.05
2015,8,154,grosjean,0.05
2015,9,154,grosjean,0.1
2015,10,154,grosjean,0.1
2015,11,154,grosjean,0.1
2015,12,154,grosjean,0.05
2015,13,154,grosjean,0.05
2015,14,154,grosjean,0.05
2015,15,154,grosjean,0.05
2015,16,154,grosjean,0.05
2015,17,154,grosjean,0.05
2015,18,154,grosjean,0.05
2015,19,154,grosjean,0.05
2016,1,154,grosjean,0.05
2016,2,154,grosjean,0.05
2016,3,154,grosjean,0.05
2016,4,154,grosjean,0.05
2016,5,154,grosjean,0.05
2016,6,154,grosjean,0.1
2016,7,154,grosjean,0.1
2016,8,154,grosjean,0.1
2016,9,154,grosjean,0.1
2016,10,154,grosjean,0.05
2016,11,154,grosjean,0.05
2016,12,154,grosjean,0.05
2016,13,154,grosjean,0.05
2016,14,154,grosjean,0.05
2016,15,154,grosjean,0.05
2016,16,154,grosjean,0.05
2016,17,154,grosjean,0.1
2016,18,154,grosjean,0.1
2016,19,154,grosjean,0.1
2016,20,154,grosjean,0.1
2016,21,154,grosjean,0.1
2017,1,154,grosjean,0.1
2017,2,154,grosjean,0.15
2017,3,154,grosjean,0.15
2017,4,154,grosjean,0.15
2017,5,154,grosjean,0.1
2017,6,154,grosjean,0.1
2017,7,154,grosjean,0.1
2017,8,154,grosjean,0.1
2017,9,154,grosjean,0.1
2017,10,154,grosjean,0.1
2017,11,154,grosjean,0.1
2017,12,154,grosjean,0.15
2017,13,154,grosjean,0.15
2017,14,154,grosjean,0.15
2017,15,154,grosjean,0.15
2017,16,154,grosjean,0.1
2017,17,154,grosjean,0.1
2017,18,154,grosjean,0.1
2017,19,154,grosjean,0.1
2017,20,154,grosjean,0.1
2018,1,154,grosjean,0.1
2018,2,154,grosjean,0.1
2018,3,154,grosjean,0.1
2018,4,154,grosjean,0.1
2018,5,154,grosjean,0.1
2018,6,154,grosjean,0.1
2018,7,154,grosjean,0.1
2018,8,154,grosjean,0.1
2018,9,154,grosjean,0.1
2018,10,154,grosjean,0.1
2018,11,154,grosjean,0.1
2018,12,154,grosjean,0.05
2018,13,154,grosjean,0.05
2018,14,154,grosjean,0.05
2018,15,154,grosjean,0.05
2018,16,154,grosjean,0.05
2018,17,154,grosjean,0.05
2018,18,154,grosjean,0.05
2018,19,154,grosjean,0.05
2018,20,154,grosjean,0.05
2018,21,154,grosjean,0.05
2019,1,154,grosjean,0.0
2019,2,154,grosjean,0.05
2019,3,154,grosjean,0.05
2019,4,154,grosjean,0.05
2019,5,154,grosjean,0.1
2019,6,154,grosjean,0.1
2019,7,154,grosjean,0.1
2019,8,154,grosjean,0.1
2019,9,154,grosjean,0.1
2019,10,154,grosjean,0.1
2019,11,154,grosjean,0.1
2019,12,154,grosjean,0.1
2019,13,154,grosjean,0.15
2019,14,154,grosjean,0.15
2019,15,154,grosjean,0.15
2019,16,154,grosjean,0.15
2019,17,154,grosjean,0.15
2019,18,154,grosjean,0.15
2019,19,154,grosjean,0.15
2019,20,154,grosjean,0.15
2019,21,154,grosjean,0.15
2020,1,154,grosjean,0.1
2020,2,154,grosjean,0.15
2020,3,154,grosjean,0.15
2020,4,154,grosjean,0.1
2020,5,154,grosjean,0.1
2020,6,154,grosjean,0.1
2020,7,154,grosjean,0.1
2020,8,154,grosjean,0.1
2020,9,154,grosjean,0.1
2020,10,154,grosjean,0.1
2020,11,154,grosjean,0.1
2020,12,154,grosjean,0.05
2020,13,154,grosjean,0.05
2020,14,154,grosjean,0.05
2020,15,154,grosjean,0.05
2010,1,155,kobayashi,
2010,2,155,kobayashi,1.0
2010,3,155,kobayashi,0.5
2010,4,155,kobayashi,0.6666666666666666
2010,5,155,kobayashi,0.5
2010,6,155,kobayashi,0.4
2010,7,155,kobayashi,0.5
2010,8,155,kobayashi,0.42857142857142855
2010,9,155,kobayashi,0.375
2010,10,155,kobayashi,0.3333333333333333
2010,11,155,kobayashi,0.3
2010,12,155,kobayashi,0.2727272727272727
2010,13,155,kobayashi,0.25
2010,14,155,kobayashi,0.23076923076923078
2010,15,155,kobayashi,0.21428571428571427
2010,16,155,kobayashi,0.2
2010,17,155,kobayashi,0.1875
2010,18,155,kobayashi,0.17647058823529413
2010,19,155,kobayashi,0.16666666666666666
2011,1,155,kobayashi,0.15789473684210525
2011,2,155,kobayashi,0.15
2011,3,155,kobayashi,0.1
2011,4,155,kobayashi,0.1
2011,5,155,kobayashi,0.05
2011,6,155,kobayashi,0.05
2011,7,155,kobayashi,0.05
2011,8,155,kobayashi,0.0
2011,9,155,kobayashi,0.0
2011,10,155,kobayashi,0.05
2011,11,155,kobayashi,0.05
2011,12,155,kobayashi,0.05
2011,13,155,kobayashi,0.05
2011,14,155,kobayashi,0.1
2011,15,155,kobayashi,0.1
2011,16,155,kobayashi,0.1
2011,17,155,kobayashi,0.1
2011,18,155,kobayashi,0.1
2011,19,155,kobayashi,0.1
2012,1,155,kobayashi,0.1
2012,2,155,kobayashi,0.1
2012,3,155,kobayashi,0.1
2012,4,155,kobayashi,0.1
2012,5,155,kobayashi,0.1
2012,6,155,kobayashi,0.1
2012,7,155,kobayashi,0.1
2012,8,155,kobayashi,0.1
2012,9,155,kobayashi,0.1
2012,10,155,kobayashi,0.1
2012,11,155,kobayashi,0.05
2012,12,155,kobayashi,0.05
2012,13,155,kobayashi,0.05
2012,14,155,kobayashi,0.05
2012,15,155,kobayashi,0.0
2012,16,155,kobayashi,0.0
2012,17,155,kobayashi,0.0
2012,18,155,kobayashi,0.0
2012,19,155,kobayashi,0.0
2012,20,155,kobayashi,0.0
2014,1,155,kobayashi,0.0
2014,2,155,kobayashi,0.0
2014,3,155,kobayashi,0.0
2014,4,155,kobayashi,0.0
2014,5,155,kobayashi,0.0
2014,6,155,kobayashi,0.05
2014,7,155,kobayashi,0.05
2014,8,155,kobayashi,0.1
2014,9,155,kobayashi,0.1
2014,10,155,kobayashi,0.1
2014,11,155,kobayashi,0.1
2014,13,155,kobayashi,0.1
2014,14,155,kobayashi,0.1
2014,15,155,kobayashi,0.1
2014,16,155,kobayashi,0.1
2014,19,155,kobayashi,0.15
2010,1,807,hulkenberg,
2010,2,807,hulkenberg,0.0
2010,3,807,hulkenberg,0.0
2010,4,807,hulkenberg,0.0
2010,5,807,hulkenberg,0.0
2010,6,807,hulkenberg,0.0
2010,7,807,hulkenberg,0.0
2010,8,807,hulkenberg,0.0
2010,9,807,hulkenberg,0.0
2010,10,807,hulkenberg,0.1111111111111111
2010,11,807,hulkenberg,0.1
2010,12,807,hulkenberg,0.09090909090909091
2010,13,807,hulkenberg,0.08333333333333333
2010,14,807,hulkenberg,0.07692307692307693
2010,15,807,hulkenberg,0.07142857142857142
2010,16,807,hulkenberg,0.06666666666666667
2010,17,807,hulkenberg,0.0625
2010,18,807,hulkenberg,0.058823529411764705
2010,19,807,hulkenberg,0.05555555555555555
2012,1,807,hulkenberg,0.05263157894736842
2012,2,807,hulkenberg,0.05
2012,3,807,hulkenberg,0.05
2012,4,807,hulkenberg,0.05
2012,5,807,hulkenberg,0.05
2012,6,807,hulkenberg,0.05
2012,7,807,hulkenberg,0.05
2012,8,807,hulkenberg,0.05
2012,9,807,hulkenberg,0.05
2012,10,807,hulkenberg,0.05
2012,11,807,hulkenberg,0.0
2012,12,807,hulkenberg,0.0
2012,13,807,hulkenberg,0.0
2012,14,807,hulkenberg,0.05
2012,15,807,hulkenberg,0.05
2012,16,807,hulkenberg,0.05
2012,17,807,hulkenberg,0.05
2012,18,807,hulkenberg,0.05
2012,19,807,hulkenberg,0.05
2012,20,807,hulkenberg,0.05
2013,1,807,hulkenberg,0.05
2013,2,807,hulkenberg,0.05
2013,3,807,hulkenberg,0.05
2013,4,807,hulkenberg,0.05
2013,5,807,hulkenberg,0.05
2013,6,807,hulkenberg,0.05
2013,7,807,hulkenberg,0.05
2013,8,807,hulkenberg,0.05
2013,9,807,hulkenberg,0.05
2013,10,807,hulkenberg,0.05
2013,11,807,hulkenberg,0.05
2013,12,807,hulkenberg,0.05
2013,13,807,hulkenberg,0.05
2013,14,807,hulkenberg,0.0
2013,15,807,hulkenberg,0.0
2013,16,807,hulkenberg,0.0
2013,17,807,hulkenberg,0.0
2013,18,807,hulkenberg,0.0
2013,19,807,hulkenberg,0.0
2014,1,807,hulkenberg,0.0
2014,2,807,hulkenberg,0.0
2014,3,807,hulkenberg,0.0
2014,4,807,hulkenberg,0.0
2014,5,807,hulkenberg,0.0
2014,6,807,hulkenberg,0.0
2014,7,807,hulkenberg,0.0
2014,8,807,hulkenberg,0.0
2014,9,807,hulkenberg,0.0
2014,10,807,hulkenberg,0.0
2014,11,807,hulkenberg,0.0
2014,12,807,hulkenberg,0.0
2014,13,807,hulkenberg,0.0
2014,14,807,hulkenberg,0.0
2014,15,807,hulkenberg,0.0
2014,16,807,hulkenberg,0.0
2014,17,807,hulkenberg,0.0
2014,18,807,hulkenberg,0.05
2014,19,807,hulkenberg,0.05
2015,1,807,hulkenberg,0.05
2015,2,807,hulkenberg,0.05
2015,3,807,hulkenberg,0.05
2015,4,807,hulkenberg,0.1
2015,5,807,hulkenberg,0.1
2015,6,807,hulkenberg,0.1
2015,7,807,hulkenberg,0.1
2015,8,807,hulkenberg,0.1
2015,9,807,hulkenberg,0.1
2015,10,807,hulkenberg,0.1
2015,11,807,hulkenberg,0.1
2015,12,807,hulkenberg,0.1
2015,13,807,hulkenberg,0.1
2015,14,807,hulkenberg,0.1
2015,15,807,hulkenberg,0.1
2015,16,807,hulkenberg,0.1
2015,17,807,hulkenberg,0.1
2015,18,807,hulkenberg,0.1
2015,19,807,hulkenberg,0.05
2016,1,807,hulkenberg,0.05
2016,2,807,hulkenberg,0.05
2016,3,807,hulkenberg,0.05
2016,4,807,hulkenberg,0.05
2016,5,807,hulkenberg,0.0
2016,6,807,hulkenberg,0.05
2016,7,807,hulkenberg,0.05
2016,8,807,hulkenberg,0.05
2016,9,807,hulkenberg,0.05
2016,10,807,hulkenberg,0.05
2016,11,807,hulkenberg,0.05
2016,12,807,hulkenberg,0.05
2016,13,807,hulkenberg,0.05
2016,14,807,hulkenberg,0.05
2016,15,807,hulkenberg,0.05
2016,16,807,hulkenberg,0.05
2016,17,807,hulkenberg,0.05
2016,18,807,hulkenberg,0.05
2016,19,807,hulkenberg,0.05
2016,20,807,hulkenberg,0.05
2016,21,807,hulkenberg,0.05
2017,1,807,hulkenberg,0.05
2017,2,807,hulkenberg,0.05
2017,3,807,hulkenberg,0.05
2017,4,807,hulkenberg,0.05
2017,5,807,hulkenberg,0.0
2017,6,807,hulkenberg,0.0
2017,7,807,hulkenberg,0.05
2017,8,807,hulkenberg,0.05
2017,9,807,hulkenberg,0.05
2017,10,807,hulkenberg,0.05
2017,11,807,hulkenberg,0.05
2017,12,807,hulkenberg,0.05
2017,13,807,hulkenberg,0.05
2017,14,807,hulkenberg,0.05
2017,15,807,hulkenberg,0.1
2017,16,807,hulkenberg,0.1
2017,17,807,hulkenberg,0.1
2017,18,807,hulkenberg,0.1
2017,19,807,hulkenberg,0.15
2017,20,807,hulkenberg,0.15
2018,1,807,hulkenberg,0.15
2018,2,807,hulkenberg,0.15
2018,3,807,hulkenberg,0.15
2018,4,807,hulkenberg,0.15
2018,5,807,hulkenberg,0.15
2018,6,807,hulkenberg,0.15
2018,7,807,hulkenberg,0.1
2018,8,807,hulkenberg,0.1
2018,9,807,hulkenberg,0.1
2018,10,807,hulkenberg,0.15
2018,11,807,hulkenberg,0.15
2018,12,807,hulkenberg,0.15
2018,13,807,hulkenberg,0.15
2018,14,807,hulkenberg,0.15
2018,15,807,hulkenberg,0.1
2018,16,807,hulkenberg,0.1
2018,17,807,hulkenberg,0.1
2018,18,807,hulkenberg,0.15
2018,19,807,hulkenberg,0.1
2018,20,807,hulkenberg,0.1
2018,21,807,hulkenberg,0.15
2019,1,807,hulkenberg,0.15
2019,2,807,hulkenberg,0.15
2019,3,807,hulkenberg,0.2
2019,4,807,hulkenberg,0.25
2019,5,807,hulkenberg,0.25
2019,6,807,hulkenberg,0.25
2019,7,807,hulkenberg,0.25
2019,8,807,hulkenberg,0.25
2019,9,807,hulkenberg,0.2
2019,10,807,hulkenberg,0.2
2019,11,807,hulkenberg,0.2
2019,12,807,hulkenberg,0.2
2019,13,807,hulkenberg,0.2
2019,14,807,hulkenberg,0.2
2019,15,807,hulkenberg,0.2
2019,16,807,hulkenberg,0.2
2019,17,807,hulkenberg,0.15
2019,18,807,hulkenberg,0.15
2019,19,807,hulkenberg,0.15
2019,20,807,hulkenberg,0.1
2019,21,807,hulkenberg,0.1
2020,4,807,hulkenberg,0.1
2020,5,807,hulkenberg,0.05
2020,11,807,hulkenberg,0.0
2022,1,807,hulkenberg,0.0
2022,2,807,hulkenberg,0.0
2023,1,807,hulkenberg,0.0
2023,2,807,hulkenberg,0.0
2023,3,807,hulkenberg,0.0
2023,4,807,hulkenberg,0.0
2023,5,807,hulkenberg,0.0
2023,6,807,hulkenberg,0.0
2023,7,807,hulkenberg,0.0
2023,8,807,hulkenberg,0.0
2023,9,807,hulkenberg,0.0
2023,10,807,hulkenberg,0.05
2023,11,807,hulkenberg,0.05
2023,12,807,hulkenberg,0.05
2023,13,807,hulkenberg,0.05
2023,14,807,hulkenberg,0.05
2023,15,807,hulkenberg,0.05
2023,16,807,hulkenberg,0.05
2023,17,807,hulkenberg,0.05
2023,18,807,hulkenberg,0.05
2023,19,807,hulkenberg,0.05
2023,20,807,hulkenberg,0.05
2023,21,807,hulkenberg,0.05
2023,22,807,hulkenberg,0.05
2024,1,807,hulkenberg,0.05
2024,2,807,hulkenberg,0.05
2024,3,807,hulkenberg,0.05
2024,4,807,hulkenberg,0.05
2024,5,807,hulkenberg,0.05
2024,6,807,hulkenberg,0.05
2024,7,807,hulkenberg,0.05
2024,8,807,hulkenberg,0.0
2024,9,807,hulkenberg,0.0
2024,10,807,hulkenberg,0.0
2024,11,807,hulkenberg,0.0
2024,12,807,hulkenberg,0.0
2024,13,807,hulkenberg,0.0
2024,14,807,hulkenberg,0.0
2024,15,807,hulkenberg,0.0
2024,16,807,hulkenberg,0.0
2024,17,807,hulkenberg,0.0
2024,18,807,hulkenberg,0.0
2024,19,807,hulkenberg,0.0
2024,20,807,hulkenberg,0.0
2024,21,807,hulkenberg,0.0
2024,22,807,hulkenberg,0.0
2024,23,807,hulkenberg,0.0
2024,24,807,hulkenberg,0.0
2010,1,808,petrov,
2010,2,808,petrov,1.0
2010,3,808,petrov,0.5
2010,4,808,petrov,0.6666666666666666
2010,5,808,petrov,0.5
2010,6,808,petrov,0.4
2010,7,808,petrov,0.3333333333333333
2010,8,808,petrov,0.2857142857142857
2010,9,808,petrov,0.25
2010,10,808,petrov,0.2222222222222222
2010,11,808,petrov,0.2
2010,12,808,petrov,0.18181818181818182
2010,13,808,petrov,0.16666666666666666
2010,14,808,petrov,0.15384615384615385
2010,15,808,petrov,0.14285714285714285
2010,16,808,petrov,0.13333333333333333
2010,17,808,petrov,0.125
2010,18,808,petrov,0.11764705882352941
2010,19,808,petrov,0.1111111111111111
2011,1,808,petrov,0.10526315789473684
2011,2,808,petrov,0.1
2011,3,808,petrov,0.05
2011,4,808,petrov,0.05
2011,5,808,petrov,0.0
2011,6,808,petrov,0.0
2011,7,808,petrov,0.0
2011,8,808,petrov,0.0
2011,9,808,petrov,0.0
2011,10,808,petrov,0.0
2011,11,808,petrov,0.0
2011,12,808,petrov,0.0
2011,13,808,petrov,0.0
2011,14,808,petrov,0.0
2011,15,808,petrov,0.0
2011,16,808,petrov,0.0
2011,17,808,petrov,0.0
2011,18,808,petrov,0.0
2011,19,808,petrov,0.0
2012,1,808,petrov,0.0
2012,2,808,petrov,0.05
2012,3,808,petrov,0.05
2012,4,808,petrov,0.05
2012,5,808,petrov,0.05
2012,6,808,petrov,0.05
2012,7,808,petrov,0.1
2012,8,808,petrov,0.1
2012,9,808,petrov,0.1
2012,10,808,petrov,0.1
2012,11,808,petrov,0.1
2012,12,808,petrov,0.1
2012,13,808,petrov,0.1
2012,14,808,petrov,0.1
2012,15,808,petrov,0.1
2012,16,808,petrov,0.1
2012,17,808,petrov,0.1
2012,18,808,petrov,0.1
2012,19,808,petrov,0.1
2012,20,808,petrov,0.1
2010,1,810,grassi,
2010,2,810,grassi,0.0
2010,3,810,grassi,0.5
2010,4,810,grassi,0.3333333333333333
2010,5,810,grassi,0.5
2010,6,810,grassi,0.4
2010,7,810,grassi,0.5
2010,8,810,grassi,0.42857142857142855
2010,9,810,grassi,0.375
2010,10,810,grassi,0.3333333333333333
2010,11,810,grassi,0.4
2010,12,810,grassi,0.45454545454545453
2010,13,810,grassi,0.4166666666666667
2010,14,810,grassi,0.38461538461538464
2010,15,810,grassi,0.35714285714285715
2010,16,810,grassi,0.3333333333333333
2010,17,810,grassi,0.3125
2010,18,810,grassi,0.29411764705882354
2010,19,810,grassi,0.2777777777777778
2010,1,811,bruno_senna,
2010,2,811,bruno_senna,1.0
2010,3,811,bruno_senna,1.0
2010,4,811,bruno_senna,0.6666666666666666
2010,5,811,bruno_senna,0.5
2010,6,811,bruno_senna,0.4
2010,7,811,bruno_senna,0.5
2010,8,811,bruno_senna,0.5714285714285714
2010,9,811,bruno_senna,0.625
2010,11,811,bruno_senna,0.5555555555555556
2010,12,811,bruno_senna,0.5
2010,13,811,bruno_senna,0.45454545454545453
2010,14,811,bruno_senna,0.4166666666666667
2010,15,811,bruno_senna,0.38461538461538464
2010,16,811,bruno_senna,0.35714285714285715
2010,17,811,bruno_senna,0.3333333333333333
2010,18,811,bruno_senna,0.3125
2010,19,811,bruno_senna,0.29411764705882354
2011,12,811,bruno_senna,0.2777777777777778
2011,13,811,bruno_senna,0.2631578947368421
2011,14,811,bruno_senna,0.25
2011,15,811,bruno_senna,0.2
2011,16,811,bruno_senna,0.15
2011,17,811,bruno_senna,0.15
2011,18,811,bruno_senna,0.15
2011,19,811,bruno_senna,0.15
2012,1,811,bruno_senna,0.1
2012,2,811,bruno_senna,0.05
2012,3,811,bruno_senna,0.0
2012,4,811,bruno_senna,0.0
2012,5,811,bruno_senna,0.05
2012,6,811,bruno_senna,0.05
2012,7,811,bruno_senna,0.05
2012,8,811,bruno_senna,0.05
2012,9,811,bruno_senna,0.05
2012,10,811,bruno_senna,0.05
2012,11,811,bruno_senna,0.05
2012,12,811,bruno_senna,0.05
2012,13,811,bruno_senna,0.05
2012,14,811,bruno_senna,0.05
2012,15,811,bruno_senna,0.05
2012,16,811,bruno_senna,0.05
2012,17,811,bruno_senna,0.05
2012,18,811,bruno_senna,0.05
2012,19,811,bruno_senna,0.05
2012,20,811,bruno_senna,0.05
2010,1,812,chandhok,
2010,2,812,chandhok,0.0
2010,3,812,chandhok,0.0
2010,4,812,chandhok,0.0
2010,5,812,chandhok,0.0
2010,6,812,chandhok,0.2
2010,7,812,chandhok,0.16666666666666666
2010,8,812,chandhok,0.14285714285714285
2010,9,812,chandhok,0.125
2010,10,812,chandhok,0.1111111111111111
2011,10,812,chandhok,0.1
2011,1,813,maldonado,
2011,2,813,maldonado,1.0
2011,3,813,maldonado,1.0
2011,4,813,maldonado,0.6666666666666666
2011,5,813,maldonado,0.5
2011,6,813,maldonado,0.4
2011,7,813,maldonado,0.3333333333333333
2011,8,813,maldonado,0.2857142857142857
2011,9,813,maldonado,0.25
2011,10,813,maldonado,0.2222222222222222
2011,11,813,maldonado,0.2
2011,12,813,maldonado,0.18181818181818182
2011,13,813,maldonado,0.16666666666666666
2011,14,813,maldonado,0.15384615384615385
2011,15,813,maldonado,0.14285714285714285
2011,16,813,maldonado,0.13333333333333333
2011,17,813,maldonado,0.1875
2011,18,813,maldonado,0.23529411764705882
2011,19,813,maldonado,0.2222222222222222
2012,1,813,maldonado,0.21052631578947367
2012,2,813,maldonado,0.2
2012,3,813,maldonado,0.15
2012,4,813,maldonado,0.1
2012,5,813,maldonado,0.1
2012,6,813,maldonado,0.1
2012,7,813,maldonado,0.1
2012,8,813,maldonado,0.1
2012,9,813,maldonado,0.1
2012,10,813,maldonado,0.1
2012,11,813,maldonado,0.1
2012,12,813,maldonado,0.1
2012,13,813,maldonado,0.1
2012,14,813,maldonado,0.1
2012,15,813,maldonado,0.15
2012,16,813,maldonado,0.15
2012,17,813,maldonado,0.15
2012,18,813,maldonado,0.1
2012,19,813,maldonado,0.05
2012,20,813,maldonado,0.05
2013,1,813,maldonado,0.05
2013,2,813,maldonado,0.05
2013,3,813,maldonado,0.05
2013,4,813,maldonado,0.05
2013,5,813,maldonado,0.05
2013,6,813,maldonado,0.05
2013,7,813,maldonado,0.05
2013,8,813,maldonado,0.05
2013,9,813,maldonado,0.05
2013,10,813,maldonado,0.05
2013,11,813,maldonado,0.05
2013,12,813,maldonado,0.05
2013,13,813,maldonado,0.05
2013,14,813,maldonado,0.05
2013,15,813,maldonado,0.0
2013,16,813,maldonado,0.0
2013,17,813,maldonado,0.0
2013,18,813,maldonado,0.0
2013,19,813,maldonado,0.0
2014,1,813,maldonado,0.0
2014,2,813,maldonado,0.0
2014,3,813,maldonado,0.05
2014,4,813,maldonado,0.05
2014,5,813,maldonado,0.05
2014,6,813,maldonado,0.05
2014,7,813,maldonado,0.05
2014,8,813,maldonado,0.1
2014,9,813,maldonado,0.1
2014,10,813,maldonado,0.1
2014,11,813,maldonado,0.1
2014,12,813,maldonado,0.1
2014,13,813,maldonado,0.1
2014,14,813,maldonado,0.1
2014,15,813,maldonado,0.1
2014,16,813,maldonado,0.1
2014,17,813,maldonado,0.1
2014,18,813,maldonado,0.1
2014,19,813,maldonado,0.1
2015,1,813,maldonado,0.15
2015,2,813,maldonado,0.15
2015,3,813,maldonado,0.15
2015,4,813,maldonado,0.15
2015,5,813,maldonado,0.15
2015,6,813,maldonado,0.15
2015,7,813,maldonado,0.2
2015,8,813,maldonado,0.2
2015,9,813,maldonado,0.15
2015,10,813,maldonado,0.15
2015,11,813,maldonado,0.15
2015,12,813,maldonado,0.15
2015,13,813,maldonado,0.15
2015,14,813,maldonado,0.15
2015,15,813,maldonado,0.15
2015,16,813,maldonado,0.15
2015,17,813,maldonado,0.15
2015,18,813,maldonado,0.15
2015,19,813,maldonado,0.15
2011,1,814,resta,
2011,2,814,resta,0.0
2011,3,814,resta,0.0
2011,4,814,resta,0.0
2011,5,814,resta,0.0
2011,6,814,resta,0.0
2011,7,814,resta,0.0
2011,8,814,resta,0.0
2011,9,814,resta,0.0
2011,10,814,resta,0.0
2011,11,814,resta,0.0
2011,12,814,resta,0.0
2011,13,814,resta,0.0
2011,14,814,resta,0.0
2011,15,814,resta,0.0
2011,16,814,resta,0.0
2011,17,814,resta,0.0
2011,18,814,resta,0.0
2011,19,814,resta,0.0
2012,1,814,resta,0.0
2012,2,814,resta,0.0
2012,3,814,resta,0.0
2012,4,814,resta,0.0
2012,5,814,resta,0.0
2012,6,814,resta,0.0
2012,7,814,resta,0.0
2012,8,814,resta,0.0
2012,9,814,resta,0.0
2012,10,814,resta,0.0
2012,11,814,resta,0.0
2012,12,814,resta,0.0
2012,13,814,resta,0.0
2012,14,814,resta,0.0
2012,15,814,resta,0.0
2012,16,814,resta,0.0
2012,17,814,resta,0.0
2012,18,814,resta,0.0
2012,19,814,resta,0.0
2012,20,814,resta,0.0
2013,1,814,resta,0.0
2013,2,814,resta,0.0
2013,3,814,resta,0.05
2013,4,814,resta,0.05
2013,5,814,resta,0.05
2013,6,814,resta,0.05
2013,7,814,resta,0.05
2013,8,814,resta,0.05
2013,9,814,resta,0.05
2013,10,814,resta,0.05
2013,11,814,resta,0.05
2013,12,814,resta,0.05
2013,13,814,resta,0.05
2013,14,814,resta,0.05
2013,15,814,resta,0.05
2013,16,814,resta,0.05
2013,17,814,resta,0.05
2013,18,814,resta,0.05
2013,19,814,resta,0.05
2017,11,814,resta,0.05
2011,1,815,perez,
2011,2,815,perez,0.0
2011,3,815,perez,0.0
2011,4,815,perez,0.0
2011,5,815,perez,0.0
2011,6,815,perez,0.0
2011,8,815,perez,0.0
2011,9,815,perez,0.0
2011,10,815,perez,0.0
2011,11,815,perez,0.0
2011,12,815,perez,0.0
2011,13,815,perez,0.09090909090909091
2011,14,815,perez,0.16666666666666666
2011,15,815,perez,0.15384615384615385
2011,16,815,perez,0.14285714285714285
2011,17,815,perez,0.13333333333333333
2011,18,815,perez,0.125
2011,19,815,perez,0.11764705882352941
2012,1,815,perez,0.1111111111111111
2012,2,815,perez,0.10526315789473684
2012,3,815,perez,0.1
2012,4,815,perez,0.1
2012,5,815,perez,0.1
2012,6,815,perez,0.15
2012,7,815,perez,0.15
2012,8,815,perez,0.15
2012,9,815,perez,0.15
2012,10,815,perez,0.15
2012,11,815,perez,0.15
2012,12,815,perez,0.15
2012,13,815,perez,0.15
2012,14,815,perez,0.1
2012,15,815,perez,0.05
2012,16,815,perez,0.05
2012,17,815,perez,0.05
2012,18,815,perez,0.05
2012,19,815,perez,0.05
2012,20,815,perez,0.05
2013,1,815,perez,0.05
2013,2,815,perez,0.05
2013,3,815,perez,0.05
2013,4,815,perez,0.05
2013,5,815,perez,0.05
2013,6,815,perez,0.0
2013,7,815,perez,0.0
2013,8,815,perez,0.0
2013,9,815,perez,0.0
2013,10,815,perez,0.0
2013,11,815,perez,0.0
2013,12,815,perez,0.0
2013,13,815,perez,0.0
2013,14,815,perez,0.0
2013,15,815,perez,0.0
2013,16,815,perez,0.0
2013,17,815,perez,0.0
2013,18,815,perez,0.0
2013,19,815,perez,0.0
2014,1,815,perez,0.0
2014,2,815,perez,0.0
2014,3,815,perez,0.0
2014,4,815,perez,0.0
2014,5,815,perez,0.0
2014,6,815,perez,0.0
2014,7,815,perez,0.0
2014,8,815,perez,0.0
2014,9,815,perez,0.0
2014,10,815,perez,0.0
2014,11,815,perez,0.0
2014,12,815,perez,0.0
2014,13,815,perez,0.0
2014,14,815,perez,0.0
2014,15,815,perez,0.0
2014,16,815,perez,0.0
2014,17,815,perez,0.0
2014,18,815,perez,0.0
2014,19,815,perez,0.0
2015,1,815,perez,0.0
2015,2,815,perez,0.0
2015,3,815,perez,0.0
2015,4,815,perez,0.0
2015,5,815,perez,0.0
2015,6,815,perez,0.0
2015,7,815,perez,0.0
2015,8,815,perez,0.0
2015,9,815,perez,0.0
2015,10,815,perez,0.0
2015,11,815,perez,0.05
2015,12,815,perez,0.05
2015,13,815,perez,0.05
2015,14,815,perez,0.05
2015,15,815,perez,0.05
2015,16,815,perez,0.05
2015,17,815,perez,0.05
2015,18,815,perez,0.05
2015,19,815,perez,0.05
2016,1,815,perez,0.05
2016,2,815,perez,0.05
2016,3,815,perez,0.05
2016,4,815,perez,0.05
2016,5,815,perez,0.05
2016,6,815,perez,0.05
2016,7,815,perez,0.05
2016,8,815,perez,0.05
2016,9,815,perez,0.05
2016,10,815,perez,0.05
2016,11,815,perez,0.05
2016,12,815,perez,0.0
2016,13,815,perez,0.0
2016,14,815,perez,0.0
2016,15,815,perez,0.0
2016,16,815,perez,0.0
2016,17,815,perez,0.0
2016,18,815,perez,0.0
2016,19,815,perez,0.0
2016,20,815,perez,0.0
2016,21,815,perez,0.0
2017,1,815,perez,0.0
2017,2,815,perez,0.0
2017,3,815,perez,0.0
2017,4,815,perez,0.0
2017,5,815,perez,0.0
2017,6,815,perez,0.0
2017,7,815,perez,0.0
2017,8,815,perez,0.0
2017,9,815,perez,0.0
2017,10,815,perez,0.0
2017,11,815,perez,0.0
2017,12,815,perez,0.0
2017,13,815,perez,0.0
2017,14,815,perez,0.0
2017,15,815,perez,0.0
2017,16,815,perez,0.0
2017,17,815,perez,0.0
2017,18,815,perez,0.0
2017,19,815,perez,0.0
2017,20,815,perez,0.0
2018,1,815,perez,0.0
2018,2,815,perez,0.0
2018,3,815,perez,0.0
2018,4,815,perez,0.0
2018,5,815,perez,0.0
2018,6,815,perez,0.0
2018,7,815,perez,0.0
2018,8,815,perez,0.0
2018,9,815,perez,0.05
2018,10,815,perez,0.05
2018,11,815,perez,0.05
2018,12,815,perez,0.05
2018,13,815,perez,0.05
2018,14,815,perez,0.05
2018,15,815,perez,0.05
2018,16,815,perez,0.05
2018,17,815,perez,0.05
2018,18,815,perez,0.05
2018,19,815,perez,0.05
2018,20,815,perez,0.1
2018,21,815,perez,0.1
2019,1,815,perez,0.1
2019,2,815,perez,0.1
2019,3,815,perez,0.1
2019,4,815,perez,0.1
2019,5,815,perez,0.1
2019,6,815,perez,0.1
2019,7,815,perez,0.1
2019,8,815,perez,0.05
2019,9,815,perez,0.05
2019,10,815,perez,0.05
2019,11,815,perez,0.05
2019,12,815,perez,0.05
2019,13,815,perez,0.05
2019,14,815,perez,0.05
2019,15,815,perez,0.05
2019,16,815,perez,0.1
2019,17,815,perez,0.1
2019,18,815,perez,0.1
2019,19,815,perez,0.05
2019,20,815,perez,0.05
2019,21,815,perez,0.05
2020,1,815,perez,0.05
2020,2,815,perez,0.05
2020,3,815,perez,0.05
2020,6,815,perez,0.05
2020,7,815,perez,0.05
2020,8,815,perez,0.05
2020,9,815,perez,0.05
2020,10,815,perez,0.05
2020,11,815,perez,0.05
2020,12,815,perez,0.05
2020,13,815,perez,0.05
2020,14,815,perez,0.05
2020,15,815,perez,0.05
2020,16,815,perez,0.05
2020,17,815,perez,0.0
2021,1,815,perez,0.05
2021,2,815,perez,0.05
2021,3,815,perez,0.05
2021,4,815,perez,0.05
2021,5,815,perez,0.05
2021,6,815,perez,0.05
2021,7,815,perez,0.05
2021,8,815,perez,0.05
2021,9,815,perez,0.05
2021,10,815,perez,0.05
2021,11,815,perez,0.05
2021,12,815,perez,0.05
2021,13,815,perez,0.05
2021,14,815,perez,0.05
2021,15,815,perez,0.05
2021,16,815,perez,0.05
2021,17,815,perez,0.05
2021,18,815,perez,0.05
2021,19,815,perez,0.05
2021,20,815,perez,0.05
2021,21,815,perez,0.0
2021,22,815,perez,0.0
2022,1,815,perez,0.0
2022,2,815,perez,0.0
2022,3,815,perez,0.0
2022,4,815,perez,0.0
2022,5,815,perez,0.0
2022,6,815,perez,0.0
2022,7,815,perez,0.0
2022,8,815,perez,0.0
2022,9,815,perez,0.0
2022,10,815,perez,0.05
2022,11,815,perez,0.05
2022,12,815,perez,0.05
2022,13,815,perez,0.05
2022,14,815,perez,0.05
2022,15,815,perez,0.05
2022,16,815,perez,0.05
2022,17,815,perez,0.05
2022,18,815,perez,0.05
2022,19,815,perez,0.05
2022,20,815,perez,0.05
2022,21,815,perez,0.05
2022,22,815,perez,0.05
2023,1,815,perez,0.05
2023,2,815,perez,0.05
2023,3,815,perez,0.05
2023,4,815,perez,0.05
2023,5,815,perez,0.05
2023,6,815,perez,0.05
2023,7,815,perez,0.05
2023,8,815,perez,0.0
2023,9,815,perez,0.0
2023,10,815,perez,0.0
2023,11,815,perez,0.0
2023,12,815,perez,0.0
2023,13,815,perez,0.0
2023,14,815,perez,0.0
2023,15,815,perez,0.0
2023,16,815,perez,0.0
2023,17,815,perez,0.0
2023,18,815,perez,0.0
2023,19,815,perez,0.0
2023,20,815,perez,0.0
2023,21,815,perez,0.0
2023,22,815,perez,0.0
2024,1,815,perez,0.0
2024,2,815,perez,0.0
2024,3,815,perez,0.0
2024,4,815,perez,0.0
2024,5,815,perez,0.0
2024,6,815,perez,0.0
2024,7,815,perez,0.0
2024,8,815,perez,0.0
2024,9,815,perez,0.0
2024,10,815,perez,0.0
2024,11,815,perez,0.0
2024,12,815,perez,0.0
2024,13,815,perez,0.0
2024,14,815,perez,0.0
2024,15,815,perez,0.0
2024,16,815,perez,0.0
2024,17,815,perez,0.0
2024,18,815,perez,0.0
2024,19,815,perez,0.0
2024,20,815,perez,0.0
2024,21,815,perez,0.0
2024,22,815,perez,0.0
2024,23,815,perez,0.0
2024,24,815,perez,0.0
2011,1,816,ambrosio,
2011,2,816,ambrosio,0.0
2011,3,816,ambrosio,0.0
2011,4,816,ambrosio,0.0
2011,5,816,ambrosio,0.0
2011,6,816,ambrosio,0.0
2011,7,816,ambrosio,0.0
2011,8,816,ambrosio,0.0
2011,9,816,ambrosio,0.0
2011,10,816,ambrosio,0.0
2011,11,816,ambrosio,0.0
2011,12,816,ambrosio,0.0
2011,13,816,ambrosio,0.0
2011,14,816,ambrosio,0.0
2011,15,816,ambrosio,0.0
2011,16,816,ambrosio,0.0
2011,17,816,ambrosio,0.0
2011,18,816,ambrosio,0.0
2011,19,816,ambrosio,0.05555555555555555
2012,13,816,ambrosio,0.05263157894736842
2011,9,817,ricciardo,
2011,10,817,ricciardo,0.0
2011,11,817,ricciardo,0.0
2011,12,817,ricciardo,0.0
2011,13,817,ricciardo,0.25
2011,14,817,ricciardo,0.2
2011,15,817,ricciardo,0.16666666666666666
2011,16,817,ricciardo,0.14285714285714285
2011,17,817,ricciardo,0.125
2011,18,817,ricciardo,0.1111111111111111
2011,19,817,ricciardo,0.2
2012,1,817,ricciardo,0.18181818181818182
2012,2,817,ricciardo,0.16666666666666666
2012,3,817,ricciardo,0.15384615384615385
2012,4,817,ricciardo,0.14285714285714285
2012,5,817,ricciardo,0.13333333333333333
2012,6,817,ricciardo,0.125
2012,7,817,ricciardo,0.11764705882352941
2012,8,817,ricciardo,0.1111111111111111
2012,9,817,ricciardo,0.10526315789473684
2012,10,817,ricciardo,0.1
2012,11,817,ricciardo,0.1
2012,12,817,ricciardo,0.1
2012,13,817,ricciardo,0.1
2012,14,817,ricciardo,0.05
2012,15,817,ricciardo,0.05
2012,16,817,ricciardo,0.05
2012,17,817,ricciardo,0.05
2012,18,817,ricciardo,0.05
2012,19,817,ricciardo,0.05
2012,20,817,ricciardo,0.0
2013,1,817,ricciardo,0.0
2013,2,817,ricciardo,0.05
2013,3,817,ricciardo,0.05
2013,4,817,ricciardo,0.05
2013,5,817,ricciardo,0.05
2013,6,817,ricciardo,0.05
2013,7,817,ricciardo,0.05
2013,8,817,ricciardo,0.05
2013,9,817,ricciardo,0.05
2013,10,817,ricciardo,0.05
2013,11,817,ricciardo,0.05
2013,12,817,ricciardo,0.05
2013,13,817,ricciardo,0.05
2013,14,817,ricciardo,0.05
2013,15,817,ricciardo,0.05
2013,16,817,ricciardo,0.05
2013,17,817,ricciardo,0.05
2013,18,817,ricciardo,0.05
2013,19,817,ricciardo,0.05
2014,1,817,ricciardo,0.05
2014,2,817,ricciardo,0.05
2014,3,817,ricciardo,0.0
2014,4,817,ricciardo,0.0
2014,5,817,ricciardo,0.0
2014,6,817,ricciardo,0.0
2014,7,817,ricciardo,0.0
2014,8,817,ricciardo,0.0
2014,9,817,ricciardo,0.0
2014,10,817,ricciardo,0.0
2014,11,817,ricciardo,0.0
2014,12,817,ricciardo,0.0
2014,13,817,ricciardo,0.0
2014,14,817,ricciardo,0.0
2014,15,817,ricciardo,0.0
2014,16,817,ricciardo,0.0
2014,17,817,ricciardo,0.0
2014,18,817,ricciardo,0.0
2014,19,817,ricciardo,0.05
2015,1,817,ricciardo,0.05
2015,2,817,ricciardo,0.05
2015,3,817,ricciardo,0.05
2015,4,817,ricciardo,0.05
2015,5,817,ricciardo,0.05
2015,6,817,ricciardo,0.05
2015,7,817,ricciardo,0.05
2015,8,817,ricciardo,0.05
2015,9,817,ricciardo,0.05
2015,10,817,ricciardo,0.1
2015,11,817,ricciardo,0.1
2015,12,817,ricciardo,0.15
2015,13,817,ricciardo,0.15
2015,14,817,ricciardo,0.15
2015,15,817,ricciardo,0.15
2015,16,817,ricciardo,0.15
2015,17,817,ricciardo,0.15
2015,18,817,ricciardo,0.15
2015,19,817,ricciardo,0.15
2016,1,817,ricciardo,0.1
2016,2,817,ricciardo,0.1
2016,3,817,ricciardo,0.1
2016,4,817,ricciardo,0.1
2016,5,817,ricciardo,0.1
2016,6,817,ricciardo,0.1
2016,7,817,ricciardo,0.1
2016,8,817,ricciardo,0.1
2016,9,817,ricciardo,0.1
2016,10,817,ricciardo,0.1
2016,11,817,ricciardo,0.05
2016,12,817,ricciardo,0.05
2016,13,817,ricciardo,0.0
2016,14,817,ricciardo,0.0
2016,15,817,ricciardo,0.0
2016,16,817,ricciardo,0.0
2016,17,817,ricciardo,0.0
2016,18,817,ricciardo,0.0
2016,19,817,ricciardo,0.0
2016,20,817,ricciardo,0.0
2016,21,817,ricciardo,0.0
2017,1,817,ricciardo,0.0
2017,2,817,ricciardo,0.05
2017,3,817,ricciardo,0.05
2017,4,817,ricciardo,0.05
2017,5,817,ricciardo,0.1
2017,6,817,ricciardo,0.1
2017,7,817,ricciardo,0.1
2017,8,817,ricciardo,0.1
2017,9,817,ricciardo,0.1
2017,10,817,ricciardo,0.1
2017,11,817,ricciardo,0.1
2017,12,817,ricciardo,0.1
2017,13,817,ricciardo,0.1
2017,14,817,ricciardo,0.1
2017,15,817,ricciardo,0.1
2017,16,817,ricciardo,0.1
2017,17,817,ricciardo,0.1
2017,18,817,ricciardo,0.15
2017,19,817,ricciardo,0.2
2017,20,817,ricciardo,0.2
2018,1,817,ricciardo,0.25
2018,2,817,ricciardo,0.2
2018,3,817,ricciardo,0.2
2018,4,817,ricciardo,0.2
2018,5,817,ricciardo,0.15
2018,6,817,ricciardo,0.15
2018,7,817,ricciardo,0.15
2018,8,817,ricciardo,0.15
2018,9,817,ricciardo,0.15
2018,10,817,ricciardo,0.2
2018,11,817,ricciardo,0.2
2018,12,817,ricciardo,0.25
2018,13,817,ricciardo,0.25
2018,14,817,ricciardo,0.25
2018,15,817,ricciardo,0.3
2018,16,817,ricciardo,0.3
2018,17,817,ricciardo,0.3
2018,18,817,ricciardo,0.25
2018,19,817,ricciardo,0.2
2018,20,817,ricciardo,0.25
2018,21,817,ricciardo,0.2
2019,1,817,ricciardo,0.2
2019,2,817,ricciardo,0.2
2019,3,817,ricciardo,0.25
2019,4,817,ricciardo,0.25
2019,5,817,ricciardo,0.25
2019,6,817,ricciardo,0.25
2019,7,817,ricciardo,0.25
2019,8,817,ricciardo,0.25
2019,9,817,ricciardo,0.2
2019,10,817,ricciardo,0.2
2019,11,817,ricciardo,0.15
2019,12,817,ricciardo,0.2
2019,13,817,ricciardo,0.2
2019,14,817,ricciardo,0.15
2019,15,817,ricciardo,0.15
2019,16,817,ricciardo,0.15
2019,17,817,ricciardo,0.15
2019,18,817,ricciardo,0.15
2019,19,817,ricciardo,0.1
2019,20,817,ricciardo,0.1
2019,21,817,ricciardo,0.1
2020,1,817,ricciardo,0.1
2020,2,817,ricciardo,0.1
2020,3,817,ricciardo,0.1
2020,4,817,ricciardo,0.1
2020,5,817,ricciardo,0.1
2020,6,817,ricciardo,0.1
2020,7,817,ricciardo,0.1
2020,8,817,ricciardo,0.1
2020,9,817,ricciardo,0.1
2020,10,817,ricciardo,0.1
2020,11,817,ricciardo,0.05
2020,12,817,ricciardo,0.05
2020,13,817,ricciardo,0.05
2020,14,817,ricciardo,0.05
2020,15,817,ricciardo,0.05
2020,16,817,ricciardo,0.05
2020,17,817,ricciardo,0.05
2021,1,817,ricciardo,0.05
2021,2,817,ricciardo,0.05
2021,3,817,ricciardo,0.05
2021,4,817,ricciardo,0.05
2021,5,817,ricciardo,0.0
2021,6,817,ricciardo,0.0
2021,7,817,ricciardo,0.0
2021,8,817,ricciardo,0.0
2021,9,817,ricciardo,0.0
2021,10,817,ricciardo,0.0
2021,11,817,ricciardo,0.0
2021,12,817,ricciardo,0.0
2021,13,817,ricciardo,0.0
2021,14,817,ricciardo,0.0
2021,15,817,ricciardo,0.0
2021,16,817,ricciardo,0.0
2021,17,817,ricciardo,0.0
2021,18,817,ricciardo,0.0
2021,19,817,ricciardo,0.0
2021,20,817,ricciardo,0.05
2021,21,817,ricciardo,0.05
2021,22,817,ricciardo,0.05
2022,1,817,ricciardo,0.05
2022,2,817,ricciardo,0.05
2022,3,817,ricciardo,0.1
2022,4,817,ricciardo,0.1
2022,5,817,ricciardo,0.1
2022,6,817,ricciardo,0.1
2022,7,817,ricciardo,0.1
2022,8,817,ricciardo,0.1
2022,9,817,ricciardo,0.1
2022,10,817,ricciardo,0.1
2022,11,817,ricciardo,0.1
2022,12,817,ricciardo,0.1
2022,13,817,ricciardo,0.1
2022,14,817,ricciardo,0.1
2022,15,817,ricciardo,0.1
2022,16,817,ricciardo,0.1
2022,17,817,ricciardo,0.15
2022,18,817,ricciardo,0.1
2022,19,817,ricciardo,0.1
2022,20,817,ricciardo,0.1
2022,21,817,ricciardo,0.1
2022,22,817,ricciardo,0.1
2023,11,817,ricciardo,0.05
2023,12,817,ricciardo,0.05
2023,18,817,ricciardo,0.05
2023,19,817,ricciardo,0.05
2023,20,817,ricciardo,0.05
2023,21,817,ricciardo,0.05
2023,22,817,ricciardo,0.05
2024,1,817,ricciardo,0.05
2024,2,817,ricciardo,0.05
2024,3,817,ricciardo,0.05
2024,4,817,ricciardo,0.05
2024,5,817,ricciardo,0.05
2024,6,817,ricciardo,0.05
2024,7,817,ricciardo,0.05
2024,8,817,ricciardo,0.0
2024,9,817,ricciardo,0.0
2024,10,817,ricciardo,0.0
2024,11,817,ricciardo,0.0
2024,12,817,ricciardo,0.0
2024,13,817,ricciardo,0.0
2024,14,817,ricciardo,0.0
2024,15,817,ricciardo,0.0
2024,16,817,ricciardo,0.0
2024,17,817,ricciardo,0.0
2024,18,817,ricciardo,0.0
2012,1,818,vergne,
2012,2,818,vergne,0.0
2012,3,818,vergne,0.0
2012,4,818,vergne,0.0
2012,5,818,vergne,0.0
2012,6,818,vergne,0.0
2012,7,818,vergne,0.0
2012,8,818,vergne,0.0
2012,9,818,vergne,0.0
2012,10,818,vergne,0.0
2012,11,818,vergne,0.0
2012,12,818,vergne,0.0
2012,13,818,vergne,0.0
2012,14,818,vergne,0.07692307692307693
2012,15,818,vergne,0.07142857142857142
2012,16,818,vergne,0.06666666666666667
2012,17,818,vergne,0.0625
2012,18,818,vergne,0.058823529411764705
2012,19,818,vergne,0.05555555555555555
2012,20,818,vergne,0.10526315789473684
2013,1,818,vergne,0.1
2013,2,818,vergne,0.1
2013,3,818,vergne,0.1
2013,4,818,vergne,0.1
2013,5,818,vergne,0.1
2013,6,818,vergne,0.1
2013,7,818,vergne,0.1
2013,8,818,vergne,0.1
2013,9,818,vergne,0.15
2013,10,818,vergne,0.2
2013,11,818,vergne,0.2
2013,12,818,vergne,0.2
2013,13,818,vergne,0.25
2013,14,818,vergne,0.2
2013,15,818,vergne,0.2
2013,16,818,vergne,0.2
2013,17,818,vergne,0.2
2013,18,818,vergne,0.2
2013,19,818,vergne,0.2
2014,1,818,vergne,0.15
2014,2,818,vergne,0.15
2014,3,818,vergne,0.2
2014,4,818,vergne,0.2
2014,5,818,vergne,0.2
2014,6,818,vergne,0.25
2014,7,818,vergne,0.3
2014,8,818,vergne,0.3
2014,9,818,vergne,0.35
2014,10,818,vergne,0.3
2014,11,818,vergne,0.25
2014,12,818,vergne,0.25
2014,13,818,vergne,0.25
2014,14,818,vergne,0.2
2014,15,818,vergne,0.2
2014,16,818,vergne,0.2
2014,17,818,vergne,0.2
2014,18,818,vergne,0.2
2014,19,818,vergne,0.2
2012,1,819,pic,
2012,2,819,pic,0.0
2012,3,819,pic,0.0
2012,4,819,pic,0.0
2012,5,819,pic,0.25
2012,6,819,pic,0.4
2012,7,819,pic,0.3333333333333333
2012,8,819,pic,0.2857142857142857
2012,9,819,pic,0.25
2012,10,819,pic,0.2222222222222222
2012,11,819,pic,0.2
2012,12,819,pic,0.18181818181818182
2012,13,819,pic,0.16666666666666666
2012,14,819,pic,0.15384615384615385
2012,15,819,pic,0.14285714285714285
2012,16,819,pic,0.2
2012,17,819,pic,0.1875
2012,18,819,pic,0.17647058823529413
2012,19,819,pic,0.16666666666666666
2012,20,819,pic,0.15789473684210525
2013,1,819,pic,0.15
2013,2,819,pic,0.15
2013,3,819,pic,0.15
2013,4,819,pic,0.15
2013,5,819,pic,0.1
2013,6,819,pic,0.05
2013,7,819,pic,0.1
2013,8,819,pic,0.1
2013,9,819,pic,0.1
2013,10,819,pic,0.1
2013,11,819,pic,0.1
2013,12,819,pic,0.15
2013,13,819,pic,0.15
2013,14,819,pic,0.15
2013,15,819,pic,0.15
2013,16,819,pic,0.1
2013,17,819,pic,0.15
2013,18,819,pic,0.15
2013,19,819,pic,0.15
2013,1,820,chilton,
2013,2,820,chilton,0.0
2013,3,820,chilton,0.0
2013,4,820,chilton,0.0
2013,5,820,chilton,0.0
2013,6,820,chilton,0.0
2013,7,820,chilton,0.0
2013,8,820,chilton,0.0
2013,9,820,chilton,0.0
2013,10,820,chilton,0.0
2013,11,820,chilton,0.0
2013,12,820,chilton,0.0
2013,13,820,chilton,0.0
2013,14,820,chilton,0.0
2013,15,820,chilton,0.0
2013,16,820,chilton,0.0
2013,17,820,chilton,0.0
2013,18,820,chilton,0.0
2013,19,820,chilton,0.0
2014,1,820,chilton,0.0
2014,2,820,chilton,0.0
2014,3,820,chilton,0.0
2014,4,820,chilton,0.0
2014,5,820,chilton,0.0
2014,6,820,chilton,0.0
2014,7,820,chilton,0.0
2014,8,820,chilton,0.0
2014,9,820,chilton,0.0
2014,10,820,chilton,0.0
2014,11,820,chilton,0.0
2014,12,820,chilton,0.0
2014,13,820,chilton,0.0
2014,14,820,chilton,0.0
2014,15,820,chilton,0.0
2014,16,820,chilton,0.0
2013,1,821,gutierrez,
2013,2,821,gutierrez,0.0
2013,3,821,gutierrez,0.0
2013,4,821,gutierrez,0.0
2013,5,821,gutierrez,0.0
2013,6,821,gutierrez,0.0
2013,7,821,gutierrez,0.0
2013,8,821,gutierrez,0.0
2013,9,821,gutierrez,0.0
2013,10,821,gutierrez,0.0
2013,11,821,gutierrez,0.1
2013,12,821,gutierrez,0.09090909090909091
2013,13,821,gutierrez,0.08333333333333333
2013,14,821,gutierrez,0.07692307692307693
2013,15,821,gutierrez,0.07142857142857142
2013,16,821,gutierrez,0.06666666666666667
2013,17,821,gutierrez,0.0625
2013,18,821,gutierrez,0.058823529411764705
2013,19,821,gutierrez,0.05555555555555555
2014,1,821,gutierrez,0.05263157894736842
2014,2,821,gutierrez,0.05
2014,3,821,gutierrez,0.1
2014,4,821,gutierrez,0.1
2014,5,821,gutierrez,0.1
2014,6,821,gutierrez,0.1
2014,7,821,gutierrez,0.1
2014,8,821,gutierrez,0.1
2014,9,821,gutierrez,0.1
2014,10,821,gutierrez,0.1
2014,11,821,gutierrez,0.1
2014,12,821,gutierrez,0.05
2014,13,821,gutierrez,0.05
2014,14,821,gutierrez,0.05
2014,15,821,gutierrez,0.1
2014,16,821,gutierrez,0.1
2014,17,821,gutierrez,0.1
2014,18,821,gutierrez,0.1
2014,19,821,gutierrez,0.1
2016,1,821,gutierrez,0.1
2016,2,821,gutierrez,0.1
2016,3,821,gutierrez,0.1
2016,4,821,gutierrez,0.05
2016,5,821,gutierrez,0.05
2016,6,821,gutierrez,0.05
2016,7,821,gutierrez,0.05
2016,8,821,gutierrez,0.05
2016,9,821,gutierrez,0.05
2016,10,821,gutierrez,0.05
2016,11,821,gutierrez,0.05
2016,12,821,gutierrez,0.05
2016,13,821,gutierrez,0.05
2016,14,821,gutierrez,0.05
2016,15,821,gutierrez,0.05
2016,16,821,gutierrez,0.0
2016,17,821,gutierrez,0.05
2016,18,821,gutierrez,0.05
2016,19,821,gutierrez,0.1
2016,20,821,gutierrez,0.1
2016,21,821,gutierrez,0.1
2013,1,822,bottas,
2013,2,822,bottas,0.0
2013,3,822,bottas,0.0
2013,4,822,bottas,0.0
2013,5,822,bottas,0.0
2013,6,822,bottas,0.0
2013,7,822,bottas,0.0
2013,8,822,bottas,0.0
2013,9,822,bottas,0.0
2013,10,822,bottas,0.0
2013,11,822,bottas,0.1
2013,12,822,bottas,0.09090909090909091
2013,13,822,bottas,0.08333333333333333
2013,14,822,bottas,0.07692307692307693
2013,15,822,bottas,0.07142857142857142
2013,16,822,bottas,0.06666666666666667
2013,17,822,bottas,0.0625
2013,18,822,bottas,0.058823529411764705
2013,19,822,bottas,0.05555555555555555
2014,1,822,bottas,0.05263157894736842
2014,2,822,bottas,0.05
2014,3,822,bottas,0.05
2014,4,822,bottas,0.05
2014,5,822,bottas,0.05
2014,6,822,bottas,0.05
2014,7,822,bottas,0.1
2014,8,822,bottas,0.1
2014,9,822,bottas,0.1
2014,10,822,bottas,0.1
2014,11,822,bottas,0.1
2014,12,822,bottas,0.05
2014,13,822,bottas,0.05
2014,14,822,bottas,0.05
2014,15,822,bottas,0.05
2014,16,822,bottas,0.05
2014,17,822,bottas,0.05
2014,18,822,bottas,0.05
2014,19,822,bottas,0.05
2015,1,822,bottas,0.05
2015,2,822,bottas,0.05
2015,3,822,bottas,0.05
2015,4,822,bottas,0.05
2015,5,822,bottas,0.05
2015,6,822,bottas,0.05
2015,7,822,bottas,0.05
2015,8,822,bottas,0.0
2015,9,822,bottas,0.0
2015,10,822,bottas,0.0
2015,11,822,bottas,0.0
2015,12,822,bottas,0.0
2015,13,822,bottas,0.0
2015,14,822,bottas,0.0
2015,15,822,bottas,0.0
2015,16,822,bottas,0.0
2015,17,822,bottas,0.0
2015,18,822,bottas,0.0
2015,19,822,bottas,0.0
2016,1,822,bottas,0.0
2016,2,822,bottas,0.0
2016,3,822,bottas,0.0
2016,4,822,bottas,0.0
2016,5,822,bottas,0.0
2016,6,822,bottas,0.0
2016,7,822,bottas,0.0
2016,8,822,bottas,0.0
2016,9,822,bottas,0.0
2016,10,822,bottas,0.0
2016,11,822,bottas,0.0
2016,12,822,bottas,0.0
2016,13,822,bottas,0.0
2016,14,822,bottas,0.0
2016,15,822,bottas,0.0
2016,16,822,bottas,0.05
2016,17,822,bottas,0.05
2016,18,822,bottas,0.05
2016,19,822,bottas,0.05
2016,20,822,bottas,0.05
2016,21,822,bottas,0.05
2017,1,822,bottas,0.1
2017,2,822,bottas,0.1
2017,3,822,bottas,0.1
2017,4,822,bottas,0.1
2017,5,822,bottas,0.1
2017,6,822,bottas,0.15
2017,7,822,bottas,0.15
2017,8,822,bottas,0.15
2017,9,822,bottas,0.15
2017,10,822,bottas,0.15
2017,11,822,bottas,0.15
2017,12,822,bottas,0.15
2017,13,822,bottas,0.15
2017,14,822,bottas,0.15
2017,15,822,bottas,0.1
2017,16,822,bottas,0.1
2017,17,822,bottas,0.1
2017,18,822,bottas,0.1
2017,19,822,bottas,0.1
2017,20,822,bottas,0.1
2018,1,822,bottas,0.05
2018,2,822,bottas,0.05
2018,3,822,bottas,0.05
2018,4,822,bottas,0.05
2018,5,822,bottas,0.05
2018,6,822,bottas,0.0
2018,7,822,bottas,0.0
2018,8,822,bottas,0.0
2018,9,822,bottas,0.0
2018,10,822,bottas,0.05
2018,11,822,bottas,0.05
2018,12,822,bottas,0.05
2018,13,822,bottas,0.05
2018,14,822,bottas,0.05
2018,15,822,bottas,0.05
2018,16,822,bottas,0.05
2018,17,822,bottas,0.05
2018,18,822,bottas,0.05
2018,19,822,bottas,0.05
2018,20,822,bottas,0.05
2018,21,822,bottas,0.05
2019,1,822,bottas,0.05
2019,2,822,bottas,0.05
2019,3,822,bottas,0.05
2019,4,822,bottas,0.05
2019,5,822,bottas,0.05
2019,6,822,bottas,0.05
2019,7,822,bottas,0.05
2019,8,822,bottas,0.05
2019,9,822,bottas,0.0
2019,10,822,bottas,0.0
2019,11,822,bottas,0.0
2019,12,822,bottas,0.0
2019,13,822,bottas,0.0
2019,14,822,bottas,0.0
2019,15,822,bottas,0.0
2019,16,822,bottas,0.0
2019,17,822,bottas,0.0
2019,18,822,bottas,0.0
2019,19,822,bottas,0.0
2019,20,822,bottas,0.0
2019,21,822,bottas,0.05
2020,1,822,bottas,0.05
2020,2,822,bottas,0.05
2020,3,822,bottas,0.05
2020,4,822,bottas,0.05
2020,5,822,bottas,0.05
2020,6,822,bottas,0.05
2020,7,822,bottas,0.05
2020,8,822,bottas,0.05
2020,9,822,bottas,0.05
2020,10,822,bottas,0.05
2020,11,822,bottas,0.05
2020,12,822,bottas,0.1
2020,13,822,bottas,0.1
2020,14,822,bottas,0.1
2020,15,822,bottas,0.1
2020,16,822,bottas,0.1
2020,17,822,bottas,0.1
2021,1,822,bottas,0.1
2021,2,822,bottas,0.1
2021,3,822,bottas,0.05
2021,4,822,bottas,0.05
2021,5,822,bottas,0.05
2021,6,822,bottas,0.1
2021,7,822,bottas,0.1
2021,8,822,bottas,0.1
2021,9,822,bottas,0.1
2021,10,822,bottas,0.1
2021,11,822,bottas,0.1
2021,12,822,bottas,0.1
2021,13,822,bottas,0.1
2021,14,822,bottas,0.1
2021,15,822,bottas,0.05
2021,16,822,bottas,0.05
2021,17,822,bottas,0.05
2021,18,822,bottas,0.05
2021,19,822,bottas,0.05
2021,20,822,bottas,0.05
2021,21,822,bottas,0.05
2021,22,822,bottas,0.05
2022,1,822,bottas,0.05
2022,2,822,bottas,0.05
2022,3,822,bottas,0.05
2022,4,822,bottas,0.0
2022,5,822,bottas,0.0
2022,6,822,bottas,0.0
2022,7,822,bottas,0.0
2022,8,822,bottas,0.0
2022,9,822,bottas,0.0
2022,10,822,bottas,0.0
2022,11,822,bottas,0.05
2022,12,822,bottas,0.05
2022,13,822,bottas,0.05
2022,14,822,bottas,0.05
2022,15,822,bottas,0.05
2022,16,822,bottas,0.1
2022,17,822,bottas,0.1
2022,18,822,bottas,0.1
2022,19,822,bottas,0.1
2022,20,822,bottas,0.1
2022,21,822,bottas,0.1
2022,22,822,bottas,0.1
2023,1,822,bottas,0.1
2023,2,822,bottas,0.1
2023,3,822,bottas,0.1
2023,4,822,bottas,0.1
2023,5,822,bottas,0.1
2023,6,822,bottas,0.1
2023,7,822,bottas,0.1
2023,8,822,bottas,0.1
2023,9,822,bottas,0.05
2023,10,822,bottas,0.05
2023,11,822,bottas,0.05
2023,12,822,bottas,0.05
2023,13,822,bottas,0.05
2023,14,822,bottas,0.0
2023,15,822,bottas,0.0
2023,16,822,bottas,0.0
2023,17,822,bottas,0.0
2023,18,822,bottas,0.0
2023,19,822,bottas,0.0
2023,20,822,bottas,0.0
2023,21,822,bottas,0.05
2023,22,822,bottas,0.05
2024,1,822,bottas,0.05
2024,2,822,bottas,0.05
2024,3,822,bottas,0.05
2024,4,822,bottas,0.05
2024,5,822,bottas,0.05
2024,6,822,bottas,0.05
2024,7,822,bottas,0.05
2024,8,822,bottas,0.05
2024,9,822,bottas,0.05
2024,10,822,bottas,0.05
2024,11,822,bottas,0.05
2024,12,822,bottas,0.05
2024,13,822,bottas,0.05
2024,14,822,bottas,0.05
2024,15,822,bottas,0.05
2024,16,822,bottas,0.05
2024,17,822,bottas,0.05
2024,18,822,bottas,0.05
2024,19,822,bottas,0.0
2024,20,822,bottas,0.0
2024,21,822,bottas,0.0
2024,22,822,bottas,0.0
2024,23,822,bottas,0.0
2024,24,822,bottas,0.0
2013,1,823,garde,
2013,2,823,garde,0.0
2013,3,823,garde,0.0
2013,4,823,garde,0.0
2013,5,823,garde,0.0
2013,6,823,garde,0.2
2013,7,823,garde,0.16666666666666666
2013,8,823,garde,0.14285714285714285
2013,9,823,garde,0.125
2013,10,823,garde,0.1111111111111111
2013,11,823,garde,0.1
2013,12,823,garde,0.09090909090909091
2013,13,823,garde,0.08333333333333333
2013,14,823,garde,0.07692307692307693
2013,15,823,garde,0.07142857142857142
2013,16,823,garde,0.06666666666666667
2013,17,823,garde,0.0625
2013,18,823,garde,0.058823529411764705
2013,19,823,garde,0.05555555555555555
2013,1,824,jules_bianchi,
2013,2,824,jules_bianchi,0.0
2013,3,824,jules_bianchi,0.0
2013,4,824,jules_bianchi,0.0
2013,5,824,jules_bianchi,0.0
2013,6,824,jules_bianchi,0.0
2013,7,824,jules_bianchi,0.16666666666666666
2013,8,824,jules_bianchi,0.14285714285714285
2013,9,824,jules_bianchi,0.125
2013,10,824,jules_bianchi,0.2222222222222222
2013,11,824,jules_bianchi,0.2
2013,12,824,jules_bianchi,0.18181818181818182
2013,13,824,jules_bianchi,0.16666666666666666
2013,14,824,jules_bianchi,0.15384615384615385
2013,15,824,jules_bianchi,0.14285714285714285
2013,16,824,jules_bianchi,0.13333333333333333
2013,17,824,jules_bianchi,0.125
2013,18,824,jules_bianchi,0.11764705882352941
2013,19,824,jules_bianchi,0.1111111111111111
2014,1,824,jules_bianchi,0.10526315789473684
2014,2,824,jules_bianchi,0.1
2014,3,824,jules_bianchi,0.15
2014,4,824,jules_bianchi,0.15
2014,5,824,jules_bianchi,0.15
2014,6,824,jules_bianchi,0.15
2014,7,824,jules_bianchi,0.15
2014,8,824,jules_bianchi,0.1
2014,9,824,jules_bianchi,0.1
2014,10,824,jules_bianchi,0.1
2014,11,824,jules_bianchi,0.05
2014,12,824,jules_bianchi,0.05
2014,13,824,jules_bianchi,0.05
2014,14,824,jules_bianchi,0.05
2014,15,824,jules_bianchi,0.05
2014,1,825,kevin_magnussen,
2014,2,825,kevin_magnussen,0.0
2014,3,825,kevin_magnussen,0.0
2014,4,825,kevin_magnussen,0.3333333333333333
2014,5,825,kevin_magnussen,0.25
2014,6,825,kevin_magnussen,0.2
2014,7,825,kevin_magnussen,0.16666666666666666
2014,8,825,kevin_magnussen,0.14285714285714285
2014,9,825,kevin_magnussen,0.125
2014,10,825,kevin_magnussen,0.1111111111111111
2014,11,825,kevin_magnussen,0.1
2014,12,825,kevin_magnussen,0.09090909090909091
2014,13,825,kevin_magnussen,0.08333333333333333
2014,14,825,kevin_magnussen,0.07692307692307693
2014,15,825,kevin_magnussen,0.07142857142857142
2014,16,825,kevin_magnussen,0.06666666666666667
2014,17,825,kevin_magnussen,0.0625
2014,18,825,kevin_magnussen,0.058823529411764705
2014,19,825,kevin_magnussen,0.05555555555555555
2015,1,825,kevin_magnussen,0.05263157894736842
2016,1,825,kevin_magnussen,0.05
2016,2,825,kevin_magnussen,0.05
2016,3,825,kevin_magnussen,0.05
2016,4,825,kevin_magnussen,0.0
2016,5,825,kevin_magnussen,0.0
2016,6,825,kevin_magnussen,0.0
2016,7,825,kevin_magnussen,0.0
2016,8,825,kevin_magnussen,0.0
2016,9,825,kevin_magnussen,0.0
2016,10,825,kevin_magnussen,0.0
2016,11,825,kevin_magnussen,0.0
2016,12,825,kevin_magnussen,0.0
2016,13,825,kevin_magnussen,0.0
2016,14,825,kevin_magnussen,0.0
2016,15,825,kevin_magnussen,0.0
2016,16,825,kevin_magnussen,0.0
2016,17,825,kevin_magnussen,0.05
2016,18,825,kevin_magnussen,0.05
2016,19,825,kevin_magnussen,0.05
2016,20,825,kevin_magnussen,0.05
2016,21,825,kevin_magnussen,0.05
2017,1,825,kevin_magnussen,0.1
2017,2,825,kevin_magnussen,0.15
2017,3,825,kevin_magnussen,0.15
2017,4,825,kevin_magnussen,0.2
2017,5,825,kevin_magnussen,0.2
2017,6,825,kevin_magnussen,0.2
2017,7,825,kevin_magnussen,0.2
2017,8,825,kevin_magnussen,0.2
2017,9,825,kevin_magnussen,0.2
2017,10,825,kevin_magnussen,0.25
2017,11,825,kevin_magnussen,0.25
2017,12,825,kevin_magnussen,0.25
2017,13,825,kevin_magnussen,0.25
2017,14,825,kevin_magnussen,0.25
2017,15,825,kevin_magnussen,0.3
2017,16,825,kevin_magnussen,0.25
2017,17,825,kevin_magnussen,0.25
2017,18,825,kevin_magnussen,0.25
2017,19,825,kevin_magnussen,0.25
2017,20,825,kevin_magnussen,0.25
2018,1,825,kevin_magnussen,0.2
2018,2,825,kevin_magnussen,0.2
2018,3,825,kevin_magnussen,0.2
2018,4,825,kevin_magnussen,0.15
2018,5,825,kevin_magnussen,0.15
2018,6,825,kevin_magnussen,0.15
2018,7,825,kevin_magnussen,0.15
2018,8,825,kevin_magnussen,0.15
2018,9,825,kevin_magnussen,0.15
2018,10,825,kevin_magnussen,0.1
2018,11,825,kevin_magnussen,0.1
2018,12,825,kevin_magnussen,0.1
2018,13,825,kevin_magnussen,0.1
2018,14,825,kevin_magnussen,0.1
2018,15,825,kevin_magnussen,0.05
2018,16,825,kevin_magnussen,0.05
2018,17,825,kevin_magnussen,0.05
2018,18,825,kevin_magnussen,0.05
2018,19,825,kevin_magnussen,0.05
2018,20,825,kevin_magnussen,0.05
2018,21,825,kevin_magnussen,0.05
2019,1,825,kevin_magnussen,0.0
2019,2,825,kevin_magnussen,0.0
2019,3,825,kevin_magnussen,0.0
2019,4,825,kevin_magnussen,0.0
2019,5,825,kevin_magnussen,0.0
2019,6,825,kevin_magnussen,0.0
2019,7,825,kevin_magnussen,0.0
2019,8,825,kevin_magnussen,0.0
2019,9,825,kevin_magnussen,0.0
2019,10,825,kevin_magnussen,0.0
2019,11,825,kevin_magnussen,0.0
2019,12,825,kevin_magnussen,0.0
2019,13,825,kevin_magnussen,0.0
2019,14,825,kevin_magnussen,0.0
2019,15,825,kevin_magnussen,0.05
2019,16,825,kevin_magnussen,0.05
2019,17,825,kevin_magnussen,0.05
2019,18,825,kevin_magnussen,0.05
2019,19,825,kevin_magnussen,0.05
2019,20,825,kevin_magnussen,0.05
2019,21,825,kevin_magnussen,0.05
2020,1,825,kevin_magnussen,0.05
2020,2,825,kevin_magnussen,0.1
2020,3,825,kevin_magnussen,0.1
2020,4,825,kevin_magnussen,0.1
2020,5,825,kevin_magnussen,0.1
2020,6,825,kevin_magnussen,0.1
2020,7,825,kevin_magnussen,0.1
2020,8,825,kevin_magnussen,0.1
2020,9,825,kevin_magnussen,0.15
2020,10,825,kevin_magnussen,0.15
2020,11,825,kevin_magnussen,0.15
2020,12,825,kevin_magnussen,0.15
2020,13,825,kevin_magnussen,0.15
2020,14,825,kevin_magnussen,0.1
2020,15,825,kevin_magnussen,0.1
2020,16,825,kevin_magnussen,0.1
2020,17,825,kevin_magnussen,0.1
2022,1,825,kevin_magnussen,0.1
2022,2,825,kevin_magnussen,0.1
2022,3,825,kevin_magnussen,0.1
2022,4,825,kevin_magnussen,0.1
2022,5,825,kevin_magnussen,0.05
2022,6,825,kevin_magnussen,0.05
2022,7,825,kevin_magnussen,0.05
2022,8,825,kevin_magnussen,0.1
2022,9,825,kevin_magnussen,0.15
2022,10,825,kevin_magnussen,0.15
2022,11,825,kevin_magnussen,0.15
2022,12,825,kevin_magnussen,0.1
2022,13,825,kevin_magnussen,0.1
2022,14,825,kevin_magnussen,0.1
2022,15,825,kevin_magnussen,0.1
2022,16,825,kevin_magnussen,0.1
2022,17,825,kevin_magnussen,0.1
2022,18,825,kevin_magnussen,0.1
2022,19,825,kevin_magnussen,0.1
2022,20,825,kevin_magnussen,0.1
2022,21,825,kevin_magnussen,0.1
2022,22,825,kevin_magnussen,0.1
2023,1,825,kevin_magnussen,0.1
2023,2,825,kevin_magnussen,0.1
2023,3,825,kevin_magnussen,0.1
2023,4,825,kevin_magnussen,0.1
2023,5,825,kevin_magnussen,0.1
2023,6,825,kevin_magnussen,0.05
2023,7,825,kevin_magnussen,0.0
2023,8,825,kevin_magnussen,0.0
2023,9,825,kevin_magnussen,0.0
2023,10,825,kevin_magnussen,0.0
2023,11,825,kevin_magnussen,0.05
2023,12,825,kevin_magnussen,0.05
2023,13,825,kevin_magnussen,0.05
2023,14,825,kevin_magnussen,0.05
2023,15,825,kevin_magnussen,0.05
2023,16,825,kevin_magnussen,0.05
2023,17,825,kevin_magnussen,0.05
2023,18,825,kevin_magnussen,0.05
2023,19,825,kevin_magnussen,0.05
2023,20,825,kevin_magnussen,0.05
2023,21,825,kevin_magnussen,0.05
2023,22,825,kevin_magnussen,0.05
2024,1,825,kevin_magnussen,0.05
2024,2,825,kevin_magnussen,0.05
2024,3,825,kevin_magnussen,0.05
2024,4,825,kevin_magnussen,0.05
2024,5,825,kevin_magnussen,0.05
2024,6,825,kevin_magnussen,0.05
2024,7,825,kevin_magnussen,0.05
2024,8,825,kevin_magnussen,0.05
2024,9,825,kevin_magnussen,0.0
2024,10,825,kevin_magnussen,0.0
2024,11,825,kevin_magnussen,0.0
2024,12,825,kevin_magnussen,0.0
2024,13,825,kevin_magnussen,0.0
2024,14,825,kevin_magnussen,0.0
2024,15,825,kevin_magnussen,0.0
2024,16,825,kevin_magnussen,0.0
2024,18,825,kevin_magnussen,0.0
2024,19,825,kevin_magnussen,0.0
2024,20,825,kevin_magnussen,0.0
2024,22,825,kevin_magnussen,0.0
2024,23,825,kevin_magnussen,0.0
2024,24,825,kevin_magnussen,0.0
2014,1,826,kvyat,
2014,2,826,kvyat,0.0
2014,3,826,kvyat,0.0
2014,4,826,kvyat,0.0
2014,5,826,kvyat,0.0
2014,6,826,kvyat,0.0
2014,7,826,kvyat,0.16666666666666666
2014,8,826,kvyat,0.14285714285714285
2014,9,826,kvyat,0.25
2014,10,826,kvyat,0.2222222222222222
2014,11,826,kvyat,0.3
2014,12,826,kvyat,0.2727272727272727
2014,13,826,kvyat,0.25
2014,14,826,kvyat,0.23076923076923078
2014,15,826,kvyat,0.21428571428571427
2014,16,826,kvyat,0.2
2014,17,826,kvyat,0.1875
2014,18,826,kvyat,0.17647058823529413
2014,19,826,kvyat,0.16666666666666666
2015,1,826,kvyat,0.21052631578947367
2015,2,826,kvyat,0.2
2015,3,826,kvyat,0.2
2015,4,826,kvyat,0.25
2015,5,826,kvyat,0.25
2015,6,826,kvyat,0.25
2015,7,826,kvyat,0.25
2015,8,826,kvyat,0.2
2015,9,826,kvyat,0.2
2015,10,826,kvyat,0.15
2015,11,826,kvyat,0.15
2015,12,826,kvyat,0.1
2015,13,826,kvyat,0.1
2015,14,826,kvyat,0.1
2015,15,826,kvyat,0.1
2015,16,826,kvyat,0.1
2015,17,826,kvyat,0.1
2015,18,826,kvyat,0.1
2015,19,826,kvyat,0.1
2016,1,826,kvyat,0.1
2016,2,826,kvyat,0.05
2016,3,826,kvyat,0.05
2016,4,826,kvyat,0.05
2016,5,826,kvyat,0.0
2016,6,826,kvyat,0.0
2016,7,826,kvyat,0.0
2016,8,826,kvyat,0.0
2016,9,826,kvyat,0.05
2016,10,826,kvyat,0.05
2016,11,826,kvyat,0.05
2016,12,826,kvyat,0.05
2016,13,826,kvyat,0.05
2016,14,826,kvyat,0.05
2016,15,826,kvyat,0.05
2016,16,826,kvyat,0.05
2016,17,826,kvyat,0.05
2016,18,826,kvyat,0.05
2016,19,826,kvyat,0.05
2016,20,826,kvyat,0.05
2016,21,826,kvyat,0.05
2017,1,826,kvyat,0.1
2017,2,826,kvyat,0.1
2017,3,826,kvyat,0.15
2017,4,826,kvyat,0.15
2017,5,826,kvyat,0.15
2017,6,826,kvyat,0.15
2017,7,826,kvyat,0.15
2017,8,826,kvyat,0.15
2017,9,826,kvyat,0.15
2017,10,826,kvyat,0.15
2017,11,826,kvyat,0.15
2017,12,826,kvyat,0.15
2017,13,826,kvyat,0.15
2017,14,826,kvyat,0.15
2017,17,826,kvyat,0.15
2019,1,826,kvyat,0.15
2019,2,826,kvyat,0.15
2019,3,826,kvyat,0.15
2019,4,826,kvyat,0.15
2019,5,826,kvyat,0.15
2019,6,826,kvyat,0.1
2019,7,826,kvyat,0.1
2019,8,826,kvyat,0.05
2019,9,826,kvyat,0.05
2019,10,826,kvyat,0.05
2019,11,826,kvyat,0.05
2019,12,826,kvyat,0.05
2019,13,826,kvyat,0.0
2019,14,826,kvyat,0.0
2019,15,826,kvyat,0.05
2019,16,826,kvyat,0.05
2019,17,826,kvyat,0.05
2019,18,826,kvyat,0.05
2019,19,826,kvyat,0.05
2019,20,826,kvyat,0.05
2019,21,826,kvyat,0.05
2020,1,826,kvyat,0.05
2020,2,826,kvyat,0.05
2020,3,826,kvyat,0.05
2020,4,826,kvyat,0.05
2020,5,826,kvyat,0.05
2020,6,826,kvyat,0.05
2020,7,826,kvyat,0.05
2020,8,826,kvyat,0.05
2020,9,826,kvyat,0.05
2020,10,826,kvyat,0.05
2020,11,826,kvyat,0.05
2020,12,826,kvyat,0.05
2020,13,826,kvyat,0.05
2020,14,826,kvyat,0.0
2020,15,826,kvyat,0.0
2020,16,826,kvyat,0.0
2020,17,826,kvyat,0.0
2014,12,827,lotterer,
2014,1,828,ericsson,
2014,2,828,ericsson,1.0
2014,3,828,ericsson,0.5
2014,4,828,ericsson,0.3333333333333333
2014,5,828,ericsson,0.25
2014,6,828,ericsson,0.2
2014,7,828,ericsson,0.16666666666666666
2014,8,828,ericsson,0.2857142857142857
2014,9,828,ericsson,0.25
2014,10,828,ericsson,0.3333333333333333
2014,11,828,ericsson,0.3
2014,12,828,ericsson,0.2727272727272727
2014,13,828,ericsson,0.25
2014,14,828,ericsson,0.23076923076923078
2014,15,828,ericsson,0.21428571428571427
2014,16,828,ericsson,0.2
2015,1,828,ericsson,0.1875
2015,2,828,ericsson,0.17647058823529413
2015,3,828,ericsson,0.16666666666666666
2015,4,828,ericsson,0.15789473684210525
2015,5,828,ericsson,0.15
2015,6,828,ericsson,0.1
2015,7,828,ericsson,0.1
2015,8,828,ericsson,0.1
2015,9,828,ericsson,0.1
2015,10,828,ericsson,0.1
2015,11,828,ericsson,0.1
2015,12,828,ericsson,0.05
2015,13,828,ericsson,0.05
2015,14,828,ericsson,0.0
2015,15,828,ericsson,0.0
2015,16,828,ericsson,0.0
2015,17,828,ericsson,0.0
2015,18,828,ericsson,0.0
2015,19,828,ericsson,0.0
2016,1,828,ericsson,0.0
2016,2,828,ericsson,0.05
2016,3,828,ericsson,0.05
2016,4,828,ericsson,0.05
2016,5,828,ericsson,0.05
2016,6,828,ericsson,0.05
2016,7,828,ericsson,0.05
2016,8,828,ericsson,0.05
2016,9,828,ericsson,0.05
2016,10,828,ericsson,0.05
2016,11,828,ericsson,0.1
2016,12,828,ericsson,0.1
2016,13,828,ericsson,0.1
2016,14,828,ericsson,0.1
2016,15,828,ericsson,0.1
2016,16,828,ericsson,0.1
2016,17,828,ericsson,0.1
2016,18,828,ericsson,0.1
2016,19,828,ericsson,0.1
2016,20,828,ericsson,0.1
2016,21,828,ericsson,0.1
2017,1,828,ericsson,0.05
2017,2,828,ericsson,0.1
2017,3,828,ericsson,0.1
2017,4,828,ericsson,0.15
2017,5,828,ericsson,0.15
2017,6,828,ericsson,0.15
2017,7,828,ericsson,0.15
2017,8,828,ericsson,0.15
2017,9,828,ericsson,0.15
2017,10,828,ericsson,0.1
2017,11,828,ericsson,0.1
2017,12,828,ericsson,0.1
2017,13,828,ericsson,0.1
2017,14,828,ericsson,0.1
2017,15,828,ericsson,0.1
2017,16,828,ericsson,0.1
2017,17,828,ericsson,0.1
2017,18,828,ericsson,0.1
2017,19,828,ericsson,0.15
2017,20,828,ericsson,0.15
2018,1,828,ericsson,0.15
2018,2,828,ericsson,0.15
2018,3,828,ericsson,0.15
2018,4,828,ericsson,0.1
2018,5,828,ericsson,0.1
2018,6,828,ericsson,0.1
2018,7,828,ericsson,0.1
2018,8,828,ericsson,0.1
2018,9,828,ericsson,0.1
2018,10,828,ericsson,0.1
2018,11,828,ericsson,0.1
2018,12,828,ericsson,0.1
2018,13,828,ericsson,0.1
2018,14,828,ericsson,0.1
2018,15,828,ericsson,0.1
2018,16,828,ericsson,0.1
2018,17,828,ericsson,0.1
2018,18,828,ericsson,0.1
2018,19,828,ericsson,0.05
2018,20,828,ericsson,0.05
2018,21,828,ericsson,0.05
2014,19,829,stevens,
2015,2,829,stevens,0.0
2015,3,829,stevens,0.0
2015,4,829,stevens,0.0
2015,5,829,stevens,0.0
2015,6,829,stevens,0.0
2015,7,829,stevens,0.0
2015,8,829,stevens,0.0
2015,9,829,stevens,0.0
2015,10,829,stevens,0.0
2015,11,829,stevens,0.0
2015,12,829,stevens,0.0
2015,13,829,stevens,0.0
2015,14,829,stevens,0.0
2015,15,829,stevens,0.0
2015,16,829,stevens,0.0
2015,17,829,stevens,0.0
2015,18,829,stevens,0.0
2015,19,829,stevens,0.0
2015,1,830,max_verstappen,
2015,2,830,max_verstappen,1.0
2015,3,830,max_verstappen,0.5
2015,4,830,max_verstappen,0.3333333333333333
2015,5,830,max_verstappen,0.5
2015,6,830,max_verstappen,0.4
2015,7,830,max_verstappen,0.3333333333333333
2015,8,830,max_verstappen,0.2857142857142857
2015,9,830,max_verstappen,0.25
2015,10,830,max_verstappen,0.2222222222222222
2015,11,830,max_verstappen,0.2
2015,12,830,max_verstappen,0.18181818181818182
2015,13,830,max_verstappen,0.16666666666666666
2015,14,830,max_verstappen,0.15384615384615385
2015,15,830,max_verstappen,0.14285714285714285
2015,16,830,max_verstappen,0.13333333333333333
2015,17,830,max_verstappen,0.125
2015,18,830,max_verstappen,0.11764705882352941
2015,19,830,max_verstappen,0.1111111111111111
2016,1,830,max_verstappen,0.10526315789473684
2016,2,830,max_verstappen,0.1
2016,3,830,max_verstappen,0.05
2016,4,830,max_verstappen,0.05
2016,5,830,max_verstappen,0.1
2016,6,830,max_verstappen,0.05
2016,7,830,max_verstappen,0.05
2016,8,830,max_verstappen,0.05
2016,9,830,max_verstappen,0.05
2016,10,830,max_verstappen,0.05
2016,11,830,max_verstappen,0.05
2016,12,830,max_verstappen,0.05
2016,13,830,max_verstappen,0.05
2016,14,830,max_verstappen,0.05
2016,15,830,max_verstappen,0.05
2016,16,830,max_verstappen,0.05
2016,17,830,max_verstappen,0.05
2016,18,830,max_verstappen,0.05
2016,19,830,max_verstappen,0.1
2016,20,830,max_verstappen,0.1
2016,21,830,max_verstappen,0.1
2017,1,830,max_verstappen,0.1
2017,2,830,max_verstappen,0.1
2017,3,830,max_verstappen,0.1
2017,4,830,max_verstappen,0.1
2017,5,830,max_verstappen,0.1
2017,6,830,max_verstappen,0.1
2017,7,830,max_verstappen,0.1
2017,8,830,max_verstappen,0.15
2017,9,830,max_verstappen,0.2
2017,10,830,max_verstappen,0.2
2017,11,830,max_verstappen,0.2
2017,12,830,max_verstappen,0.2
2017,13,830,max_verstappen,0.25
2017,14,830,max_verstappen,0.25
2017,15,830,max_verstappen,0.25
2017,16,830,max_verstappen,0.25
2017,17,830,max_verstappen,0.25
2017,18,830,max_verstappen,0.2
2017,19,830,max_verstappen,0.2
2017,20,830,max_verstappen,0.2
2018,1,830,max_verstappen,0.2
2018,2,830,max_verstappen,0.2
2018,3,830,max_verstappen,0.2
2018,4,830,max_verstappen,0.15
2018,5,830,max_verstappen,0.15
2018,6,830,max_verstappen,0.15
2018,7,830,max_verstappen,0.15
2018,8,830,max_verstappen,0.1
2018,9,830,max_verstappen,0.05
2018,10,830,max_verstappen,0.05
2018,11,830,max_verstappen,0.1
2018,12,830,max_verstappen,0.1
2018,13,830,max_verstappen,0.1
2018,14,830,max_verstappen,0.1
2018,15,830,max_verstappen,0.1
2018,16,830,max_verstappen,0.1
2018,17,830,max_verstappen,0.1
2018,18,830,max_verstappen,0.1
2018,19,830,max_verstappen,0.1
2018,20,830,max_verstappen,0.1
2018,21,830,max_verstappen,0.1
2019,1,830,max_verstappen,0.1
2019,2,830,max_verstappen,0.1
2019,3,830,max_verstappen,0.1
2019,4,830,max_verstappen,0.1
2019,5,830,max_verstappen,0.1
2019,6,830,max_verstappen,0.1
2019,7,830,max_verstappen,0.1
2019,8,830,max_verstappen,0.1
2019,9,830,max_verstappen,0.1
2019,10,830,max_verstappen,0.05
2019,11,830,max_verstappen,0.05
2019,12,830,max_verstappen,0.0
2019,13,830,max_verstappen,0.0
2019,14,830,max_verstappen,0.0
2019,15,830,max_verstappen,0.0
2019,16,830,max_verstappen,0.0
2019,17,830,max_verstappen,0.0
2019,18,830,max_verstappen,0.05
2019,19,830,max_verstappen,0.05
2019,20,830,max_verstappen,0.05
2019,21,830,max_verstappen,0.05
2020,1,830,max_verstappen,0.05
2020,2,830,max_verstappen,0.05
2020,3,830,max_verstappen,0.05
2020,4,830,max_verstappen,0.05
2020,5,830,max_verstappen,0.05
2020,6,830,max_verstappen,0.05
2020,7,830,max_verstappen,0.05
2020,8,830,max_verstappen,0.05
2020,9,830,max_verstappen,0.1
2020,10,830,max_verstappen,0.1
2020,11,830,max_verstappen,0.1
2020,12,830,max_verstappen,0.1
2020,13,830,max_verstappen,0.1
2020,14,830,max_verstappen,0.1
2020,15,830,max_verstappen,0.1
2020,16,830,max_verstappen,0.1
2020,17,830,max_verstappen,0.05
2021,1,830,max_verstappen,0.05
2021,2,830,max_verstappen,0.05
2021,3,830,max_verstappen,0.05
2021,4,830,max_verstappen,0.05
2021,5,830,max_verstappen,0.05
2021,6,830,max_verstappen,0.05
2021,7,830,max_verstappen,0.05
2021,8,830,max_verstappen,0.05
2021,9,830,max_verstappen,0.05
2021,10,830,max_verstappen,0.05
2021,11,830,max_verstappen,0.05
2021,12,830,max_verstappen,0.0
2021,13,830,max_verstappen,0.0
2021,14,830,max_verstappen,0.0
2021,15,830,max_verstappen,0.0
2021,16,830,max_verstappen,0.0
2021,17,830,max_verstappen,0.0
2021,18,830,max_verstappen,0.0
2021,19,830,max_verstappen,0.0
2021,20,830,max_verstappen,0.0
2021,21,830,max_verstappen,0.0
2021,22,830,max_verstappen,0.0
2022,1,830,max_verstappen,0.0
2022,2,830,max_verstappen,0.0
2022,3,830,max_verstappen,0.0
2022,4,830,max_verstappen,0.05
2022,5,830,max_verstappen,0.05
2022,6,830,max_verstappen,0.05
2022,7,830,max_verstappen,0.05
2022,8,830,max_verstappen,0.05
2022,9,830,max_verstappen,0.05
2022,10,830,max_verstappen,0.05
2022,11,830,max_verstappen,0.05
2022,12,830,max_verstappen,0.05
2022,13,830,max_verstappen,0.05
2022,14,830,max_verstappen,0.05
2022,15,830,max_verstappen,0.05
2022,16,830,max_verstappen,0.05
2022,17,830,max_verstappen,0.05
2022,18,830,max_verstappen,0.05
2022,19,830,max_verstappen,0.05
2022,20,830,max_verstappen,0.05
2022,21,830,max_verstappen,0.05
2022,22,830,max_verstappen,0.05
2023,1,830,max_verstappen,0.05
2023,2,830,max_verstappen,0.0
2023,3,830,max_verstappen,0.0
2023,4,830,max_verstappen,0.0
2023,5,830,max_verstappen,0.0
2023,6,830,max_verstappen,0.0
2023,7,830,max_verstappen,0.0
2023,8,830,max_verstappen,0.0
2023,9,830,max_verstappen,0.0
2023,10,830,max_verstappen,0.0
2023,11,830,max_verstappen,0.0
2023,12,830,max_verstappen,0.0
2023,13,830,max_verstappen,0.0
2023,14,830,max_verstappen,0.0
2023,15,830,max_verstappen,0.0
2023,16,830,max_verstappen,0.0
2023,17,830,max_verstappen,0.0
2023,18,830,max_verstappen,0.0
2023,19,830,max_verstappen,0.0
2023,20,830,max_verstappen,0.0
2023,21,830,max_verstappen,0.0
2023,22,830,max_verstappen,0.0
2024,1,830,max_verstappen,0.0
2024,2,830,max_verstappen,0.0
2024,3,830,max_verstappen,0.0
2024,4,830,max_verstappen,0.0
2024,5,830,max_verstappen,0.0
2024,6,830,max_verstappen,0.0
2024,7,830,max_verstappen,0.0
2024,8,830,max_verstappen,0.0
2024,9,830,max_verstappen,0.0
2024,10,830,max_verstappen,0.0
2024,11,830,max_verstappen,0.0
2024,12,830,max_verstappen,0.0
2024,13,830,max_verstappen,0.0
2024,14,830,max_verstappen,0.0
2024,15,830,max_verstappen,0.0
2024,16,830,max_verstappen,0.0
2024,17,830,max_verstappen,0.0
2024,18,830,max_verstappen,0.0
2024,19,830,max_verstappen,0.0
2024,20,830,max_verstappen,0.0
2024,21,830,max_verstappen,0.0
2024,22,830,max_verstappen,0.0
2024,23,830,max_verstappen,0.0
2024,24,830,max_verstappen,0.0
2015,1,831,nasr,
2015,2,831,nasr,0.0
2015,3,831,nasr,0.0
2015,4,831,nasr,0.0
2015,5,831,nasr,0.0
2015,6,831,nasr,0.0
2015,7,831,nasr,0.0
2015,8,831,nasr,0.0
2015,9,831,nasr,0.0
2015,10,831,nasr,0.0
2015,11,831,nasr,0.0
2015,12,831,nasr,0.0
2015,13,831,nasr,0.0
2015,14,831,nasr,0.0
2015,15,831,nasr,0.0
2015,16,831,nasr,0.0
2015,17,831,nasr,0.0
2015,18,831,nasr,0.058823529411764705
2015,19,831,nasr,0.05555555555555555
2016,1,831,nasr,0.05263157894736842
2016,2,831,nasr,0.05
2016,3,831,nasr,0.05
2016,4,831,nasr,0.05
2016,5,831,nasr,0.05
2016,6,831,nasr,0.05
2016,7,831,nasr,0.05
2016,8,831,nasr,0.05
2016,9,831,nasr,0.05
2016,10,831,nasr,0.05
2016,11,831,nasr,0.05
2016,12,831,nasr,0.05
2016,13,831,nasr,0.1
2016,14,831,nasr,0.1
2016,15,831,nasr,0.1
2016,16,831,nasr,0.1
2016,17,831,nasr,0.15
2016,18,831,nasr,0.15
2016,19,831,nasr,0.1
2016,20,831,nasr,0.1
2016,21,831,nasr,0.1
2015,1,832,sainz,
2015,2,832,sainz,0.0
2015,3,832,sainz,0.0
2015,4,832,sainz,0.0
2015,5,832,sainz,0.25
2015,6,832,sainz,0.2
2015,7,832,sainz,0.16666666666666666
2015,8,832,sainz,0.14285714285714285
2015,9,832,sainz,0.25
2015,10,832,sainz,0.3333333333333333
2015,11,832,sainz,0.4
2015,12,832,sainz,0.45454545454545453
2015,13,832,sainz,0.4166666666666667
2015,14,832,sainz,0.38461538461538464
2015,15,832,sainz,0.35714285714285715
2015,16,832,sainz,0.4
2015,17,832,sainz,0.375
2015,18,832,sainz,0.35294117647058826
2015,19,832,sainz,0.3333333333333333
2016,1,832,sainz,0.3157894736842105
2016,2,832,sainz,0.3
2016,3,832,sainz,0.3
2016,4,832,sainz,0.3
2016,5,832,sainz,0.3
2016,6,832,sainz,0.25
2016,7,832,sainz,0.25
2016,8,832,sainz,0.25
2016,9,832,sainz,0.3
2016,10,832,sainz,0.25
2016,11,832,sainz,0.2
2016,12,832,sainz,0.15
2016,13,832,sainz,0.1
2016,14,832,sainz,0.1
2016,15,832,sainz,0.1
2016,16,832,sainz,0.1
2016,17,832,sainz,0.05
2016,18,832,sainz,0.05
2016,19,832,sainz,0.05
2016,20,832,sainz,0.05
2016,21,832,sainz,0.05
2017,1,832,sainz,0.05
2017,2,832,sainz,0.05
2017,3,832,sainz,0.05
2017,4,832,sainz,0.05
2017,5,832,sainz,0.05
2017,6,832,sainz,0.05
2017,7,832,sainz,0.05
2017,8,832,sainz,0.0
2017,9,832,sainz,0.0
2017,10,832,sainz,0.05
2017,11,832,sainz,0.05
2017,12,832,sainz,0.05
2017,13,832,sainz,0.05
2017,14,832,sainz,0.05
2017,15,832,sainz,0.05
2017,16,832,sainz,0.1
2017,17,832,sainz,0.1
2017,18,832,sainz,0.1
2017,19,832,sainz,0.15
2017,20,832,sainz,0.15
2018,1,832,sainz,0.2
2018,2,832,sainz,0.2
2018,3,832,sainz,0.2
2018,4,832,sainz,0.2
2018,5,832,sainz,0.2
2018,6,832,sainz,0.2
2018,7,832,sainz,0.2
2018,8,832,sainz,0.2
2018,9,832,sainz,0.2
2018,10,832,sainz,0.15
2018,11,832,sainz,0.15
2018,12,832,sainz,0.15
2018,13,832,sainz,0.15
2018,14,832,sainz,0.15
2018,15,832,sainz,0.15
2018,16,832,sainz,0.1
2018,17,832,sainz,0.1
2018,18,832,sainz,0.1
2018,19,832,sainz,0.05
2018,20,832,sainz,0.1
2018,21,832,sainz,0.05
2019,1,832,sainz,0.05
2019,2,832,sainz,0.1
2019,3,832,sainz,0.1
2019,4,832,sainz,0.1
2019,5,832,sainz,0.1
2019,6,832,sainz,0.1
2019,7,832,sainz,0.1
2019,8,832,sainz,0.1
2019,9,832,sainz,0.1
2019,10,832,sainz,0.1
2019,11,832,sainz,0.1
2019,12,832,sainz,0.1
2019,13,832,sainz,0.1
2019,14,832,sainz,0.1
2019,15,832,sainz,0.15
2019,16,832,sainz,0.15
2019,17,832,sainz,0.15
2019,18,832,sainz,0.15
2019,19,832,sainz,0.1
2019,20,832,sainz,0.1
2019,21,832,sainz,0.1
2020,1,832,sainz,0.05
2020,2,832,sainz,0.05
2020,3,832,sainz,0.05
2020,4,832,sainz,0.05
2020,5,832,sainz,0.05
2020,6,832,sainz,0.05
2020,7,832,sainz,0.05
2020,8,832,sainz,0.05
2020,9,832,sainz,0.05
2020,10,832,sainz,0.05
2020,11,832,sainz,0.05
2020,12,832,sainz,0.05
2020,13,832,sainz,0.05
2020,14,832,sainz,0.0
2020,15,832,sainz,0.0
2020,16,832,sainz,0.0
2020,17,832,sainz,0.0
2021,1,832,sainz,0.0
2021,2,832,sainz,0.0
2021,3,832,sainz,0.0
2021,4,832,sainz,0.0
2021,5,832,sainz,0.0
2021,6,832,sainz,0.0
2021,7,832,sainz,0.0
2021,8,832,sainz,0.0
2021,9,832,sainz,0.0
2021,10,832,sainz,0.0
2021,11,832,sainz,0.0
2021,12,832,sainz,0.0
2021,13,832,sainz,0.0
2021,14,832,sainz,0.0
2021,15,832,sainz,0.0
2021,16,832,sainz,0.0
2021,17,832,sainz,0.0
2021,18,832,sainz,0.0
2021,19,832,sainz,0.0
2021,20,832,sainz,0.0
2021,21,832,sainz,0.0
2021,22,832,sainz,0.0
2022,1,832,sainz,0.0
2022,2,832,sainz,0.0
2022,3,832,sainz,0.0
2022,4,832,sainz,0.0
2022,5,832,sainz,0.0
2022,6,832,sainz,0.0
2022,7,832,sainz,0.0
2022,8,832,sainz,0.0
2022,9,832,sainz,0.05
2022,10,832,sainz,0.05
2022,11,832,sainz,0.05
2022,12,832,sainz,0.1
2022,13,832,sainz,0.1
2022,14,832,sainz,0.1
2022,15,832,sainz,0.1
2022,16,832,sainz,0.1
2022,17,832,sainz,0.1
2022,18,832,sainz,0.1
2022,19,832,sainz,0.1
2022,20,832,sainz,0.1
2022,21,832,sainz,0.1
2022,22,832,sainz,0.1
2023,1,832,sainz,0.1
2023,2,832,sainz,0.1
2023,3,832,sainz,0.1
2023,4,832,sainz,0.1
2023,5,832,sainz,0.1
2023,6,832,sainz,0.1
2023,7,832,sainz,0.05
2023,8,832,sainz,0.05
2023,9,832,sainz,0.05
2023,10,832,sainz,0.0
2023,11,832,sainz,0.0
2023,12,832,sainz,0.0
2023,13,832,sainz,0.0
2023,14,832,sainz,0.0
2023,15,832,sainz,0.0
2023,16,832,sainz,0.0
2023,17,832,sainz,0.0
2023,18,832,sainz,0.0
2023,19,832,sainz,0.0
2023,20,832,sainz,0.0
2023,21,832,sainz,0.0
2023,22,832,sainz,0.0
2024,1,832,sainz,0.0
2024,3,832,sainz,0.0
2024,4,832,sainz,0.0
2024,5,832,sainz,0.0
2024,6,832,sainz,0.0
2024,7,832,sainz,0.0
2024,8,832,sainz,0.0
2024,9,832,sainz,0.0
2024,10,832,sainz,0.0
2024,11,832,sainz,0.0
2024,12,832,sainz,0.0
2024,13,832,sainz,0.0
2024,14,832,sainz,0.0
2024,15,832,sainz,0.0
2024,16,832,sainz,0.0
2024,17,832,sainz,0.0
2024,18,832,sainz,0.0
2024,19,832,sainz,0.0
2024,20,832,sainz,0.0
2024,21,832,sainz,0.0
2024,22,832,sainz,0.0
2024,23,832,sainz,0.0
2024,24,832,sainz,0.0
2015,2,833,merhi,
2015,3,833,merhi,0.0
2015,4,833,merhi,0.0
2015,5,833,merhi,0.0
2015,6,833,merhi,0.0
2015,7,833,merhi,0.0
2015,8,833,merhi,0.0
2015,9,833,merhi,0.0
2015,10,833,merhi,0.0
2015,11,833,merhi,0.0
2015,12,833,merhi,0.0
2015,15,833,merhi,0.0
2015,19,833,merhi,0.0
2015,13,834,rossi,
2015,14,834,rossi,0.0
2015,16,834,rossi,0.0
2015,17,834,rossi,0.0
2015,18,834,rossi,0.0
2016,1,835,jolyon_palmer,
2016,2,835,jolyon_palmer,0.0
2016,3,835,jolyon_palmer,0.0
2016,4,835,jolyon_palmer,0.0
2016,5,835,jolyon_palmer,0.0
2016,6,835,jolyon_palmer,0.0
2016,7,835,jolyon_palmer,0.0
2016,8,835,jolyon_palmer,0.0
2016,9,835,jolyon_palmer,0.0
2016,10,835,jolyon_palmer,0.0
2016,11,835,jolyon_palmer,0.1
2016,12,835,jolyon_palmer,0.09090909090909091
2016,13,835,jolyon_palmer,0.08333333333333333
2016,14,835,jolyon_palmer,0.07692307692307693
2016,15,835,jolyon_palmer,0.07142857142857142
2016,16,835,jolyon_palmer,0.06666666666666667
2016,17,835,jolyon_palmer,0.0625
2016,18,835,jolyon_palmer,0.058823529411764705
2016,19,835,jolyon_palmer,0.05555555555555555
2016,20,835,jolyon_palmer,0.05263157894736842
2016,21,835,jolyon_palmer,0.05
2017,1,835,jolyon_palmer,0.05
2017,2,835,jolyon_palmer,0.1
2017,3,835,jolyon_palmer,0.1
2017,4,835,jolyon_palmer,0.1
2017,5,835,jolyon_palmer,0.1
2017,6,835,jolyon_palmer,0.1
2017,7,835,jolyon_palmer,0.1
2017,8,835,jolyon_palmer,0.1
2017,9,835,jolyon_palmer,0.15
2017,10,835,jolyon_palmer,0.1
2017,11,835,jolyon_palmer,0.1
2017,12,835,jolyon_palmer,0.1
2017,13,835,jolyon_palmer,0.1
2017,14,835,jolyon_palmer,0.15
2017,15,835,jolyon_palmer,0.15
2017,16,835,jolyon_palmer,0.15
2016,1,836,wehrlein,
2016,2,836,wehrlein,0.0
2016,3,836,wehrlein,0.0
2016,4,836,wehrlein,0.0
2016,5,836,wehrlein,0.0
2016,6,836,wehrlein,0.0
2016,7,836,wehrlein,0.0
2016,8,836,wehrlein,0.0
2016,9,836,wehrlein,0.125
2016,10,836,wehrlein,0.1111111111111111
2016,11,836,wehrlein,0.1
2016,12,836,wehrlein,0.09090909090909091
2016,13,836,wehrlein,0.08333333333333333
2016,14,836,wehrlein,0.07692307692307693
2016,15,836,wehrlein,0.14285714285714285
2016,16,836,wehrlein,0.13333333333333333
2016,17,836,wehrlein,0.125
2016,18,836,wehrlein,0.11764705882352941
2016,19,836,wehrlein,0.1111111111111111
2016,20,836,wehrlein,0.10526315789473684
2016,21,836,wehrlein,0.1
2017,3,836,wehrlein,0.1
2017,4,836,wehrlein,0.1
2017,5,836,wehrlein,0.1
2017,6,836,wehrlein,0.1
2017,7,836,wehrlein,0.1
2017,8,836,wehrlein,0.1
2017,9,836,wehrlein,0.1
2017,10,836,wehrlein,0.05
2017,11,836,wehrlein,0.05
2017,12,836,wehrlein,0.05
2017,13,836,wehrlein,0.05
2017,14,836,wehrlein,0.05
2017,15,836,wehrlein,0.05
2017,16,836,wehrlein,0.0
2017,17,836,wehrlein,0.0
2017,18,836,wehrlein,0.0
2017,19,836,wehrlein,0.0
2017,20,836,wehrlein,0.0
2016,1,837,haryanto,
2016,2,837,haryanto,1.0
2016,3,837,haryanto,0.5
2016,4,837,haryanto,0.3333333333333333
2016,5,837,haryanto,0.25
2016,6,837,haryanto,0.2
2016,7,837,haryanto,0.16666666666666666
2016,8,837,haryanto,0.14285714285714285
2016,9,837,haryanto,0.125
2016,10,837,haryanto,0.1111111111111111
2016,11,837,haryanto,0.1
2016,12,837,haryanto,0.09090909090909091
2016,2,838,vandoorne,
2017,1,838,vandoorne,0.0
2017,2,838,vandoorne,0.0
2017,3,838,vandoorne,0.3333333333333333
2017,4,838,vandoorne,0.25
2017,5,838,vandoorne,0.2
2017,6,838,vandoorne,0.16666666666666666
2017,7,838,vandoorne,0.14285714285714285
2017,8,838,vandoorne,0.125
2017,9,838,vandoorne,0.1111111111111111
2017,10,838,vandoorne,0.1
2017,11,838,vandoorne,0.09090909090909091
2017,12,838,vandoorne,0.08333333333333333
2017,13,838,vandoorne,0.07692307692307693
2017,14,838,vandoorne,0.14285714285714285
2017,15,838,vandoorne,0.13333333333333333
2017,16,838,vandoorne,0.125
2017,17,838,vandoorne,0.11764705882352941
2017,18,838,vandoorne,0.1111111111111111
2017,19,838,vandoorne,0.10526315789473684
2017,20,838,vandoorne,0.1
2018,1,838,vandoorne,0.1
2018,2,838,vandoorne,0.1
2018,3,838,vandoorne,0.05
2018,4,838,vandoorne,0.05
2018,5,838,vandoorne,0.05
2018,6,838,vandoorne,0.1
2018,7,838,vandoorne,0.1
2018,8,838,vandoorne,0.1
2018,9,838,vandoorne,0.1
2018,10,838,vandoorne,0.1
2018,11,838,vandoorne,0.1
2018,12,838,vandoorne,0.1
2018,13,838,vandoorne,0.15
2018,14,838,vandoorne,0.1
2018,15,838,vandoorne,0.1
2018,16,838,vandoorne,0.1
2018,17,838,vandoorne,0.1
2018,18,838,vandoorne,0.1
2018,19,838,vandoorne,0.1
2018,20,838,vandoorne,0.1
2018,21,838,vandoorne,0.1
2016,13,839,ocon,
2016,14,839,ocon,0.0
2016,15,839,ocon,0.0
2016,16,839,ocon,0.0
2016,17,839,ocon,0.0
2016,18,839,ocon,0.0
2016,19,839,ocon,0.0
2016,20,839,ocon,0.0
2016,21,839,ocon,0.0
2017,1,839,ocon,0.0
2017,2,839,ocon,0.0
2017,3,839,ocon,0.0
2017,4,839,ocon,0.0
2017,5,839,ocon,0.0
2017,6,839,ocon,0.0
2017,7,839,ocon,0.0
2017,8,839,ocon,0.0
2017,9,839,ocon,0.0
2017,10,839,ocon,0.0
2017,11,839,ocon,0.0
2017,12,839,ocon,0.0
2017,13,839,ocon,0.0
2017,14,839,ocon,0.0
2017,15,839,ocon,0.0
2017,16,839,ocon,0.0
2017,17,839,ocon,0.0
2017,18,839,ocon,0.0
2017,19,839,ocon,0.0
2017,20,839,ocon,0.0
2018,1,839,ocon,0.0
2018,2,839,ocon,0.0
2018,3,839,ocon,0.0
2018,4,839,ocon,0.0
2018,5,839,ocon,0.0
2018,6,839,ocon,0.05
2018,7,839,ocon,0.05
2018,8,839,ocon,0.05
2018,9,839,ocon,0.05
2018,10,839,ocon,0.05
2018,11,839,ocon,0.05
2018,12,839,ocon,0.05
2018,13,839,ocon,0.05
2018,14,839,ocon,0.05
2018,15,839,ocon,0.05
2018,16,839,ocon,0.05
2018,17,839,ocon,0.05
2018,18,839,ocon,0.05
2018,19,839,ocon,0.05
2018,20,839,ocon,0.05
2018,21,839,ocon,0.05
2020,1,839,ocon,0.1
2020,2,839,ocon,0.1
2020,3,839,ocon,0.15
2020,4,839,ocon,0.15
2020,5,839,ocon,0.1
2020,6,839,ocon,0.1
2020,7,839,ocon,0.1
2020,8,839,ocon,0.1
2020,9,839,ocon,0.1
2020,10,839,ocon,0.15
2020,11,839,ocon,0.15
2020,12,839,ocon,0.2
2020,13,839,ocon,0.2
2020,14,839,ocon,0.25
2020,15,839,ocon,0.25
2020,16,839,ocon,0.25
2020,17,839,ocon,0.25
2021,1,839,ocon,0.25
2021,2,839,ocon,0.25
2021,3,839,ocon,0.25
2021,4,839,ocon,0.2
2021,5,839,ocon,0.2
2021,6,839,ocon,0.15
2021,7,839,ocon,0.15
2021,8,839,ocon,0.15
2021,9,839,ocon,0.15
2021,10,839,ocon,0.15
2021,11,839,ocon,0.15
2021,12,839,ocon,0.15
2021,13,839,ocon,0.1
2021,14,839,ocon,0.1
2021,15,839,ocon,0.05
2021,16,839,ocon,0.05
2021,17,839,ocon,0.0
2021,18,839,ocon,0.05
2021,19,839,ocon,0.05
2021,20,839,ocon,0.05
2021,21,839,ocon,0.05
2021,22,839,ocon,0.05
2022,1,839,ocon,0.05
2022,2,839,ocon,0.05
2022,3,839,ocon,0.05
2022,4,839,ocon,0.05
2022,5,839,ocon,0.05
2022,6,839,ocon,0.05
2022,7,839,ocon,0.05
2022,8,839,ocon,0.05
2022,9,839,ocon,0.05
2022,10,839,ocon,0.05
2022,11,839,ocon,0.1
2022,12,839,ocon,0.1
2022,13,839,ocon,0.1
2022,14,839,ocon,0.1
2022,15,839,ocon,0.1
2022,16,839,ocon,0.05
2022,17,839,ocon,0.05
2022,18,839,ocon,0.1
2022,19,839,ocon,0.1
2022,20,839,ocon,0.1
2022,21,839,ocon,0.1
2022,22,839,ocon,0.1
2023,1,839,ocon,0.1
2023,2,839,ocon,0.15
2023,3,839,ocon,0.15
2023,4,839,ocon,0.15
2023,5,839,ocon,0.15
2023,6,839,ocon,0.15
2023,7,839,ocon,0.15
2023,8,839,ocon,0.15
2023,9,839,ocon,0.1
2023,10,839,ocon,0.1
2023,11,839,ocon,0.15
2023,12,839,ocon,0.15
2023,13,839,ocon,0.15
2023,14,839,ocon,0.15
2023,15,839,ocon,0.2
2023,16,839,ocon,0.2
2023,17,839,ocon,0.2
2023,18,839,ocon,0.2
2023,19,839,ocon,0.2
2023,20,839,ocon,0.2
2023,21,839,ocon,0.2
2023,22,839,ocon,0.15
2024,1,839,ocon,0.15
2024,2,839,ocon,0.15
2024,3,839,ocon,0.15
2024,4,839,ocon,0.15
2024,5,839,ocon,0.15
2024,6,839,ocon,0.15
2024,7,839,ocon,0.15
2024,8,839,ocon,0.15
2024,9,839,ocon,0.1
2024,10,839,ocon,0.1
2024,11,839,ocon,0.1
2024,12,839,ocon,0.1
2024,13,839,ocon,0.05
2024,14,839,ocon,0.0
2024,15,839,ocon,0.0
2024,16,839,ocon,0.0
2024,17,839,ocon,0.0
2024,18,839,ocon,0.0
2024,19,839,ocon,0.0
2024,20,839,ocon,0.0
2024,21,839,ocon,0.0
2024,22,839,ocon,0.0
2024,23,839,ocon,0.0
2017,1,840,stroll,
2017,2,840,stroll,1.0
2017,3,840,stroll,0.5
2017,4,840,stroll,0.3333333333333333
2017,5,840,stroll,0.25
2017,6,840,stroll,0.2
2017,7,840,stroll,0.16666666666666666
2017,8,840,stroll,0.14285714285714285
2017,9,840,stroll,0.125
2017,10,840,stroll,0.1111111111111111
2017,11,840,stroll,0.1
2017,12,840,stroll,0.09090909090909091
2017,13,840,stroll,0.08333333333333333
2017,14,840,stroll,0.07692307692307693
2017,15,840,stroll,0.07142857142857142
2017,16,840,stroll,0.06666666666666667
2017,17,840,stroll,0.125
2017,18,840,stroll,0.11764705882352941
2017,19,840,stroll,0.1111111111111111
2017,20,840,stroll,0.10526315789473684
2018,1,840,stroll,0.1
2018,2,840,stroll,0.05
2018,3,840,stroll,0.05
2018,4,840,stroll,0.05
2018,5,840,stroll,0.05
2018,6,840,stroll,0.05
2018,7,840,stroll,0.05
2018,8,840,stroll,0.05
2018,9,840,stroll,0.05
2018,10,840,stroll,0.05
2018,11,840,stroll,0.05
2018,12,840,stroll,0.1
2018,13,840,stroll,0.1
2018,14,840,stroll,0.1
2018,15,840,stroll,0.1
2018,16,840,stroll,0.1
2018,17,840,stroll,0.05
2018,18,840,stroll,0.05
2018,19,840,stroll,0.05
2018,20,840,stroll,0.05
2018,21,840,stroll,0.05
2019,1,840,stroll,0.05
2019,2,840,stroll,0.05
2019,3,840,stroll,0.05
2019,4,840,stroll,0.05
2019,5,840,stroll,0.05
2019,6,840,stroll,0.05
2019,7,840,stroll,0.05
2019,8,840,stroll,0.05
2019,9,840,stroll,0.05
2019,10,840,stroll,0.05
2019,11,840,stroll,0.0
2019,12,840,stroll,0.0
2019,13,840,stroll,0.0
2019,14,840,stroll,0.0
2019,15,840,stroll,0.0
2019,16,840,stroll,0.0
2019,17,840,stroll,0.0
2019,18,840,stroll,0.0
2019,19,840,stroll,0.0
2019,20,840,stroll,0.0
2019,21,840,stroll,0.0
2020,1,840,stroll,0.05
2020,2,840,stroll,0.1
2020,3,840,stroll,0.1
2020,4,840,stroll,0.1
2020,5,840,stroll,0.1
2020,6,840,stroll,0.1
2020,7,840,stroll,0.1
2020,8,840,stroll,0.1
2020,9,840,stroll,0.1
2020,10,840,stroll,0.1
2020,12,840,stroll,0.1
2020,13,840,stroll,0.1
2020,14,840,stroll,0.1
2020,15,840,stroll,0.1
2020,16,840,stroll,0.1
2020,17,840,stroll,0.1
2021,1,840,stroll,0.1
2021,2,840,stroll,0.1
2021,3,840,stroll,0.1
2021,4,840,stroll,0.1
2021,5,840,stroll,0.05
2021,6,840,stroll,0.0
2021,7,840,stroll,0.0
2021,8,840,stroll,0.0
2021,9,840,stroll,0.0
2021,10,840,stroll,0.0
2021,11,840,stroll,0.0
2021,12,840,stroll,0.0
2021,13,840,stroll,0.0
2021,14,840,stroll,0.0
2021,15,840,stroll,0.0
2021,16,840,stroll,0.0
2021,17,840,stroll,0.0
2021,18,840,stroll,0.0
2021,19,840,stroll,0.0
2021,20,840,stroll,0.0
2021,21,840,stroll,0.0
2021,22,840,stroll,0.0
2022,1,840,stroll,0.0
2022,2,840,stroll,0.0
2022,3,840,stroll,0.0
2022,4,840,stroll,0.0
2022,5,840,stroll,0.0
2022,6,840,stroll,0.0
2022,7,840,stroll,0.0
2022,8,840,stroll,0.0
2022,9,840,stroll,0.0
2022,10,840,stroll,0.0
2022,11,840,stroll,0.0
2022,12,840,stroll,0.0
2022,13,840,stroll,0.0
2022,14,840,stroll,0.0
2022,15,840,stroll,0.0
2022,16,840,stroll,0.0
2022,17,840,stroll,0.05
2022,18,840,stroll,0.05
2022,19,840,stroll,0.05
2022,20,840,stroll,0.05
2022,21,840,stroll,0.05
2022,22,840,stroll,0.05
2023,1,840,stroll,0.05
2023,2,840,stroll,0.05
2023,3,840,stroll,0.1
2023,4,840,stroll,0.1
2023,5,840,stroll,0.1
2023,6,840,stroll,0.1
2023,7,840,stroll,0.1
2023,8,840,stroll,0.1
2023,9,840,stroll,0.1
2023,10,840,stroll,0.1
2023,11,840,stroll,0.1
2023,12,840,stroll,0.1
2023,13,840,stroll,0.1
2023,14,840,stroll,0.1
2023,15,840,stroll,0.05
2023,16,840,stroll,0.05
2023,17,840,stroll,0.05
2023,18,840,stroll,0.05
2023,19,840,stroll,0.05
2023,20,840,stroll,0.05
2023,21,840,stroll,0.05
2023,22,840,stroll,0.05
2024,1,840,stroll,0.0
2024,2,840,stroll,0.0
2024,3,840,stroll,0.0
2024,4,840,stroll,0.0
2024,5,840,stroll,0.0
2024,6,840,stroll,0.0
2024,7,840,stroll,0.0
2024,8,840,stroll,0.0
2024,9,840,stroll,0.0
2024,10,840,stroll,0.0
2024,11,840,stroll,0.0
2024,12,840,stroll,0.0
2024,13,840,stroll,0.0
2024,14,840,stroll,0.0
2024,15,840,stroll,0.0
2024,16,840,stroll,0.0
2024,17,840,stroll,0.0
2024,18,840,stroll,0.0
2024,19,840,stroll,0.0
2024,20,840,stroll,0.0
2024,21,840,stroll,0.0
2024,22,840,stroll,0.0
2024,23,840,stroll,0.0
2024,24,840,stroll,0.0
2017,1,841,giovinazzi,
2017,2,841,giovinazzi,0.0
2019,1,841,giovinazzi,0.0
2019,2,841,giovinazzi,0.0
2019,3,841,giovinazzi,0.0
2019,4,841,giovinazzi,0.0
2019,5,841,giovinazzi,0.0
2019,6,841,giovinazzi,0.0
2019,7,841,giovinazzi,0.0
2019,8,841,giovinazzi,0.0
2019,9,841,giovinazzi,0.0
2019,10,841,giovinazzi,0.0
2019,11,841,giovinazzi,0.0
2019,12,841,giovinazzi,0.0
2019,13,841,giovinazzi,0.0
2019,14,841,giovinazzi,0.0
2019,15,841,giovinazzi,0.0
2019,16,841,giovinazzi,0.0
2019,17,841,giovinazzi,0.0
2019,18,841,giovinazzi,0.0
2019,19,841,giovinazzi,0.0
2019,20,841,giovinazzi,0.0
2019,21,841,giovinazzi,0.0
2020,1,841,giovinazzi,0.0
2020,2,841,giovinazzi,0.0
2020,3,841,giovinazzi,0.0
2020,4,841,giovinazzi,0.0
2020,5,841,giovinazzi,0.0
2020,6,841,giovinazzi,0.0
2020,7,841,giovinazzi,0.0
2020,8,841,giovinazzi,0.0
2020,9,841,giovinazzi,0.0
2020,10,841,giovinazzi,0.0
2020,11,841,giovinazzi,0.0
2020,12,841,giovinazzi,0.0
2020,13,841,giovinazzi,0.0
2020,14,841,giovinazzi,0.0
2020,15,841,giovinazzi,0.05
2020,16,841,giovinazzi,0.05
2020,17,841,giovinazzi,0.05
2021,1,841,giovinazzi,0.05
2021,2,841,giovinazzi,0.05
2021,3,841,giovinazzi,0.05
2021,4,841,giovinazzi,0.05
2021,5,841,giovinazzi,0.05
2021,6,841,giovinazzi,0.05
2021,7,841,giovinazzi,0.05
2021,8,841,giovinazzi,0.05
2021,9,841,giovinazzi,0.05
2021,10,841,giovinazzi,0.05
2021,11,841,giovinazzi,0.05
2021,12,841,giovinazzi,0.05
2021,13,841,giovinazzi,0.05
2021,14,841,giovinazzi,0.05
2021,15,841,giovinazzi,0.05
2021,16,841,giovinazzi,0.05
2021,17,841,giovinazzi,0.05
2021,18,841,giovinazzi,0.0
2021,19,841,giovinazzi,0.0
2021,20,841,giovinazzi,0.0
2021,21,841,giovinazzi,0.0
2021,22,841,giovinazzi,0.0
2017,15,842,gasly,
2017,16,842,gasly,0.0
2017,18,842,gasly,0.0
2017,19,842,gasly,0.0
2017,20,842,gasly,0.0
2018,1,842,gasly,0.0
2018,2,842,gasly,0.16666666666666666
2018,3,842,gasly,0.14285714285714285
2018,4,842,gasly,0.125
2018,5,842,gasly,0.1111111111111111
2018,6,842,gasly,0.1
2018,7,842,gasly,0.09090909090909091
2018,8,842,gasly,0.08333333333333333
2018,9,842,gasly,0.07692307692307693
2018,10,842,gasly,0.07142857142857142
2018,11,842,gasly,0.06666666666666667
2018,12,842,gasly,0.0625
2018,13,842,gasly,0.058823529411764705
2018,14,842,gasly,0.05555555555555555
2018,15,842,gasly,0.05263157894736842
2018,16,842,gasly,0.05
2018,17,842,gasly,0.1
2018,18,842,gasly,0.1
2018,19,842,gasly,0.1
2018,20,842,gasly,0.1
2018,21,842,gasly,0.1
2019,1,842,gasly,0.1
2019,2,842,gasly,0.1
2019,3,842,gasly,0.1
2019,4,842,gasly,0.1
2019,5,842,gasly,0.15
2019,6,842,gasly,0.15
2019,7,842,gasly,0.15
2019,8,842,gasly,0.15
2019,9,842,gasly,0.15
2019,10,842,gasly,0.15
2019,11,842,gasly,0.15
2019,12,842,gasly,0.15
2019,13,842,gasly,0.15
2019,14,842,gasly,0.15
2019,15,842,gasly,0.15
2019,16,842,gasly,0.1
2019,17,842,gasly,0.1
2019,18,842,gasly,0.1
2019,19,842,gasly,0.1
2019,20,842,gasly,0.1
2019,21,842,gasly,0.05
2020,1,842,gasly,0.05
2020,2,842,gasly,0.05
2020,3,842,gasly,0.05
2020,4,842,gasly,0.05
2020,5,842,gasly,0.05
2020,6,842,gasly,0.05
2020,7,842,gasly,0.05
2020,8,842,gasly,0.05
2020,9,842,gasly,0.05
2020,10,842,gasly,0.05
2020,11,842,gasly,0.05
2020,12,842,gasly,0.05
2020,13,842,gasly,0.05
2020,14,842,gasly,0.1
2020,15,842,gasly,0.1
2020,16,842,gasly,0.1
2020,17,842,gasly,0.1
2021,1,842,gasly,0.1
2021,2,842,gasly,0.1
2021,3,842,gasly,0.1
2021,4,842,gasly,0.1
2021,5,842,gasly,0.1
2021,6,842,gasly,0.1
2021,7,842,gasly,0.05
2021,8,842,gasly,0.05
2021,9,842,gasly,0.05
2021,10,842,gasly,0.05
2021,11,842,gasly,0.05
2021,12,842,gasly,0.05
2021,13,842,gasly,0.05
2021,14,842,gasly,0.05
2021,15,842,gasly,0.05
2021,16,842,gasly,0.05
2021,17,842,gasly,0.0
2021,18,842,gasly,0.05
2021,19,842,gasly,0.05
2021,20,842,gasly,0.05
2021,21,842,gasly,0.05
2021,22,842,gasly,0.05
2022,1,842,gasly,0.05
2022,2,842,gasly,0.1
2022,3,842,gasly,0.1
2022,4,842,gasly,0.1
2022,5,842,gasly,0.1
2022,6,842,gasly,0.15
2022,7,842,gasly,0.15
2022,8,842,gasly,0.15
2022,9,842,gasly,0.15
2022,10,842,gasly,0.15
2022,11,842,gasly,0.15
2022,12,842,gasly,0.15
2022,13,842,gasly,0.15
2022,14,842,gasly,0.15
2022,15,842,gasly,0.15
2022,16,842,gasly,0.1
2022,17,842,gasly,0.1
2022,18,842,gasly,0.1
2022,19,842,gasly,0.1
2022,20,842,gasly,0.1
2022,21,842,gasly,0.1
2022,22,842,gasly,0.05
2023,1,842,gasly,0.05
2023,2,842,gasly,0.05
2023,3,842,gasly,0.05
2023,4,842,gasly,0.0
2023,5,842,gasly,0.0
2023,6,842,gasly,0.0
2023,7,842,gasly,0.0
2023,8,842,gasly,0.0
2023,9,842,gasly,0.0
2023,10,842,gasly,0.0
2023,11,842,gasly,0.0
2023,12,842,gasly,0.0
2023,13,842,gasly,0.0
2023,14,842,gasly,0.0
2023,15,842,gasly,0.0
2023,16,842,gasly,0.0
2023,17,842,gasly,0.0
2023,18,842,gasly,0.0
2023,19,842,gasly,0.0
2023,20,842,gasly,0.0
2023,21,842,gasly,0.0
2023,22,842,gasly,0.0
2024,1,842,gasly,0.0
2024,2,842,gasly,0.0
2024,3,842,gasly,0.0
2024,4,842,gasly,0.0
2024,5,842,gasly,0.0
2024,6,842,gasly,0.0
2024,7,842,gasly,0.0
2024,8,842,gasly,0.0
2024,9,842,gasly,0.0
2024,10,842,gasly,0.0
2024,11,842,gasly,0.0
2024,12,842,gasly,0.0
2024,13,842,gasly,0.0
2024,14,842,gasly,0.05
2024,15,842,gasly,0.05
2024,16,842,gasly,0.05
2024,17,842,gasly,0.05
2024,18,842,gasly,0.05
2024,19,842,gasly,0.05
2024,20,842,gasly,0.05
2024,21,842,gasly,0.05
2024,22,842,gasly,0.05
2024,23,842,gasly,0.1
2024,24,842,gasly,0.1
2017,17,843,brendon_hartley,
2017,18,843,brendon_hartley,0.0
2017,19,843,brendon_hartley,0.5
2017,20,843,brendon_hartley,0.6666666666666666
2018,1,843,brendon_hartley,0.5
2018,2,843,brendon_hartley,0.4
2018,3,843,brendon_hartley,0.3333333333333333
2018,4,843,brendon_hartley,0.2857142857142857
2018,5,843,brendon_hartley,0.25
2018,6,843,brendon_hartley,0.2222222222222222
2018,7,843,brendon_hartley,0.2
2018,8,843,brendon_hartley,0.18181818181818182
2018,9,843,brendon_hartley,0.16666666666666666
2018,10,843,brendon_hartley,0.23076923076923078
2018,11,843,brendon_hartley,0.21428571428571427
2018,12,843,brendon_hartley,0.2
2018,13,843,brendon_hartley,0.1875
2018,14,843,brendon_hartley,0.17647058823529413
2018,15,843,brendon_hartley,0.16666666666666666
2018,16,843,brendon_hartley,0.15789473684210525
2018,17,843,brendon_hartley,0.2
2018,18,843,brendon_hartley,0.2
2018,19,843,brendon_hartley,0.15
2018,20,843,brendon_hartley,0.1
2018,21,843,brendon_hartley,0.1
2018,1,844,leclerc,
2018,2,844,leclerc,0.0
2018,3,844,leclerc,0.0
2018,4,844,leclerc,0.0
2018,5,844,leclerc,0.0
2018,6,844,leclerc,0.0
2018,7,844,leclerc,0.0
2018,8,844,leclerc,0.0
2018,9,844,leclerc,0.0
2018,10,844,leclerc,0.0
2018,11,844,leclerc,0.1
2018,12,844,leclerc,0.09090909090909091
2018,13,844,leclerc,0.08333333333333333
2018,14,844,leclerc,0.07692307692307693
2018,15,844,leclerc,0.07142857142857142
2018,16,844,leclerc,0.06666666666666667
2018,17,844,leclerc,0.0625
2018,18,844,leclerc,0.11764705882352941
2018,19,844,leclerc,0.1111111111111111
2018,20,844,leclerc,0.10526315789473684
2018,21,844,leclerc,0.1
2019,1,844,leclerc,0.1
2019,2,844,leclerc,0.1
2019,3,844,leclerc,0.1
2019,4,844,leclerc,0.1
2019,5,844,leclerc,0.1
2019,6,844,leclerc,0.1
2019,7,844,leclerc,0.1
2019,8,844,leclerc,0.1
2019,9,844,leclerc,0.1
2019,10,844,leclerc,0.05
2019,11,844,leclerc,0.05
2019,12,844,leclerc,0.05
2019,13,844,leclerc,0.05
2019,14,844,leclerc,0.05
2019,15,844,leclerc,0.05
2019,16,844,leclerc,0.05
2019,17,844,leclerc,0.0
2019,18,844,leclerc,0.0
2019,19,844,leclerc,0.0
2019,20,844,leclerc,0.0
2019,21,844,leclerc,0.0
2020,1,844,leclerc,0.0
2020,2,844,leclerc,0.0
2020,3,844,leclerc,0.0
2020,4,844,leclerc,0.0
2020,5,844,leclerc,0.0
2020,6,844,leclerc,0.0
2020,7,844,leclerc,0.0
2020,8,844,leclerc,0.0
2020,9,844,leclerc,0.0
2020,10,844,leclerc,0.0
2020,11,844,leclerc,0.0
2020,12,844,leclerc,0.0
2020,13,844,leclerc,0.0
2020,14,844,leclerc,0.0
2020,15,844,leclerc,0.0
2020,16,844,leclerc,0.0
2020,17,844,leclerc,0.0
2021,1,844,leclerc,0.0
2021,2,844,leclerc,0.0
2021,3,844,leclerc,0.0
2021,4,844,leclerc,0.0
2021,5,844,leclerc,0.0
2021,6,844,leclerc,0.0
2021,7,844,leclerc,0.0
2021,8,844,leclerc,0.0
2021,9,844,leclerc,0.0
2021,10,844,leclerc,0.0
2021,11,844,leclerc,0.0
2021,12,844,leclerc,0.0
2021,13,844,leclerc,0.0
2021,14,844,leclerc,0.0
2021,15,844,leclerc,0.0
2021,16,844,leclerc,0.0
2021,17,844,leclerc,0.0
2021,18,844,leclerc,0.0
2021,19,844,leclerc,0.0
2021,20,844,leclerc,0.0
2021,21,844,leclerc,0.0
2021,22,844,leclerc,0.0
2022,1,844,leclerc,0.0
2022,2,844,leclerc,0.0
2022,3,844,leclerc,0.0
2022,4,844,leclerc,0.0
2022,5,844,leclerc,0.0
2022,6,844,leclerc,0.0
2022,7,844,leclerc,0.05
2022,8,844,leclerc,0.05
2022,9,844,leclerc,0.1
2022,10,844,leclerc,0.1
2022,11,844,leclerc,0.1
2022,12,844,leclerc,0.1
2022,13,844,leclerc,0.1
2022,14,844,leclerc,0.1
2022,15,844,leclerc,0.1
2022,16,844,leclerc,0.1
2022,17,844,leclerc,0.1
2022,18,844,leclerc,0.1
2022,19,844,leclerc,0.1
2022,20,844,leclerc,0.1
2022,21,844,leclerc,0.1
2022,22,844,leclerc,0.1
2023,1,844,leclerc,0.1
2023,2,844,leclerc,0.15
2023,3,844,leclerc,0.15
2023,4,844,leclerc,0.15
2023,5,844,leclerc,0.1
2023,6,844,leclerc,0.1
2023,7,844,leclerc,0.05
2023,8,844,leclerc,0.05
2023,9,844,leclerc,0.05
2023,10,844,leclerc,0.05
2023,11,844,leclerc,0.05
2023,12,844,leclerc,0.05
2023,13,844,leclerc,0.05
2023,14,844,leclerc,0.05
2023,15,844,leclerc,0.05
2023,16,844,leclerc,0.05
2023,17,844,leclerc,0.05
2023,18,844,leclerc,0.05
2023,19,844,leclerc,0.05
2023,20,844,leclerc,0.05
2023,21,844,leclerc,0.05
2023,22,844,leclerc,0.0
2024,1,844,leclerc,0.0
2024,2,844,leclerc,0.0
2024,3,844,leclerc,0.0
2024,4,844,leclerc,0.0
2024,5,844,leclerc,0.0
2024,6,844,leclerc,0.0
2024,7,844,leclerc,0.0
2024,8,844,leclerc,0.0
2024,9,844,leclerc,0.0
2024,10,844,leclerc,0.05
2024,11,844,leclerc,0.05
2024,12,844,leclerc,0.05
2024,13,844,leclerc,0.05
2024,14,844,leclerc,0.05
2024,15,844,leclerc,0.05
2024,16,844,leclerc,0.05
2024,17,844,leclerc,0.05
2024,18,844,leclerc,0.05
2024,19,844,leclerc,0.05
2024,20,844,leclerc,0.05
2024,21,844,leclerc,0.05
2024,22,844,leclerc,0.05
2024,23,844,leclerc,0.05
2024,24,844,leclerc,0.05
2018,1,845,sirotkin,
2018,2,845,sirotkin,1.0
2018,3,845,sirotkin,0.5
2018,4,845,sirotkin,0.3333333333333333
2018,5,845,sirotkin,0.25
2018,6,845,sirotkin,0.2
2018,7,845,sirotkin,0.16666666666666666
2018,8,845,sirotkin,0.14285714285714285
2018,9,845,sirotkin,0.125
2018,10,845,sirotkin,0.1111111111111111
2018,11,845,sirotkin,0.1
2018,12,845,sirotkin,0.18181818181818182
2018,13,845,sirotkin,0.16666666666666666
2018,14,845,sirotkin,0.15384615384615385
2018,15,845,sirotkin,0.14285714285714285
2018,16,845,sirotkin,0.13333333333333333
2018,17,845,sirotkin,0.125
2018,18,845,sirotkin,0.11764705882352941
2018,19,845,sirotkin,0.1111111111111111
2018,20,845,sirotkin,0.10526315789473684
2018,21,845,sirotkin,0.1
2019,1,846,norris,
2019,2,846,norris,0.0
2019,3,846,norris,0.0
2019,4,846,norris,0.0
2019,5,846,norris,0.0
2019,6,846,norris,0.0
2019,7,846,norris,0.0
2019,8,846,norris,0.14285714285714285
2019,9,846,norris,0.125
2019,10,846,norris,0.1111111111111111
2019,11,846,norris,0.1
2019,12,846,norris,0.18181818181818182
2019,13,846,norris,0.16666666666666666
2019,14,846,norris,0.15384615384615385
2019,15,846,norris,0.14285714285714285
2019,16,846,norris,0.13333333333333333
2019,17,846,norris,0.125
2019,18,846,norris,0.11764705882352941
2019,19,846,norris,0.1111111111111111
2019,20,846,norris,0.10526315789473684
2019,21,846,norris,0.1
2020,1,846,norris,0.1
2020,2,846,norris,0.1
2020,3,846,norris,0.1
2020,4,846,norris,0.1
2020,5,846,norris,0.1
2020,6,846,norris,0.1
2020,7,846,norris,0.05
2020,8,846,norris,0.05
2020,9,846,norris,0.05
2020,10,846,norris,0.05
2020,11,846,norris,0.0
2020,12,846,norris,0.05
2020,13,846,norris,0.05
2020,14,846,norris,0.05
2020,15,846,norris,0.05
2020,16,846,norris,0.05
2020,17,846,norris,0.05
2021,1,846,norris,0.05
2021,2,846,norris,0.05
2021,3,846,norris,0.05
2021,4,846,norris,0.05
2021,5,846,norris,0.05
2021,6,846,norris,0.05
2021,7,846,norris,0.05
2021,8,846,norris,0.05
2021,9,846,norris,0.05
2021,10,846,norris,0.05
2021,11,846,norris,0.05
2021,12,846,norris,0.05
2021,13,846,norris,0.05
2021,14,846,norris,0.05
2021,15,846,norris,0.0
2021,16,846,norris,0.0
2021,17,846,norris,0.0
2021,18,846,norris,0.0
2021,19,846,norris,0.0
2021,20,846,norris,0.0
2021,21,846,norris,0.0
2021,22,846,norris,0.0
2022,1,846,norris,0.0
2022,2,846,norris,0.0
2022,3,846,norris,0.0
2022,4,846,norris,0.0
2022,5,846,norris,0.0
2022,6,846,norris,0.0
2022,7,846,norris,0.0
2022,8,846,norris,0.0
2022,9,846,norris,0.0
2022,10,846,norris,0.0
2022,11,846,norris,0.0
2022,12,846,norris,0.0
2022,13,846,norris,0.0
2022,14,846,norris,0.0
2022,15,846,norris,0.0
2022,16,846,norris,0.0
2022,17,846,norris,0.0
2022,18,846,norris,0.0
2022,19,846,norris,0.0
2022,20,846,norris,0.0
2022,21,846,norris,0.0
2022,22,846,norris,0.05
2023,1,846,norris,0.05
2023,2,846,norris,0.05
2023,3,846,norris,0.05
2023,4,846,norris,0.05
2023,5,846,norris,0.05
2023,6,846,norris,0.05
2023,7,846,norris,0.05
2023,8,846,norris,0.05
2023,9,846,norris,0.05
2023,10,846,norris,0.05
2023,11,846,norris,0.05
2023,12,846,norris,0.05
2023,13,846,norris,0.05
2023,14,846,norris,0.05
2023,15,846,norris,0.05
2023,16,846,norris,0.05
2023,17,846,norris,0.05
2023,18,846,norris,0.05
2023,19,846,norris,0.05
2023,20,846,norris,0.0
2023,21,846,norris,0.0
2023,22,846,norris,0.0
2024,1,846,norris,0.0
2024,2,846,norris,0.0
2024,3,846,norris,0.0
2024,4,846,norris,0.0
2024,5,846,norris,0.0
2024,6,846,norris,0.0
2024,7,846,norris,0.0
2024,8,846,norris,0.0
2024,9,846,norris,0.0
2024,10,846,norris,0.0
2024,11,846,norris,0.0
2024,12,846,norris,0.0
2024,13,846,norris,0.0
2024,14,846,norris,0.0
2024,15,846,norris,0.0
2024,16,846,norris,0.0
2024,17,846,norris,0.0
2024,18,846,norris,0.0
2024,19,846,norris,0.0
2024,20,846,norris,0.0
2024,21,846,norris,0.0
2024,22,846,norris,0.0
2024,23,846,norris,0.0
2024,24,846,norris,0.0
2019,1,847,russell,
2019,2,847,russell,0.0
2019,3,847,russell,0.0
2019,4,847,russell,0.0
2019,5,847,russell,0.0
2019,6,847,russell,0.0
2019,7,847,russell,0.0
2019,8,847,russell,0.0
2019,9,847,russell,0.0
2019,10,847,russell,0.0
2019,11,847,russell,0.0
2019,12,847,russell,0.0
2019,13,847,russell,0.0
2019,14,847,russell,0.0
2019,15,847,russell,0.0
2019,16,847,russell,0.0
2019,17,847,russell,0.0625
2019,18,847,russell,0.058823529411764705
2019,19,847,russell,0.05555555555555555
2019,20,847,russell,0.05263157894736842
2019,21,847,russell,0.05
2020,1,847,russell,0.05
2020,2,847,russell,0.1
2020,3,847,russell,0.1
2020,4,847,russell,0.1
2020,5,847,russell,0.1
2020,6,847,russell,0.1
2020,7,847,russell,0.1
2020,8,847,russell,0.1
2020,9,847,russell,0.1
2020,10,847,russell,0.1
2020,11,847,russell,0.1
2020,12,847,russell,0.1
2020,13,847,russell,0.1
2020,14,847,russell,0.1
2020,15,847,russell,0.1
2020,16,847,russell,0.05
2020,17,847,russell,0.05
2021,1,847,russell,0.05
2021,2,847,russell,0.05
2021,3,847,russell,0.05
2021,4,847,russell,0.05
2021,5,847,russell,0.0
2021,6,847,russell,0.0
2021,7,847,russell,0.05
2021,8,847,russell,0.05
2021,9,847,russell,0.1
2021,10,847,russell,0.1
2021,11,847,russell,0.1
2021,12,847,russell,0.1
2021,13,847,russell,0.1
2021,14,847,russell,0.1
2021,15,847,russell,0.1
2021,16,847,russell,0.1
2021,17,847,russell,0.1
2021,18,847,russell,0.1
2021,19,847,russell,0.1
2021,20,847,russell,0.1
2021,21,847,russell,0.1
2021,22,847,russell,0.1
2022,1,847,russell,0.15
2022,2,847,russell,0.15
2022,3,847,russell,0.15
2022,4,847,russell,0.15
2022,5,847,russell,0.1
2022,6,847,russell,0.1
2022,7,847,russell,0.05
2022,8,847,russell,0.05
2022,9,847,russell,0.05
2022,10,847,russell,0.05
2022,11,847,russell,0.05
2022,12,847,russell,0.05
2022,13,847,russell,0.05
2022,14,847,russell,0.05
2022,15,847,russell,0.05
2022,16,847,russell,0.05
2022,17,847,russell,0.05
2022,18,847,russell,0.05
2022,19,847,russell,0.05
2022,20,847,russell,0.05
2022,21,847,russell,0.0
2022,22,847,russell,0.0
2023,1,847,russell,0.0
2023,2,847,russell,0.0
2023,3,847,russell,0.0
2023,4,847,russell,0.05
2023,5,847,russell,0.05
2023,6,847,russell,0.05
2023,7,847,russell,0.05
2023,8,847,russell,0.05
2023,9,847,russell,0.1
2023,10,847,russell,0.1
2023,11,847,russell,0.1
2023,12,847,russell,0.1
2023,13,847,russell,0.1
2023,14,847,russell,0.1
2023,15,847,russell,0.1
2023,16,847,russell,0.1
2023,17,847,russell,0.1
2023,18,847,russell,0.1
2023,19,847,russell,0.1
2023,20,847,russell,0.1
2023,21,847,russell,0.15
2023,22,847,russell,0.15
2024,1,847,russell,0.15
2024,2,847,russell,0.1
2024,3,847,russell,0.1
2024,4,847,russell,0.1
2024,5,847,russell,0.1
2024,6,847,russell,0.1
2024,7,847,russell,0.05
2024,8,847,russell,0.05
2024,9,847,russell,0.05
2024,10,847,russell,0.05
2024,11,847,russell,0.05
2024,12,847,russell,0.05
2024,13,847,russell,0.1
2024,14,847,russell,0.1
2024,15,847,russell,0.1
2024,16,847,russell,0.1
2024,17,847,russell,0.1
2024,18,847,russell,0.1
2024,19,847,russell,0.05
2024,20,847,russell,0.05
2024,21,847,russell,0.05
2024,22,847,russell,0.05
2024,23,847,russell,0.05
2024,24,847,russell,0.05
2019,1,848,albon,
2019,2,848,albon,0.0
2019,3,848,albon,0.0
2019,4,848,albon,0.0
2019,5,848,albon,0.0
2019,6,848,albon,0.0
2019,7,848,albon,0.0
2019,8,848,albon,0.0
2019,9,848,albon,0.0
2019,10,848,albon,0.0
2019,11,848,albon,0.0
2019,12,848,albon,0.0
2019,13,848,albon,0.0
2019,14,848,albon,0.0
2019,15,848,albon,0.0
2019,16,848,albon,0.0
2019,17,848,albon,0.0
2019,18,848,albon,0.0
2019,19,848,albon,0.0
2019,20,848,albon,0.0
2019,21,848,albon,0.0
2020,1,848,albon,0.0
2020,2,848,albon,0.0
2020,3,848,albon,0.0
2020,4,848,albon,0.0
2020,5,848,albon,0.0
2020,6,848,albon,0.0
2020,7,848,albon,0.0
2020,8,848,albon,0.0
2020,9,848,albon,0.0
2020,10,848,albon,0.0
2020,11,848,albon,0.0
2020,12,848,albon,0.05
2020,13,848,albon,0.05
2020,14,848,albon,0.05
2020,15,848,albon,0.05
2020,16,848,albon,0.05
2020,17,848,albon,0.05
2022,1,848,albon,0.05
2022,2,848,albon,0.05
2022,3,848,albon,0.05
2022,4,848,albon,0.05
2022,5,848,albon,0.05
2022,6,848,albon,0.05
2022,7,848,albon,0.05
2022,8,848,albon,0.1
2022,9,848,albon,0.1
2022,10,848,albon,0.1
2022,11,848,albon,0.1
2022,12,848,albon,0.1
2022,13,848,albon,0.1
2022,14,848,albon,0.1
2022,15,848,albon,0.05
2022,17,848,albon,0.05
2022,18,848,albon,0.05
2022,19,848,albon,0.05
2022,20,848,albon,0.05
2022,21,848,albon,0.05
2022,22,848,albon,0.05
2023,1,848,albon,0.05
2023,2,848,albon,0.05
2023,3,848,albon,0.1
2023,4,848,albon,0.1
2023,5,848,albon,0.1
2023,6,848,albon,0.1
2023,7,848,albon,0.05
2023,8,848,albon,0.05
2023,9,848,albon,0.05
2023,10,848,albon,0.05
2023,11,848,albon,0.05
2023,12,848,albon,0.05
2023,13,848,albon,0.05
2023,14,848,albon,0.05
2023,15,848,albon,0.05
2023,16,848,albon,0.05
2023,17,848,albon,0.05
2023,18,848,albon,0.05
2023,19,848,albon,0.05
2023,20,848,albon,0.05
2023,21,848,albon,0.05
2023,22,848,albon,0.05
2024,1,848,albon,0.0
2024,2,848,albon,0.0
2024,3,848,albon,0.0
2024,4,848,albon,0.0
2024,5,848,albon,0.0
2024,6,848,albon,0.0
2024,7,848,albon,0.0
2024,8,848,albon,0.0
2024,9,848,albon,0.0
2024,10,848,albon,0.0
2024,11,848,albon,0.0
2024,12,848,albon,0.0
2024,13,848,albon,0.0
2024,14,848,albon,0.0
2024,15,848,albon,0.0
2024,16,848,albon,0.0
2024,17,848,albon,0.0
2024,18,848,albon,0.0
2024,19,848,albon,0.05
2024,20,848,albon,0.05
2024,21,848,albon,0.05
2024,22,848,albon,0.05
2024,23,848,albon,0.1
2024,24,848,albon,0.1
2020,1,849,latifi,
2020,2,849,latifi,0.0
2020,3,849,latifi,0.0
2020,4,849,latifi,0.0
2020,5,849,latifi,0.0
2020,6,849,latifi,0.0
2020,7,849,latifi,0.0
2020,8,849,latifi,0.0
2020,9,849,latifi,0.0
2020,10,849,latifi,0.0
2020,11,849,latifi,0.0
2020,12,849,latifi,0.0
2020,13,849,latifi,0.0
2020,14,849,latifi,0.0
2020,15,849,latifi,0.0
2020,16,849,latifi,0.0
2020,17,849,latifi,0.0625
2021,1,849,latifi,0.058823529411764705
2021,2,849,latifi,0.05555555555555555
2021,3,849,latifi,0.05263157894736842
2021,4,849,latifi,0.05
2021,5,849,latifi,0.05
2021,6,849,latifi,0.05
2021,7,849,latifi,0.05
2021,8,849,latifi,0.05
2021,9,849,latifi,0.05
2021,10,849,latifi,0.05
2021,11,849,latifi,0.05
2021,12,849,latifi,0.05
2021,13,849,latifi,0.05
2021,14,849,latifi,0.05
2021,15,849,latifi,0.05
2021,16,849,latifi,0.05
2021,17,849,latifi,0.05
2021,18,849,latifi,0.05
2021,19,849,latifi,0.05
2021,20,849,latifi,0.0
2021,21,849,latifi,0.0
2021,22,849,latifi,0.0
2022,1,849,latifi,0.0
2022,2,849,latifi,0.0
2022,3,849,latifi,0.0
2022,4,849,latifi,0.0
2022,5,849,latifi,0.0
2022,6,849,latifi,0.0
2022,7,849,latifi,0.0
2022,8,849,latifi,0.0
2022,9,849,latifi,0.0
2022,10,849,latifi,0.0
2022,11,849,latifi,0.0
2022,12,849,latifi,0.0
2022,13,849,latifi,0.0
2022,14,849,latifi,0.0
2022,15,849,latifi,0.0
2022,16,849,latifi,0.0
2022,17,849,latifi,0.0
2022,18,849,latifi,0.0
2022,19,849,latifi,0.0
2022,20,849,latifi,0.0
2022,21,849,latifi,0.0
2022,22,849,latifi,0.0
2020,16,850,pietro_fittipaldi,
2020,17,850,pietro_fittipaldi,0.0
2020,16,851,aitken,
2021,1,852,tsunoda,
2021,2,852,tsunoda,0.0
2021,3,852,tsunoda,0.0
2021,4,852,tsunoda,0.0
2021,5,852,tsunoda,0.25
2021,6,852,tsunoda,0.2
2021,7,852,tsunoda,0.16666666666666666
2021,8,852,tsunoda,0.14285714285714285
2021,9,852,tsunoda,0.125
2021,10,852,tsunoda,0.1111111111111111
2021,11,852,tsunoda,0.1
2021,12,852,tsunoda,0.09090909090909091
2021,13,852,tsunoda,0.08333333333333333
2021,14,852,tsunoda,0.15384615384615385
2021,15,852,tsunoda,0.14285714285714285
2021,16,852,tsunoda,0.13333333333333333
2021,17,852,tsunoda,0.125
2021,18,852,tsunoda,0.11764705882352941
2021,19,852,tsunoda,0.1111111111111111
2021,20,852,tsunoda,0.10526315789473684
2021,21,852,tsunoda,0.1
2021,22,852,tsunoda,0.1
2022,1,852,tsunoda,0.1
2022,2,852,tsunoda,0.1
2022,3,852,tsunoda,0.05
2022,4,852,tsunoda,0.05
2022,5,852,tsunoda,0.05
2022,6,852,tsunoda,0.05
2022,7,852,tsunoda,0.05
2022,8,852,tsunoda,0.05
2022,9,852,tsunoda,0.05
2022,10,852,tsunoda,0.05
2022,11,852,tsunoda,0.05
2022,12,852,tsunoda,0.0
2022,13,852,tsunoda,0.0
2022,14,852,tsunoda,0.0
2022,15,852,tsunoda,0.0
2022,16,852,tsunoda,0.05
2022,17,852,tsunoda,0.05
2022,18,852,tsunoda,0.05
2022,19,852,tsunoda,0.05
2022,20,852,tsunoda,0.05
2022,21,852,tsunoda,0.05
2022,22,852,tsunoda,0.05
2023,1,852,tsunoda,0.05
2023,2,852,tsunoda,0.05
2023,3,852,tsunoda,0.05
2023,4,852,tsunoda,0.05
2023,5,852,tsunoda,0.05
2023,6,852,tsunoda,0.05
2023,7,852,tsunoda,0.05
2023,8,852,tsunoda,0.05
2023,9,852,tsunoda,0.05
2023,10,852,tsunoda,0.05
2023,11,852,tsunoda,0.05
2023,12,852,tsunoda,0.05
2023,13,852,tsunoda,0.05
2023,14,852,tsunoda,0.0
2023,15,852,tsunoda,0.0
2023,16,852,tsunoda,0.0
2023,17,852,tsunoda,0.0
2023,18,852,tsunoda,0.0
2023,19,852,tsunoda,0.0
2023,20,852,tsunoda,0.0
2023,21,852,tsunoda,0.0
2023,22,852,tsunoda,0.0
2024,1,852,tsunoda,0.0
2024,2,852,tsunoda,0.0
2024,3,852,tsunoda,0.0
2024,4,852,tsunoda,0.0
2024,5,852,tsunoda,0.0
2024,6,852,tsunoda,0.0
2024,7,852,tsunoda,0.0
2024,8,852,tsunoda,0.0
2024,9,852,tsunoda,0.0
2024,10,852,tsunoda,0.0
2024,11,852,tsunoda,0.0
2024,12,852,tsunoda,0.0
2024,13,852,tsunoda,0.0
2024,14,852,tsunoda,0.0
2024,15,852,tsunoda,0.0
2024,16,852,tsunoda,0.0
2024,17,852,tsunoda,0.05
2024,18,852,tsunoda,0.05
2024,19,852,tsunoda,0.05
2024,20,852,tsunoda,0.05
2024,21,852,tsunoda,0.05
2024,22,852,tsunoda,0.05
2024,23,852,tsunoda,0.05
2024,24,852,tsunoda,0.05
2021,1,853,mazepin,
2021,2,853,mazepin,0.0
2021,3,853,mazepin,0.0
2021,4,853,mazepin,0.0
2021,5,853,mazepin,0.0
2021,6,853,mazepin,0.0
2021,7,853,mazepin,0.0
2021,8,853,mazepin,0.0
2021,9,853,mazepin,0.0
2021,10,853,mazepin,0.0
2021,11,853,mazepin,0.0
2021,12,853,mazepin,0.0
2021,13,853,mazepin,0.0
2021,14,853,mazepin,0.07692307692307693
2021,15,853,mazepin,0.14285714285714285
2021,16,853,mazepin,0.13333333333333333
2021,17,853,mazepin,0.125
2021,18,853,mazepin,0.11764705882352941
2021,19,853,mazepin,0.1111111111111111
2021,20,853,mazepin,0.10526315789473684
2021,21,853,mazepin,0.1
2021,22,853,mazepin,0.1
2021,1,854,mick_schumacher,
2021,2,854,mick_schumacher,0.0
2021,3,854,mick_schumacher,0.0
2021,4,854,mick_schumacher,0.0
2021,5,854,mick_schumacher,0.0
2021,6,854,mick_schumacher,0.0
2021,7,854,mick_schumacher,0.0
2021,8,854,mick_schumacher,0.0
2021,9,854,mick_schumacher,0.0
2021,10,854,mick_schumacher,0.0
2021,11,854,mick_schumacher,0.0
2021,12,854,mick_schumacher,0.0
2021,13,854,mick_schumacher,0.0
2021,14,854,mick_schumacher,0.0
2021,15,854,mick_schumacher,0.0
2021,16,854,mick_schumacher,0.06666666666666667
2021,17,854,mick_schumacher,0.0625
2021,18,854,mick_schumacher,0.058823529411764705
2021,19,854,mick_schumacher,0.05555555555555555
2021,20,854,mick_schumacher,0.05263157894736842
2021,21,854,mick_schumacher,0.05
2021,22,854,mick_schumacher,0.05
2022,1,854,mick_schumacher,0.05
2022,2,854,mick_schumacher,0.05
2022,3,854,mick_schumacher,0.05
2022,4,854,mick_schumacher,0.05
2022,5,854,mick_schumacher,0.05
2022,6,854,mick_schumacher,0.05
2022,7,854,mick_schumacher,0.05
2022,8,854,mick_schumacher,0.05
2022,9,854,mick_schumacher,0.05
2022,10,854,mick_schumacher,0.1
2022,11,854,mick_schumacher,0.1
2022,12,854,mick_schumacher,0.1
2022,13,854,mick_schumacher,0.1
2022,14,854,mick_schumacher,0.05
2022,15,854,mick_schumacher,0.05
2022,16,854,mick_schumacher,0.05
2022,17,854,mick_schumacher,0.05
2022,18,854,mick_schumacher,0.05
2022,19,854,mick_schumacher,0.05
2022,20,854,mick_schumacher,0.05
2022,21,854,mick_schumacher,0.05
2022,22,854,mick_schumacher,0.05
2022,1,855,zhou,
2022,2,855,zhou,0.0
2022,3,855,zhou,0.0
2022,4,855,zhou,0.0
2022,5,855,zhou,0.0
2022,6,855,zhou,0.2
2022,7,855,zhou,0.3333333333333333
2022,8,855,zhou,0.2857142857142857
2022,9,855,zhou,0.375
2022,10,855,zhou,0.3333333333333333
2022,11,855,zhou,0.3
2022,12,855,zhou,0.2727272727272727
2022,13,855,zhou,0.25
2022,14,855,zhou,0.23076923076923078
2022,15,855,zhou,0.21428571428571427
2022,16,855,zhou,0.2
2022,17,855,zhou,0.1875
2022,18,855,zhou,0.17647058823529413
2022,19,855,zhou,0.16666666666666666
2022,20,855,zhou,0.15789473684210525
2022,21,855,zhou,0.15
2022,22,855,zhou,0.15
2023,1,855,zhou,0.15
2023,2,855,zhou,0.15
2023,3,855,zhou,0.15
2023,4,855,zhou,0.1
2023,5,855,zhou,0.1
2023,6,855,zhou,0.1
2023,7,855,zhou,0.05
2023,8,855,zhou,0.05
2023,9,855,zhou,0.05
2023,10,855,zhou,0.05
2023,11,855,zhou,0.05
2023,12,855,zhou,0.05
2023,13,855,zhou,0.05
2023,14,855,zhou,0.05
2023,15,855,zhou,0.05
2023,16,855,zhou,0.05
2023,17,855,zhou,0.05
2023,18,855,zhou,0.05
2023,19,855,zhou,0.05
2023,20,855,zhou,0.05
2023,21,855,zhou,0.1
2023,22,855,zhou,0.1
2024,1,855,zhou,0.1
2024,2,855,zhou,0.1
2024,3,855,zhou,0.05
2024,4,855,zhou,0.05
2024,5,855,zhou,0.1
2024,6,855,zhou,0.1
2024,7,855,zhou,0.1
2024,8,855,zhou,0.1
2024,9,855,zhou,0.1
2024,10,855,zhou,0.1
2024,11,855,zhou,0.1
2024,12,855,zhou,0.1
2024,13,855,zhou,0.1
2024,14,855,zhou,0.1
2024,15,855,zhou,0.1
2024,16,855,zhou,0.1
2024,17,855,zhou,0.1
2024,18,855,zhou,0.1
2024,19,855,zhou,0.05
2024,20,855,zhou,0.05
2024,21,855,zhou,0.05
2024,22,855,zhou,0.05
2024,23,855,zhou,0.05
2024,24,855,zhou,0.05
2022,16,856,de_vries,
2023,1,856,de_vries,0.0
2023,2,856,de_vries,0.0
2023,3,856,de_vries,0.0
2023,4,856,de_vries,0.0
2023,5,856,de_vries,0.0
2023,6,856,de_vries,0.0
2023,7,856,de_vries,0.0
2023,8,856,de_vries,0.0
2023,9,856,de_vries,0.0
2023,10,856,de_vries,0.0
2023,1,857,piastri,
2023,2,857,piastri,1.0
2023,3,857,piastri,0.5
2023,4,857,piastri,0.3333333333333333
2023,5,857,piastri,0.25
2023,6,857,piastri,0.2
2023,7,857,piastri,0.16666666666666666
2023,8,857,piastri,0.14285714285714285
2023,9,857,piastri,0.125
2023,10,857,piastri,0.1111111111111111
2023,11,857,piastri,0.1
2023,12,857,piastri,0.09090909090909091
2023,13,857,piastri,0.08333333333333333
2023,14,857,piastri,0.07692307692307693
2023,15,857,piastri,0.07142857142857142
2023,16,857,piastri,0.06666666666666667
2023,17,857,piastri,0.0625
2023,18,857,piastri,0.058823529411764705
2023,19,857,piastri,0.1111111111111111
2023,20,857,piastri,0.10526315789473684
2023,21,857,piastri,0.1
2023,22,857,piastri,0.05
2024,1,857,piastri,0.05
2024,2,857,piastri,0.05
2024,3,857,piastri,0.05
2024,4,857,piastri,0.05
2024,5,857,piastri,0.05
2024,6,857,piastri,0.05
2024,7,857,piastri,0.05
2024,8,857,piastri,0.05
2024,9,857,piastri,0.05
2024,10,857,piastri,0.05
2024,11,857,piastri,0.05
2024,12,857,piastri,0.05
2024,13,857,piastri,0.05
2024,14,857,piastri,0.05
2024,15,857,piastri,0.05
2024,16,857,piastri,0.05
2024,17,857,piastri,0.0
2024,18,857,piastri,0.0
2024,19,857,piastri,0.0
2024,20,857,piastri,0.0
2024,21,857,piastri,0.0
2024,22,857,piastri,0.0
2024,23,857,piastri,0.0
2024,24,857,piastri,0.0
2023,1,858,sargeant,
2023,2,858,sargeant,0.0
2023,3,858,sargeant,0.0
2023,4,858,sargeant,0.0
2023,5,858,sargeant,0.0
2023,6,858,sargeant,0.0
2023,7,858,sargeant,0.0
2023,8,858,sargeant,0.0
2023,9,858,sargeant,0.125
2023,10,858,sargeant,0.1111111111111111
2023,11,858,sargeant,0.1
2023,12,858,sargeant,0.09090909090909091
2023,13,858,sargeant,0.08333333333333333
2023,14,858,sargeant,0.07692307692307693
2023,15,858,sargeant,0.07142857142857142
2023,16,858,sargeant,0.06666666666666667
2023,17,858,sargeant,0.0625
2023,18,858,sargeant,0.058823529411764705
2023,19,858,sargeant,0.05555555555555555
2023,20,858,sargeant,0.05263157894736842
2023,21,858,sargeant,0.05
2023,22,858,sargeant,0.05
2024,1,858,sargeant,0.05
2024,2,858,sargeant,0.05
2024,4,858,sargeant,0.05
2024,5,858,sargeant,0.05
2024,6,858,sargeant,0.05
2024,7,858,sargeant,0.05
2024,8,858,sargeant,0.0
2024,9,858,sargeant,0.0
2024,10,858,sargeant,0.0
2024,11,858,sargeant,0.0
2024,12,858,sargeant,0.0
2024,13,858,sargeant,0.0
2024,14,858,sargeant,0.0
2024,15,858,sargeant,0.0
2023,13,859,lawson,
2023,14,859,lawson,0.0
2023,15,859,lawson,0.0
2023,16,859,lawson,0.0
2023,17,859,lawson,0.0
2024,19,859,lawson,0.0
2024,20,859,lawson,0.0
2024,21,859,lawson,0.0
2024,22,859,lawson,0.0
2024,23,859,lawson,0.0
2024,24,859,lawson,0.0
2024,2,860,bearman,
2024,17,860,bearman,0.0
2024,21,860,bearman,0.0
2024,16,861,colapinto,
2024,17,861,colapinto,0.0
2024,18,861,colapinto,0.0
2024,19,861,colapinto,0.0
2024,20,861,colapinto,0.0
2024,21,861,colapinto,0.0
2024,22,861,colapinto,0.0
2024,23,861,colapinto,0.0
2024,24,861,colapinto,0.0
2024,24,862,doohan,
