cv_year,train_start,train_end,round,model,picked,actual_pos,fantasy_pts,season_frac,half,third,quarter,half_label,third_label,quarter_label
2014,2010,2013,1,ridge,ricciardo,20,0,0.0,1,1,1,H1 (early),T1 (early),Q1 (R1–25%)
2014,2010,2013,1,rf_reg,massa,20,0,0.0,1,1,1,H1 (early),T1 (early),Q1 (R1–25%)
2014,2010,2013,1,rf_clf,sutil,11,18,0.0,1,1,1,H1 (early),T1 (early),Q1 (R1–25%)
2014,2010,2013,1,xgb_reg,bottas,5,8,0.0,1,1,1,H1 (early),T1 (early),Q1 (R1–25%)
2014,2010,2013,1,xgb_clf,sutil,11,18,0.0,1,1,1,H1 (early),T1 (early),Q1 (R1–25%)
2014,2010,2013,1,xgb_ranker,gutierrez,12,15,0.0,1,1,1,H1 (early),T1 (early),Q1 (R1–25%)
2014,2010,2013,1,lgb_reg,bottas,5,8,0.0,1,1,1,H1 (early),T1 (early),Q1 (R1–25%)
2014,2010,2013,1,ensemble,button,3,4,0.0,1,1,1,H1 (early),T1 (early),Q1 (R1–25%)
2014,2010,2013,2,ridge,button,6,10,0.05263157894736842,1,1,1,H1 (early),T1 (early),Q1 (R1–25%)
2014,2010,2013,2,rf_reg,kvyat,10,25,0.05263157894736842,1,1,1,H1 (early),T1 (early),Q1 (R1–25%)
2014,2010,2013,2,rf_clf,perez,20,0,0.05263157894736842,1,1,1,H1 (early),T1 (early),Q1 (R1–25%)
2014,2010,2013,2,xgb_reg,massa,7,12,0.05263157894736842,1,1,1,H1 (early),T1 (early),Q1 (R1–25%)
2014,2010,2013,2,xgb_clf,massa,7,12,0.05263157894736842,1,1,1,H1 (early),T1 (early),Q1 (R1–25%)
2014,2010,2013,2,xgb_ranker,massa,7,12,0.05263157894736842,1,1,1,H1 (early),T1 (early),Q1 (R1–25%)
2014,2010,2013,2,lgb_reg,kvyat,10,25,0.05263157894736842,1,1,1,H1 (early),T1 (early),Q1 (R1–25%)
2014,2010,2013,2,ensemble,kvyat,10,25,0.05263157894736842,1,1,1,H1 (early),T1 (early),Q1 (R1–25%)
2014,2010,2013,3,ridge,bottas,8,15,0.10526315789473684,1,1,1,H1 (early),T1 (early),Q1 (R1–25%)
2014,2010,2013,3,rf_reg,perez,3,4,0.10526315789473684,1,1,1,H1 (early),T1 (early),Q1 (R1–25%)
2014,2010,2013,3,rf_clf,kvyat,11,18,0.10526315789473684,1,1,1,H1 (early),T1 (early),Q1 (R1–25%)
2014,2010,2013,3,xgb_reg,bottas,8,15,0.10526315789473684,1,1,1,H1 (early),T1 (early),Q1 (R1–25%)
2014,2010,2013,3,xgb_clf,hulkenberg,5,8,0.10526315789473684,1,1,1,H1 (early),T1 (early),Q1 (R1–25%)
2014,2010,2013,3,xgb_ranker,gutierrez,19,1,0.10526315789473684,1,1,1,H1 (early),T1 (early),Q1 (R1–25%)
2014,2010,2013,3,lgb_reg,bottas,8,15,0.10526315789473684,1,1,1,H1 (early),T1 (early),Q1 (R1–25%)
2014,2010,2013,3,ensemble,massa,7,12,0.10526315789473684,1,1,1,H1 (early),T1 (early),Q1 (R1–25%)
2014,2010,2013,4,ridge,hulkenberg,6,10,0.15789473684210525,1,1,1,H1 (early),T1 (early),Q1 (R1–25%)
2014,2010,2013,4,rf_reg,massa,15,8,0.15789473684210525,1,1,1,H1 (early),T1 (early),Q1 (R1–25%)
2014,2010,2013,4,rf_clf,kvyat,10,25,0.15789473684210525,1,1,1,H1 (early),T1 (early),Q1 (R1–25%)
2014,2010,2013,4,xgb_reg,massa,15,8,0.15789473684210525,1,1,1,H1 (early),T1 (early),Q1 (R1–25%)
2014,2010,2013,4,xgb_clf,grosjean,20,0,0.15789473684210525,1,1,1,H1 (early),T1 (early),Q1 (R1–25%)
2014,2010,2013,4,xgb_ranker,vergne,12,15,0.15789473684210525,1,1,1,H1 (early),T1 (early),Q1 (R1–25%)
2014,2010,2013,4,lgb_reg,raikkonen,8,15,0.15789473684210525,1,1,1,H1 (early),T1 (early),Q1 (R1–25%)
2014,2010,2013,4,ensemble,raikkonen,8,15,0.15789473684210525,1,1,1,H1 (early),T1 (early),Q1 (R1–25%)
2014,2010,2013,5,ridge,perez,9,18,0.21052631578947367,1,1,1,H1 (early),T1 (early),Q1 (R1–25%)
2014,2010,2013,5,rf_reg,raikkonen,7,12,0.21052631578947367,1,1,1,H1 (early),T1 (early),Q1 (R1–25%)
2014,2010,2013,5,rf_clf,kevin_magnussen,12,15,0.21052631578947367,1,1,1,H1 (early),T1 (early),Q1 (R1–25%)
2014,2010,2013,5,xgb_reg,ricciardo,3,4,0.21052631578947367,1,1,1,H1 (early),T1 (early),Q1 (R1–25%)
2014,2010,2013,5,xgb_clf,kevin_magnussen,12,15,0.21052631578947367,1,1,1,H1 (early),T1 (early),Q1 (R1–25%)
2014,2010,2013,5,xgb_ranker,kevin_magnussen,12,15,0.21052631578947367,1,1,1,H1 (early),T1 (early),Q1 (R1–25%)
2014,2010,2013,5,lgb_reg,button,11,18,0.21052631578947367,1,1,1,H1 (early),T1 (early),Q1 (R1–25%)
2014,2010,2013,5,ensemble,kevin_magnussen,12,15,0.21052631578947367,1,1,1,H1 (early),T1 (early),Q1 (R1–25%)
2014,2010,2013,6,ridge,kvyat,19,1,0.2631578947368421,1,1,2,H1 (early),T1 (early),Q2 (26–50%)
2014,2010,2013,6,rf_reg,ricciardo,3,4,0.2631578947368421,1,1,2,H1 (early),T1 (early),Q2 (26–50%)
2014,2010,2013,6,rf_clf,button,6,10,0.2631578947368421,1,1,2,H1 (early),T1 (early),Q2 (26–50%)
2014,2010,2013,6,xgb_reg,vergne,17,4,0.2631578947368421,1,1,2,H1 (early),T1 (early),Q2 (26–50%)
2014,2010,2013,6,xgb_clf,button,6,10,0.2631578947368421,1,1,2,H1 (early),T1 (early),Q2 (26–50%)
2014,2010,2013,6,xgb_ranker,bottas,16,6,0.2631578947368421,1,1,2,H1 (early),T1 (early),Q2 (26–50%)
2014,2010,2013,6,lgb_reg,kevin_magnussen,10,25,0.2631578947368421,1,1,2,H1 (early),T1 (early),Q2 (26–50%)
2014,2010,2013,6,ensemble,perez,20,0,0.2631578947368421,1,1,2,H1 (early),T1 (early),Q2 (26–50%)
2014,2010,2013,7,ridge,button,4,6,0.3157894736842105,1,1,2,H1 (early),T1 (early),Q2 (26–50%)
2014,2010,2013,7,rf_reg,button,4,6,0.3157894736842105,1,1,2,H1 (early),T1 (early),Q2 (26–50%)
2014,2010,2013,7,rf_clf,perez,11,18,0.3157894736842105,1,1,2,H1 (early),T1 (early),Q2 (26–50%)
2014,2010,2013,7,xgb_reg,button,4,6,0.3157894736842105,1,1,2,H1 (early),T1 (early),Q2 (26–50%)
2014,2010,2013,7,xgb_clf,kevin_magnussen,9,18,0.3157894736842105,1,1,2,H1 (early),T1 (early),Q2 (26–50%)
2014,2010,2013,7,xgb_ranker,button,4,6,0.3157894736842105,1,1,2,H1 (early),T1 (early),Q2 (26–50%)
2014,2010,2013,7,lgb_reg,raikkonen,10,25,0.3157894736842105,1,1,2,H1 (early),T1 (early),Q2 (26–50%)
2014,2010,2013,7,ensemble,button,4,6,0.3157894736842105,1,1,2,H1 (early),T1 (early),Q2 (26–50%)
2014,2010,2013,8,ridge,button,11,18,0.3684210526315789,1,2,2,H1 (early),T2 (mid),Q2 (26–50%)
2014,2010,2013,8,rf_reg,kvyat,20,0,0.3684210526315789,1,2,2,H1 (early),T2 (mid),Q2 (26–50%)
2014,2010,2013,8,rf_clf,grosjean,14,10,0.3684210526315789,1,2,2,H1 (early),T2 (mid),Q2 (26–50%)
2014,2010,2013,8,xgb_reg,raikkonen,10,25,0.3684210526315789,1,2,2,H1 (early),T2 (mid),Q2 (26–50%)
2014,2010,2013,8,xgb_clf,grosjean,14,10,0.3684210526315789,1,2,2,H1 (early),T2 (mid),Q2 (26–50%)
2014,2010,2013,8,xgb_ranker,button,11,18,0.3684210526315789,1,2,2,H1 (early),T2 (mid),Q2 (26–50%)
2014,2010,2013,8,lgb_reg,ricciardo,8,15,0.3684210526315789,1,2,2,H1 (early),T2 (mid),Q2 (26–50%)
2014,2010,2013,8,ensemble,perez,6,10,0.3684210526315789,1,2,2,H1 (early),T2 (mid),Q2 (26–50%)
2014,2010,2013,9,ridge,perez,11,18,0.42105263157894735,1,2,2,H1 (early),T2 (mid),Q2 (26–50%)
2014,2010,2013,9,rf_reg,massa,20,0,0.42105263157894735,1,2,2,H1 (early),T2 (mid),Q2 (26–50%)
2014,2010,2013,9,rf_clf,grosjean,12,15,0.42105263157894735,1,2,2,H1 (early),T2 (mid),Q2 (26–50%)
2014,2010,2013,9,xgb_reg,massa,20,0,0.42105263157894735,1,2,2,H1 (early),T2 (mid),Q2 (26–50%)
2014,2010,2013,9,xgb_clf,vergne,10,25,0.42105263157894735,1,2,2,H1 (early),T2 (mid),Q2 (26–50%)
2014,2010,2013,9,xgb_ranker,vergne,10,25,0.42105263157894735,1,2,2,H1 (early),T2 (mid),Q2 (26–50%)
2014,2010,2013,9,lgb_reg,vergne,10,25,0.42105263157894735,1,2,2,H1 (early),T2 (mid),Q2 (26–50%)
2014,2010,2013,9,ensemble,vergne,10,25,0.42105263157894735,1,2,2,H1 (early),T2 (mid),Q2 (26–50%)
2014,2010,2013,10,ridge,bottas,2,2,0.47368421052631576,1,2,2,H1 (early),T2 (mid),Q2 (26–50%)
2014,2010,2013,10,rf_reg,bottas,2,2,0.47368421052631576,1,2,2,H1 (early),T2 (mid),Q2 (26–50%)
2014,2010,2013,10,rf_clf,bottas,2,2,0.47368421052631576,1,2,2,H1 (early),T2 (mid),Q2 (26–50%)
2014,2010,2013,10,xgb_reg,bottas,2,2,0.47368421052631576,1,2,2,H1 (early),T2 (mid),Q2 (26–50%)
2014,2010,2013,10,xgb_clf,bottas,2,2,0.47368421052631576,1,2,2,H1 (early),T2 (mid),Q2 (26–50%)
2014,2010,2013,10,xgb_ranker,bottas,2,2,0.47368421052631576,1,2,2,H1 (early),T2 (mid),Q2 (26–50%)
2014,2010,2013,10,lgb_reg,bottas,2,2,0.47368421052631576,1,2,2,H1 (early),T2 (mid),Q2 (26–50%)
2014,2010,2013,10,ensemble,bottas,2,2,0.47368421052631576,1,2,2,H1 (early),T2 (mid),Q2 (26–50%)
2014,2010,2013,11,ridge,hulkenberg,20,0,0.5263157894736842,2,2,3,H2 (late),T2 (mid),Q3 (51–75%)
2014,2010,2013,11,rf_reg,massa,5,8,0.5263157894736842,2,2,3,H2 (late),T2 (mid),Q3 (51–75%)
2014,2010,2013,11,rf_clf,grosjean,20,0,0.5263157894736842,2,2,3,H2 (late),T2 (mid),Q3 (51–75%)
2014,2010,2013,11,xgb_reg,hamilton,3,4,0.5263157894736842,2,2,3,H2 (late),T2 (mid),Q3 (51–75%)
2014,2010,2013,11,xgb_clf,maldonado,13,12,0.5263157894736842,2,2,3,H2 (late),T2 (mid),Q3 (51–75%)
2014,2010,2013,11,xgb_ranker,maldonado,13,12,0.5263157894736842,2,2,3,H2 (late),T2 (mid),Q3 (51–75%)
2014,2010,2013,11,lgb_reg,vergne,9,18,0.5263157894736842,2,2,3,H2 (late),T2 (mid),Q3 (51–75%)
2014,2010,2013,11,ensemble,kevin_magnussen,12,15,0.5263157894736842,2,2,3,H2 (late),T2 (mid),Q3 (51–75%)
2014,2010,2013,12,ridge,kevin_magnussen,12,15,0.5789473684210527,2,2,3,H2 (late),T2 (mid),Q3 (51–75%)
2014,2010,2013,12,rf_reg,raikkonen,4,6,0.5789473684210527,2,2,3,H2 (late),T2 (mid),Q3 (51–75%)
2014,2010,2013,12,rf_clf,perez,8,15,0.5789473684210527,2,2,3,H2 (late),T2 (mid),Q3 (51–75%)
2014,2010,2013,12,xgb_reg,kvyat,9,18,0.5789473684210527,2,2,3,H2 (late),T2 (mid),Q3 (51–75%)
2014,2010,2013,12,xgb_clf,grosjean,20,0,0.5789473684210527,2,2,3,H2 (late),T2 (mid),Q3 (51–75%)
2014,2010,2013,12,xgb_ranker,sutil,14,10,0.5789473684210527,2,2,3,H2 (late),T2 (mid),Q3 (51–75%)
2014,2010,2013,12,lgb_reg,kvyat,9,18,0.5789473684210527,2,2,3,H2 (late),T2 (mid),Q3 (51–75%)
2014,2010,2013,12,ensemble,button,6,10,0.5789473684210527,2,2,3,H2 (late),T2 (mid),Q3 (51–75%)
2014,2010,2013,13,ridge,raikkonen,9,18,0.631578947368421,2,2,3,H2 (late),T2 (mid),Q3 (51–75%)
2014,2010,2013,13,rf_reg,raikkonen,9,18,0.631578947368421,2,2,3,H2 (late),T2 (mid),Q3 (51–75%)
2014,2010,2013,13,rf_clf,vergne,13,12,0.631578947368421,2,2,3,H2 (late),T2 (mid),Q3 (51–75%)
2014,2010,2013,13,xgb_reg,button,8,15,0.631578947368421,2,2,3,H2 (late),T2 (mid),Q3 (51–75%)
2014,2010,2013,13,xgb_clf,vergne,13,12,0.631578947368421,2,2,3,H2 (late),T2 (mid),Q3 (51–75%)
2014,2010,2013,13,xgb_ranker,sutil,15,8,0.631578947368421,2,2,3,H2 (late),T2 (mid),Q3 (51–75%)
2014,2010,2013,13,lgb_reg,perez,7,12,0.631578947368421,2,2,3,H2 (late),T2 (mid),Q3 (51–75%)
2014,2010,2013,13,ensemble,raikkonen,9,18,0.631578947368421,2,2,3,H2 (late),T2 (mid),Q3 (51–75%)
2014,2010,2013,14,ridge,kevin_magnussen,10,25,0.6842105263157895,2,3,3,H2 (late),T3 (late),Q3 (51–75%)
2014,2010,2013,14,rf_reg,kvyat,14,10,0.6842105263157895,2,3,3,H2 (late),T3 (late),Q3 (51–75%)
2014,2010,2013,14,rf_clf,perez,7,12,0.6842105263157895,2,3,3,H2 (late),T3 (late),Q3 (51–75%)
2014,2010,2013,14,xgb_reg,grosjean,13,12,0.6842105263157895,2,3,3,H2 (late),T3 (late),Q3 (51–75%)
2014,2010,2013,14,xgb_clf,maldonado,12,15,0.6842105263157895,2,3,3,H2 (late),T3 (late),Q3 (51–75%)
2014,2010,2013,14,xgb_ranker,perez,7,12,0.6842105263157895,2,3,3,H2 (late),T3 (late),Q3 (51–75%)
2014,2010,2013,14,lgb_reg,raikkonen,8,15,0.6842105263157895,2,3,3,H2 (late),T3 (late),Q3 (51–75%)
2014,2010,2013,14,ensemble,kvyat,14,10,0.6842105263157895,2,3,3,H2 (late),T3 (late),Q3 (51–75%)
2014,2010,2013,15,ridge,kevin_magnussen,14,10,0.7368421052631579,2,3,3,H2 (late),T3 (late),Q3 (51–75%)
2014,2010,2013,15,rf_reg,raikkonen,12,15,0.7368421052631579,2,3,3,H2 (late),T3 (late),Q3 (51–75%)
2014,2010,2013,15,rf_clf,vergne,9,18,0.7368421052631579,2,3,3,H2 (late),T3 (late),Q3 (51–75%)
2014,2010,2013,15,xgb_reg,kevin_magnussen,14,10,0.7368421052631579,2,3,3,H2 (late),T3 (late),Q3 (51–75%)
2014,2010,2013,15,xgb_clf,grosjean,15,8,0.7368421052631579,2,3,3,H2 (late),T3 (late),Q3 (51–75%)
2014,2010,2013,15,xgb_ranker,sutil,20,0,0.7368421052631579,2,3,3,H2 (late),T3 (late),Q3 (51–75%)
2014,2010,2013,15,lgb_reg,kevin_magnussen,14,10,0.7368421052631579,2,3,3,H2 (late),T3 (late),Q3 (51–75%)
2014,2010,2013,15,ensemble,raikkonen,12,15,0.7368421052631579,2,3,3,H2 (late),T3 (late),Q3 (51–75%)
2014,2010,2013,16,ridge,kevin_magnussen,5,8,0.7894736842105263,2,3,4,H2 (late),T3 (late),Q4 (76–100%)
2014,2010,2013,16,rf_reg,massa,11,18,0.7894736842105263,2,3,4,H2 (late),T3 (late),Q4 (76–100%)
2014,2010,2013,16,rf_clf,perez,10,25,0.7894736842105263,2,3,4,H2 (late),T3 (late),Q4 (76–100%)
2014,2010,2013,16,xgb_reg,vergne,13,12,0.7894736842105263,2,3,4,H2 (late),T3 (late),Q4 (76–100%)
2014,2010,2013,16,xgb_clf,massa,11,18,0.7894736842105263,2,3,4,H2 (late),T3 (late),Q4 (76–100%)
2014,2010,2013,16,xgb_ranker,massa,11,18,0.7894736842105263,2,3,4,H2 (late),T3 (late),Q4 (76–100%)
2014,2010,2013,16,lgb_reg,vergne,13,12,0.7894736842105263,2,3,4,H2 (late),T3 (late),Q4 (76–100%)
2014,2010,2013,16,ensemble,massa,11,18,0.7894736842105263,2,3,4,H2 (late),T3 (late),Q4 (76–100%)
2014,2010,2013,17,ridge,kevin_magnussen,8,15,0.8421052631578947,2,3,4,H2 (late),T3 (late),Q4 (76–100%)
2014,2010,2013,17,rf_reg,raikkonen,13,12,0.8421052631578947,2,3,4,H2 (late),T3 (late),Q4 (76–100%)
2014,2010,2013,17,rf_clf,vergne,10,25,0.8421052631578947,2,3,4,H2 (late),T3 (late),Q4 (76–100%)
2014,2010,2013,17,xgb_reg,kevin_magnussen,8,15,0.8421052631578947,2,3,4,H2 (late),T3 (late),Q4 (76–100%)
2014,2010,2013,17,xgb_clf,grosjean,11,18,0.8421052631578947,2,3,4,H2 (late),T3 (late),Q4 (76–100%)
2014,2010,2013,17,xgb_ranker,grosjean,11,18,0.8421052631578947,2,3,4,H2 (late),T3 (late),Q4 (76–100%)
2014,2010,2013,17,lgb_reg,raikkonen,13,12,0.8421052631578947,2,3,4,H2 (late),T3 (late),Q4 (76–100%)
2014,2010,2013,17,ensemble,kevin_magnussen,8,15,0.8421052631578947,2,3,4,H2 (late),T3 (late),Q4 (76–100%)
2014,2010,2013,18,ridge,raikkonen,7,12,0.8947368421052632,2,3,4,H2 (late),T3 (late),Q4 (76–100%)
2014,2010,2013,18,rf_reg,raikkonen,7,12,0.8947368421052632,2,3,4,H2 (late),T3 (late),Q4 (76–100%)
2014,2010,2013,18,rf_clf,vergne,13,12,0.8947368421052632,2,3,4,H2 (late),T3 (late),Q4 (76–100%)
2014,2010,2013,18,xgb_reg,kevin_magnussen,9,18,0.8947368421052632,2,3,4,H2 (late),T3 (late),Q4 (76–100%)
2014,2010,2013,18,xgb_clf,grosjean,17,4,0.8947368421052632,2,3,4,H2 (late),T3 (late),Q4 (76–100%)
2014,2010,2013,18,xgb_ranker,grosjean,17,4,0.8947368421052632,2,3,4,H2 (late),T3 (late),Q4 (76–100%)
2014,2010,2013,18,lgb_reg,grosjean,17,4,0.8947368421052632,2,3,4,H2 (late),T3 (late),Q4 (76–100%)
2014,2010,2013,18,ensemble,raikkonen,7,12,0.8947368421052632,2,3,4,H2 (late),T3 (late),Q4 (76–100%)
2014,2010,2013,19,ridge,kevin_magnussen,11,18,0.9473684210526315,2,3,4,H2 (late),T3 (late),Q4 (76–100%)
2014,2010,2013,19,rf_reg,raikkonen,10,25,0.9473684210526315,2,3,4,H2 (late),T3 (late),Q4 (76–100%)
2014,2010,2013,19,rf_clf,perez,7,12,0.9473684210526315,2,3,4,H2 (late),T3 (late),Q4 (76–100%)
2014,2010,2013,19,xgb_reg,ricciardo,4,6,0.9473684210526315,2,3,4,H2 (late),T3 (late),Q4 (76–100%)
2014,2010,2013,19,xgb_clf,perez,7,12,0.9473684210526315,2,3,4,H2 (late),T3 (late),Q4 (76–100%)
2014,2010,2013,19,xgb_ranker,perez,7,12,0.9473684210526315,2,3,4,H2 (late),T3 (late),Q4 (76–100%)
2014,2010,2013,19,lgb_reg,kevin_magnussen,11,18,0.9473684210526315,2,3,4,H2 (late),T3 (late),Q4 (76–100%)
2014,2010,2013,19,ensemble,kevin_magnussen,11,18,0.9473684210526315,2,3,4,H2 (late),T3 (late),Q4 (76–100%)
2015,2011,2014,1,ridge,ricciardo,6,10,0.0,1,1,1,H1 (early),T1 (early),Q1 (R1–25%)
2015,2011,2014,1,rf_reg,ricciardo,6,10,0.0,1,1,1,H1 (early),T1 (early),Q1 (R1–25%)
2015,2011,2014,1,rf_clf,perez,10,25,0.0,1,1,1,H1 (early),T1 (early),Q1 (R1–25%)
2015,2011,2014,1,xgb_reg,maldonado,15,8,0.0,1,1,1,H1 (early),T1 (early),Q1 (R1–25%)
2015,2011,2014,1,xgb_clf,max_verstappen,13,12,0.0,1,1,1,H1 (early),T1 (early),Q1 (R1–25%)
2015,2011,2014,1,xgb_ranker,max_verstappen,13,12,0.0,1,1,1,H1 (early),T1 (early),Q1 (R1–25%)
2015,2011,2014,1,lgb_reg,ricciardo,6,10,0.0,1,1,1,H1 (early),T1 (early),Q1 (R1–25%)
2015,2011,2014,1,ensemble,ricciardo,6,10,0.0,1,1,1,H1 (early),T1 (early),Q1 (R1–25%)
2015,2011,2014,2,ridge,sainz,8,15,0.05263157894736842,1,1,1,H1 (early),T1 (early),Q1 (R1–25%)
2015,2011,2014,2,rf_reg,bottas,5,8,0.05263157894736842,1,1,1,H1 (early),T1 (early),Q1 (R1–25%)
2015,2011,2014,2,rf_clf,sainz,8,15,0.05263157894736842,1,1,1,H1 (early),T1 (early),Q1 (R1–25%)
2015,2011,2014,2,xgb_reg,ricciardo,10,25,0.05263157894736842,1,1,1,H1 (early),T1 (early),Q1 (R1–25%)
2015,2011,2014,2,xgb_clf,nasr,12,15,0.05263157894736842,1,1,1,H1 (early),T1 (early),Q1 (R1–25%)
2015,2011,2014,2,xgb_ranker,sainz,8,15,0.05263157894736842,1,1,1,H1 (early),T1 (early),Q1 (R1–25%)
2015,2011,2014,2,lgb_reg,rosberg,3,4,0.05263157894736842,1,1,1,H1 (early),T1 (early),Q1 (R1–25%)
2015,2011,2014,2,ensemble,nasr,12,15,0.05263157894736842,1,1,1,H1 (early),T1 (early),Q1 (R1–25%)
2015,2011,2014,3,ridge,maldonado,18,2,0.10526315789473684,1,1,1,H1 (early),T1 (early),Q1 (R1–25%)
2015,2011,2014,3,rf_reg,ricciardo,9,18,0.10526315789473684,1,1,1,H1 (early),T1 (early),Q1 (R1–25%)
2015,2011,2014,3,rf_clf,max_verstappen,17,4,0.10526315789473684,1,1,1,H1 (early),T1 (early),Q1 (R1–25%)
2015,2011,2014,3,xgb_reg,raikkonen,4,6,0.10526315789473684,1,1,1,H1 (early),T1 (early),Q1 (R1–25%)
2015,2011,2014,3,xgb_clf,max_verstappen,17,4,0.10526315789473684,1,1,1,H1 (early),T1 (early),Q1 (R1–25%)
2015,2011,2014,3,xgb_ranker,max_verstappen,17,4,0.10526315789473684,1,1,1,H1 (early),T1 (early),Q1 (R1–25%)
2015,2011,2014,3,lgb_reg,ricciardo,9,18,0.10526315789473684,1,1,1,H1 (early),T1 (early),Q1 (R1–25%)
2015,2011,2014,3,ensemble,ricciardo,9,18,0.10526315789473684,1,1,1,H1 (early),T1 (early),Q1 (R1–25%)
2015,2011,2014,4,ridge,ricciardo,6,10,0.15789473684210525,1,1,1,H1 (early),T1 (early),Q1 (R1–25%)
2015,2011,2014,4,rf_reg,ricciardo,6,10,0.15789473684210525,1,1,1,H1 (early),T1 (early),Q1 (R1–25%)
2015,2011,2014,4,rf_clf,max_verstappen,18,2,0.15789473684210525,1,1,1,H1 (early),T1 (early),Q1 (R1–25%)
2015,2011,2014,4,xgb_reg,hulkenberg,13,12,0.15789473684210525,1,1,1,H1 (early),T1 (early),Q1 (R1–25%)
2015,2011,2014,4,xgb_clf,sainz,19,1,0.15789473684210525,1,1,1,H1 (early),T1 (early),Q1 (R1–25%)
2015,2011,2014,4,xgb_ranker,sainz,19,1,0.15789473684210525,1,1,1,H1 (early),T1 (early),Q1 (R1–25%)
2015,2011,2014,4,lgb_reg,hulkenberg,13,12,0.15789473684210525,1,1,1,H1 (early),T1 (early),Q1 (R1–25%)
2015,2011,2014,4,ensemble,hulkenberg,13,12,0.15789473684210525,1,1,1,H1 (early),T1 (early),Q1 (R1–25%)
2015,2011,2014,5,ridge,max_verstappen,11,18,0.21052631578947367,1,1,1,H1 (early),T1 (early),Q1 (R1–25%)
2015,2011,2014,5,rf_reg,ricciardo,7,12,0.21052631578947367,1,1,1,H1 (early),T1 (early),Q1 (R1–25%)
2015,2011,2014,5,rf_clf,nasr,12,15,0.21052631578947367,1,1,1,H1 (early),T1 (early),Q1 (R1–25%)
2015,2011,2014,5,xgb_reg,kvyat,10,25,0.21052631578947367,1,1,1,H1 (early),T1 (early),Q1 (R1–25%)
2015,2011,2014,5,xgb_clf,nasr,12,15,0.21052631578947367,1,1,1,H1 (early),T1 (early),Q1 (R1–25%)
2015,2011,2014,5,xgb_ranker,kvyat,10,25,0.21052631578947367,1,1,1,H1 (early),T1 (early),Q1 (R1–25%)
2015,2011,2014,5,lgb_reg,ricciardo,7,12,0.21052631578947367,1,1,1,H1 (early),T1 (early),Q1 (R1–25%)
2015,2011,2014,5,ensemble,ricciardo,7,12,0.21052631578947367,1,1,1,H1 (early),T1 (early),Q1 (R1–25%)
2015,2011,2014,6,ridge,vettel,2,2,0.2631578947368421,1,1,2,H1 (early),T1 (early),Q2 (26–50%)
2015,2011,2014,6,rf_reg,rosberg,1,1,0.2631578947368421,1,1,2,H1 (early),T1 (early),Q2 (26–50%)
2015,2011,2014,6,rf_clf,vettel,2,2,0.2631578947368421,1,1,2,H1 (early),T1 (early),Q2 (26–50%)
2015,2011,2014,6,xgb_reg,rosberg,1,1,0.2631578947368421,1,1,2,H1 (early),T1 (early),Q2 (26–50%)
2015,2011,2014,6,xgb_clf,vettel,2,2,0.2631578947368421,1,1,2,H1 (early),T1 (early),Q2 (26–50%)
2015,2011,2014,6,xgb_ranker,vettel,2,2,0.2631578947368421,1,1,2,H1 (early),T1 (early),Q2 (26–50%)
2015,2011,2014,6,lgb_reg,rosberg,1,1,0.2631578947368421,1,1,2,H1 (early),T1 (early),Q2 (26–50%)
2015,2011,2014,6,ensemble,vettel,2,2,0.2631578947368421,1,1,2,H1 (early),T1 (early),Q2 (26–50%)
2015,2011,2014,7,ridge,maldonado,7,12,0.3157894736842105,1,1,2,H1 (early),T1 (early),Q2 (26–50%)
2015,2011,2014,7,rf_reg,hulkenberg,8,15,0.3157894736842105,1,1,2,H1 (early),T1 (early),Q2 (26–50%)
2015,2011,2014,7,rf_clf,sainz,12,15,0.3157894736842105,1,1,2,H1 (early),T1 (early),Q2 (26–50%)
2015,2011,2014,7,xgb_reg,sainz,12,15,0.3157894736842105,1,1,2,H1 (early),T1 (early),Q2 (26–50%)
2015,2011,2014,7,xgb_clf,nasr,16,6,0.3157894736842105,1,1,2,H1 (early),T1 (early),Q2 (26–50%)
2015,2011,2014,7,xgb_ranker,sainz,12,15,0.3157894736842105,1,1,2,H1 (early),T1 (early),Q2 (26–50%)
2015,2011,2014,7,lgb_reg,grosjean,10,25,0.3157894736842105,1,1,2,H1 (early),T1 (early),Q2 (26–50%)
2015,2011,2014,7,ensemble,perez,11,18,0.3157894736842105,1,1,2,H1 (early),T1 (early),Q2 (26–50%)
2015,2011,2014,8,ridge,grosjean,15,8,0.3684210526315789,1,2,2,H1 (early),T2 (mid),Q2 (26–50%)
2015,2011,2014,8,rf_reg,hulkenberg,6,10,0.3684210526315789,1,2,2,H1 (early),T2 (mid),Q2 (26–50%)
2015,2011,2014,8,rf_clf,sainz,16,6,0.3684210526315789,1,2,2,H1 (early),T2 (mid),Q2 (26–50%)
2015,2011,2014,8,xgb_reg,maldonado,7,12,0.3684210526315789,1,2,2,H1 (early),T2 (mid),Q2 (26–50%)
2015,2011,2014,8,xgb_clf,ricciardo,10,25,0.3684210526315789,1,2,2,H1 (early),T2 (mid),Q2 (26–50%)
2015,2011,2014,8,xgb_ranker,maldonado,7,12,0.3684210526315789,1,2,2,H1 (early),T2 (mid),Q2 (26–50%)
2015,2011,2014,8,lgb_reg,maldonado,7,12,0.3684210526315789,1,2,2,H1 (early),T2 (mid),Q2 (26–50%)
2015,2011,2014,8,ensemble,grosjean,15,8,0.3684210526315789,1,2,2,H1 (early),T2 (mid),Q2 (26–50%)
2015,2011,2014,9,ridge,kvyat,6,10,0.42105263157894735,1,2,2,H1 (early),T2 (mid),Q2 (26–50%)
2015,2011,2014,9,rf_reg,kvyat,6,10,0.42105263157894735,1,2,2,H1 (early),T2 (mid),Q2 (26–50%)
2015,2011,2014,9,rf_clf,grosjean,17,4,0.42105263157894735,1,2,2,H1 (early),T2 (mid),Q2 (26–50%)
2015,2011,2014,9,xgb_reg,grosjean,17,4,0.42105263157894735,1,2,2,H1 (early),T2 (mid),Q2 (26–50%)
2015,2011,2014,9,xgb_clf,grosjean,17,4,0.42105263157894735,1,2,2,H1 (early),T2 (mid),Q2 (26–50%)
2015,2011,2014,9,xgb_ranker,grosjean,17,4,0.42105263157894735,1,2,2,H1 (early),T2 (mid),Q2 (26–50%)
2015,2011,2014,9,lgb_reg,hulkenberg,7,12,0.42105263157894735,1,2,2,H1 (early),T2 (mid),Q2 (26–50%)
2015,2011,2014,9,ensemble,grosjean,17,4,0.42105263157894735,1,2,2,H1 (early),T2 (mid),Q2 (26–50%)
2015,2011,2014,10,ridge,grosjean,7,12,0.47368421052631576,1,2,2,H1 (early),T2 (mid),Q2 (26–50%)
2015,2011,2014,10,rf_reg,kvyat,2,2,0.47368421052631576,1,2,2,H1 (early),T2 (mid),Q2 (26–50%)
2015,2011,2014,10,rf_clf,max_verstappen,4,6,0.47368421052631576,1,2,2,H1 (early),T2 (mid),Q2 (26–50%)
2015,2011,2014,10,xgb_reg,grosjean,7,12,0.47368421052631576,1,2,2,H1 (early),T2 (mid),Q2 (26–50%)
2015,2011,2014,10,xgb_clf,sainz,17,4,0.47368421052631576,1,2,2,H1 (early),T2 (mid),Q2 (26–50%)
2015,2011,2014,10,xgb_ranker,max_verstappen,4,6,0.47368421052631576,1,2,2,H1 (early),T2 (mid),Q2 (26–50%)
2015,2011,2014,10,lgb_reg,massa,12,15,0.47368421052631576,1,2,2,H1 (early),T2 (mid),Q2 (26–50%)
2015,2011,2014,10,ensemble,grosjean,7,12,0.47368421052631576,1,2,2,H1 (early),T2 (mid),Q2 (26–50%)
2015,2011,2014,11,ridge,rosberg,2,2,0.5263157894736842,2,2,3,H2 (late),T2 (mid),Q3 (51–75%)
2015,2011,2014,11,rf_reg,rosberg,2,2,0.5263157894736842,2,2,3,H2 (late),T2 (mid),Q3 (51–75%)
2015,2011,2014,11,rf_clf,rosberg,2,2,0.5263157894736842,2,2,3,H2 (late),T2 (mid),Q3 (51–75%)
2015,2011,2014,11,xgb_reg,rosberg,2,2,0.5263157894736842,2,2,3,H2 (late),T2 (mid),Q3 (51–75%)
2015,2011,2014,11,xgb_clf,rosberg,2,2,0.5263157894736842,2,2,3,H2 (late),T2 (mid),Q3 (51–75%)
2015,2011,2014,11,xgb_ranker,rosberg,2,2,0.5263157894736842,2,2,3,H2 (late),T2 (mid),Q3 (51–75%)
2015,2011,2014,11,lgb_reg,rosberg,2,2,0.5263157894736842,2,2,3,H2 (late),T2 (mid),Q3 (51–75%)
2015,2011,2014,11,ensemble,rosberg,2,2,0.5263157894736842,2,2,3,H2 (late),T2 (mid),Q3 (51–75%)
2015,2011,2014,12,ridge,maldonado,20,0,0.5789473684210527,2,2,3,H2 (late),T2 (mid),Q3 (51–75%)
2015,2011,2014,12,rf_reg,maldonado,20,0,0.5789473684210527,2,2,3,H2 (late),T2 (mid),Q3 (51–75%)
2015,2011,2014,12,rf_clf,max_verstappen,12,15,0.5789473684210527,2,2,3,H2 (late),T2 (mid),Q3 (51–75%)
2015,2011,2014,12,xgb_reg,grosjean,19,1,0.5789473684210527,2,2,3,H2 (late),T2 (mid),Q3 (51–75%)
2015,2011,2014,12,xgb_clf,maldonado,20,0,0.5789473684210527,2,2,3,H2 (late),T2 (mid),Q3 (51–75%)
2015,2011,2014,12,xgb_ranker,kvyat,10,25,0.5789473684210527,2,2,3,H2 (late),T2 (mid),Q3 (51–75%)
2015,2011,2014,12,lgb_reg,kvyat,10,25,0.5789473684210527,2,2,3,H2 (late),T2 (mid),Q3 (51–75%)
2015,2011,2014,12,ensemble,grosjean,19,1,0.5789473684210527,2,2,3,H2 (late),T2 (mid),Q3 (51–75%)
2015,2011,2014,13,ridge,grosjean,13,12,0.631578947368421,2,2,3,H2 (late),T2 (mid),Q3 (51–75%)
2015,2011,2014,13,rf_reg,grosjean,13,12,0.631578947368421,2,2,3,H2 (late),T2 (mid),Q3 (51–75%)
2015,2011,2014,13,rf_clf,max_verstappen,8,15,0.631578947368421,2,2,3,H2 (late),T2 (mid),Q3 (51–75%)
2015,2011,2014,13,xgb_reg,hamilton,18,2,0.631578947368421,2,2,3,H2 (late),T2 (mid),Q3 (51–75%)
2015,2011,2014,13,xgb_clf,maldonado,12,15,0.631578947368421,2,2,3,H2 (late),T2 (mid),Q3 (51–75%)
2015,2011,2014,13,xgb_ranker,grosjean,13,12,0.631578947368421,2,2,3,H2 (late),T2 (mid),Q3 (51–75%)
2015,2011,2014,13,lgb_reg,massa,19,1,0.631578947368421,2,2,3,H2 (late),T2 (mid),Q3 (51–75%)
2015,2011,2014,13,ensemble,grosjean,13,12,0.631578947368421,2,2,3,H2 (late),T2 (mid),Q3 (51–75%)
2015,2011,2014,14,ridge,perez,12,15,0.6842105263157895,2,3,3,H2 (late),T3 (late),Q3 (51–75%)
2015,2011,2014,14,rf_reg,kvyat,13,12,0.6842105263157895,2,3,3,H2 (late),T3 (late),Q3 (51–75%)
2015,2011,2014,14,rf_clf,max_verstappen,9,18,0.6842105263157895,2,3,3,H2 (late),T3 (late),Q3 (51–75%)
2015,2011,2014,14,xgb_reg,ricciardo,15,8,0.6842105263157895,2,3,3,H2 (late),T3 (late),Q3 (51–75%)
2015,2011,2014,14,xgb_clf,sainz,10,25,0.6842105263157895,2,3,3,H2 (late),T3 (late),Q3 (51–75%)
2015,2011,2014,14,xgb_ranker,sainz,10,25,0.6842105263157895,2,3,3,H2 (late),T3 (late),Q3 (51–75%)
2015,2011,2014,14,lgb_reg,ricciardo,15,8,0.6842105263157895,2,3,3,H2 (late),T3 (late),Q3 (51–75%)
2015,2011,2014,14,ensemble,perez,12,15,0.6842105263157895,2,3,3,H2 (late),T3 (late),Q3 (51–75%)
2015,2011,2014,15,ridge,hulkenberg,19,1,0.7368421052631579,2,3,3,H2 (late),T3 (late),Q3 (51–75%)
2015,2011,2014,15,rf_reg,massa,4,6,0.7368421052631579,2,3,3,H2 (late),T3 (late),Q3 (51–75%)
2015,2011,2014,15,rf_clf,max_verstappen,10,25,0.7368421052631579,2,3,3,H2 (late),T3 (late),Q3 (51–75%)
2015,2011,2014,15,xgb_reg,grosjean,17,4,0.7368421052631579,2,3,3,H2 (late),T3 (late),Q3 (51–75%)
2015,2011,2014,15,xgb_clf,button,9,18,0.7368421052631579,2,3,3,H2 (late),T3 (late),Q3 (51–75%)
2015,2011,2014,15,xgb_ranker,maldonado,7,12,0.7368421052631579,2,3,3,H2 (late),T3 (late),Q3 (51–75%)
2015,2011,2014,15,lgb_reg,ricciardo,15,8,0.7368421052631579,2,3,3,H2 (late),T3 (late),Q3 (51–75%)
2015,2011,2014,15,ensemble,ricciardo,15,8,0.7368421052631579,2,3,3,H2 (late),T3 (late),Q3 (51–75%)
2015,2011,2014,16,ridge,rosberg,2,2,0.7894736842105263,2,3,4,H2 (late),T3 (late),Q4 (76–100%)
2015,2011,2014,16,rf_reg,rosberg,2,2,0.7894736842105263,2,3,4,H2 (late),T3 (late),Q4 (76–100%)
2015,2011,2014,16,rf_clf,rosberg,2,2,0.7894736842105263,2,3,4,H2 (late),T3 (late),Q4 (76–100%)
2015,2011,2014,16,xgb_reg,rosberg,2,2,0.7894736842105263,2,3,4,H2 (late),T3 (late),Q4 (76–100%)
2015,2011,2014,16,xgb_clf,hamilton,1,1,0.7894736842105263,2,3,4,H2 (late),T3 (late),Q4 (76–100%)
2015,2011,2014,16,xgb_ranker,hamilton,1,1,0.7894736842105263,2,3,4,H2 (late),T3 (late),Q4 (76–100%)
2015,2011,2014,16,lgb_reg,rosberg,2,2,0.7894736842105263,2,3,4,H2 (late),T3 (late),Q4 (76–100%)
2015,2011,2014,16,ensemble,rosberg,2,2,0.7894736842105263,2,3,4,H2 (late),T3 (late),Q4 (76–100%)
2015,2011,2014,17,ridge,max_verstappen,9,18,0.8421052631578947,2,3,4,H2 (late),T3 (late),Q4 (76–100%)
2015,2011,2014,17,rf_reg,hulkenberg,7,12,0.8421052631578947,2,3,4,H2 (late),T3 (late),Q4 (76–100%)
2015,2011,2014,17,rf_clf,grosjean,10,25,0.8421052631578947,2,3,4,H2 (late),T3 (late),Q4 (76–100%)
2015,2011,2014,17,xgb_reg,raikkonen,19,1,0.8421052631578947,2,3,4,H2 (late),T3 (late),Q4 (76–100%)
2015,2011,2014,17,xgb_clf,grosjean,10,25,0.8421052631578947,2,3,4,H2 (late),T3 (late),Q4 (76–100%)
2015,2011,2014,17,xgb_ranker,grosjean,10,25,0.8421052631578947,2,3,4,H2 (late),T3 (late),Q4 (76–100%)
2015,2011,2014,17,lgb_reg,sainz,13,12,0.8421052631578947,2,3,4,H2 (late),T3 (late),Q4 (76–100%)
2015,2011,2014,17,ensemble,hulkenberg,7,12,0.8421052631578947,2,3,4,H2 (late),T3 (late),Q4 (76–100%)
2015,2011,2014,18,ridge,perez,12,15,0.8947368421052632,2,3,4,H2 (late),T3 (late),Q4 (76–100%)
2015,2011,2014,18,rf_reg,hulkenberg,6,10,0.8947368421052632,2,3,4,H2 (late),T3 (late),Q4 (76–100%)
2015,2011,2014,18,rf_clf,grosjean,8,15,0.8947368421052632,2,3,4,H2 (late),T3 (late),Q4 (76–100%)
2015,2011,2014,18,xgb_reg,hulkenberg,6,10,0.8947368421052632,2,3,4,H2 (late),T3 (late),Q4 (76–100%)
2015,2011,2014,18,xgb_clf,nasr,13,12,0.8947368421052632,2,3,4,H2 (late),T3 (late),Q4 (76–100%)
2015,2011,2014,18,xgb_ranker,nasr,13,12,0.8947368421052632,2,3,4,H2 (late),T3 (late),Q4 (76–100%)
2015,2011,2014,18,lgb_reg,alonso,15,8,0.8947368421052632,2,3,4,H2 (late),T3 (late),Q4 (76–100%)
2015,2011,2014,18,ensemble,hulkenberg,6,10,0.8947368421052632,2,3,4,H2 (late),T3 (late),Q4 (76–100%)
2015,2011,2014,19,ridge,hulkenberg,7,12,0.9473684210526315,2,3,4,H2 (late),T3 (late),Q4 (76–100%)
2015,2011,2014,19,rf_reg,kvyat,10,25,0.9473684210526315,2,3,4,H2 (late),T3 (late),Q4 (76–100%)
2015,2011,2014,19,rf_clf,grosjean,9,18,0.9473684210526315,2,3,4,H2 (late),T3 (late),Q4 (76–100%)
2015,2011,2014,19,xgb_reg,ricciardo,6,10,0.9473684210526315,2,3,4,H2 (late),T3 (late),Q4 (76–100%)
2015,2011,2014,19,xgb_clf,sainz,11,18,0.9473684210526315,2,3,4,H2 (late),T3 (late),Q4 (76–100%)
2015,2011,2014,19,xgb_ranker,kvyat,10,25,0.9473684210526315,2,3,4,H2 (late),T3 (late),Q4 (76–100%)
2015,2011,2014,19,lgb_reg,hulkenberg,7,12,0.9473684210526315,2,3,4,H2 (late),T3 (late),Q4 (76–100%)
2015,2011,2014,19,ensemble,hulkenberg,7,12,0.9473684210526315,2,3,4,H2 (late),T3 (late),Q4 (76–100%)
2016,2012,2015,1,ridge,massa,5,8,0.0,1,1,1,H1 (early),T1 (early),Q1 (R1–25%)
2016,2012,2015,1,rf_reg,max_verstappen,10,25,0.0,1,1,1,H1 (early),T1 (early),Q1 (R1–25%)
2016,2012,2015,1,rf_clf,kvyat,20,0,0.0,1,1,1,H1 (early),T1 (early),Q1 (R1–25%)
2016,2012,2015,1,xgb_reg,max_verstappen,10,25,0.0,1,1,1,H1 (early),T1 (early),Q1 (R1–25%)
2016,2012,2015,1,xgb_clf,sainz,9,18,0.0,1,1,1,H1 (early),T1 (early),Q1 (R1–25%)
2016,2012,2015,1,xgb_ranker,button,14,10,0.0,1,1,1,H1 (early),T1 (early),Q1 (R1–25%)
2016,2012,2015,1,lgb_reg,max_verstappen,10,25,0.0,1,1,1,H1 (early),T1 (early),Q1 (R1–25%)
2016,2012,2015,1,ensemble,max_verstappen,10,25,0.0,1,1,1,H1 (early),T1 (early),Q1 (R1–25%)
2016,2012,2015,2,ridge,hulkenberg,15,8,0.047619047619047616,1,1,1,H1 (early),T1 (early),Q1 (R1–25%)
2016,2012,2015,2,rf_reg,massa,8,15,0.047619047619047616,1,1,1,H1 (early),T1 (early),Q1 (R1–25%)
2016,2012,2015,2,rf_clf,kvyat,7,12,0.047619047619047616,1,1,1,H1 (early),T1 (early),Q1 (R1–25%)
2016,2012,2015,2,xgb_reg,grosjean,5,8,0.047619047619047616,1,1,1,H1 (early),T1 (early),Q1 (R1–25%)
2016,2012,2015,2,xgb_clf,kvyat,7,12,0.047619047619047616,1,1,1,H1 (early),T1 (early),Q1 (R1–25%)
2016,2012,2015,2,xgb_ranker,kvyat,7,12,0.047619047619047616,1,1,1,H1 (early),T1 (early),Q1 (R1–25%)
2016,2012,2015,2,lgb_reg,grosjean,5,8,0.047619047619047616,1,1,1,H1 (early),T1 (early),Q1 (R1–25%)
2016,2012,2015,2,ensemble,max_verstappen,6,10,0.047619047619047616,1,1,1,H1 (early),T1 (early),Q1 (R1–25%)
2016,2012,2015,3,ridge,massa,6,10,0.09523809523809523,1,1,1,H1 (early),T1 (early),Q1 (R1–25%)
2016,2012,2015,3,rf_reg,massa,6,10,0.09523809523809523,1,1,1,H1 (early),T1 (early),Q1 (R1–25%)
2016,2012,2015,3,rf_clf,max_verstappen,8,15,0.09523809523809523,1,1,1,H1 (early),T1 (early),Q1 (R1–25%)
2016,2012,2015,3,xgb_reg,max_verstappen,8,15,0.09523809523809523,1,1,1,H1 (early),T1 (early),Q1 (R1–25%)
2016,2012,2015,3,xgb_clf,max_verstappen,8,15,0.09523809523809523,1,1,1,H1 (early),T1 (early),Q1 (R1–25%)
2016,2012,2015,3,xgb_ranker,grosjean,19,1,0.09523809523809523,1,1,1,H1 (early),T1 (early),Q1 (R1–25%)
2016,2012,2015,3,lgb_reg,sainz,9,18,0.09523809523809523,1,1,1,H1 (early),T1 (early),Q1 (R1–25%)
2016,2012,2015,3,ensemble,sainz,9,18,0.09523809523809523,1,1,1,H1 (early),T1 (early),Q1 (R1–25%)
2016,2012,2015,4,ridge,kvyat,15,8,0.14285714285714285,1,1,1,H1 (early),T1 (early),Q1 (R1–25%)
2016,2012,2015,4,rf_reg,perez,9,18,0.14285714285714285,1,1,1,H1 (early),T1 (early),Q1 (R1–25%)
2016,2012,2015,4,rf_clf,sainz,12,15,0.14285714285714285,1,1,1,H1 (early),T1 (early),Q1 (R1–25%)
2016,2012,2015,4,xgb_reg,perez,9,18,0.14285714285714285,1,1,1,H1 (early),T1 (early),Q1 (R1–25%)
2016,2012,2015,4,xgb_clf,hulkenberg,20,0,0.14285714285714285,1,1,1,H1 (early),T1 (early),Q1 (R1–25%)
2016,2012,2015,4,xgb_ranker,grosjean,8,15,0.14285714285714285,1,1,1,H1 (early),T1 (early),Q1 (R1–25%)
2016,2012,2015,4,lgb_reg,max_verstappen,19,1,0.14285714285714285,1,1,1,H1 (early),T1 (early),Q1 (R1–25%)
2016,2012,2015,4,ensemble,perez,9,18,0.14285714285714285,1,1,1,H1 (early),T1 (early),Q1 (R1–25%)
2016,2012,2015,5,ridge,sainz,6,10,0.19047619047619047,1,1,1,H1 (early),T1 (early),Q1 (R1–25%)
2016,2012,2015,5,rf_reg,sainz,6,10,0.19047619047619047,1,1,1,H1 (early),T1 (early),Q1 (R1–25%)
2016,2012,2015,5,rf_clf,sainz,6,10,0.19047619047619047,1,1,1,H1 (early),T1 (early),Q1 (R1–25%)
2016,2012,2015,5,xgb_reg,gutierrez,11,18,0.19047619047619047,1,1,1,H1 (early),T1 (early),Q1 (R1–25%)
2016,2012,2015,5,xgb_clf,bottas,5,8,0.19047619047619047,1,1,1,H1 (early),T1 (early),Q1 (R1–25%)
2016,2012,2015,5,xgb_ranker,bottas,5,8,0.19047619047619047,1,1,1,H1 (early),T1 (early),Q1 (R1–25%)
2016,2012,2015,5,lgb_reg,gutierrez,11,18,0.19047619047619047,1,1,1,H1 (early),T1 (early),Q1 (R1–25%)
2016,2012,2015,5,ensemble,sainz,6,10,0.19047619047619047,1,1,1,H1 (early),T1 (early),Q1 (R1–25%)
2016,2012,2015,6,ridge,bottas,12,15,0.23809523809523808,1,1,1,H1 (early),T1 (early),Q1 (R1–25%)
2016,2012,2015,6,rf_reg,alonso,5,8,0.23809523809523808,1,1,1,H1 (early),T1 (early),Q1 (R1–25%)
2016,2012,2015,6,rf_clf,kvyat,20,0,0.23809523809523808,1,1,1,H1 (early),T1 (early),Q1 (R1–25%)
2016,2012,2015,6,xgb_reg,hulkenberg,6,10,0.23809523809523808,1,1,1,H1 (early),T1 (early),Q1 (R1–25%)
2016,2012,2015,6,xgb_clf,hulkenberg,6,10,0.23809523809523808,1,1,1,H1 (early),T1 (early),Q1 (R1–25%)
2016,2012,2015,6,xgb_ranker,grosjean,13,12,0.23809523809523808,1,1,1,H1 (early),T1 (early),Q1 (R1–25%)
2016,2012,2015,6,lgb_reg,perez,3,4,0.23809523809523808,1,1,1,H1 (early),T1 (early),Q1 (R1–25%)
2016,2012,2015,6,ensemble,bottas,12,15,0.23809523809523808,1,1,1,H1 (early),T1 (early),Q1 (R1–25%)
2016,2012,2015,7,ridge,perez,10,25,0.2857142857142857,1,1,2,H1 (early),T1 (early),Q2 (26–50%)
2016,2012,2015,7,rf_reg,massa,20,0,0.2857142857142857,1,1,2,H1 (early),T1 (early),Q2 (26–50%)
2016,2012,2015,7,rf_clf,sainz,9,18,0.2857142857142857,1,1,2,H1 (early),T1 (early),Q2 (26–50%)
2016,2012,2015,7,xgb_reg,sainz,9,18,0.2857142857142857,1,1,2,H1 (early),T1 (early),Q2 (26–50%)
2016,2012,2015,7,xgb_clf,sainz,9,18,0.2857142857142857,1,1,2,H1 (early),T1 (early),Q2 (26–50%)
2016,2012,2015,7,xgb_ranker,grosjean,14,10,0.2857142857142857,1,1,2,H1 (early),T1 (early),Q2 (26–50%)
2016,2012,2015,7,lgb_reg,kvyat,12,15,0.2857142857142857,1,1,2,H1 (early),T1 (early),Q2 (26–50%)
2016,2012,2015,7,ensemble,perez,10,25,0.2857142857142857,1,1,2,H1 (early),T1 (early),Q2 (26–50%)
2016,2012,2015,8,ridge,kvyat,20,0,0.3333333333333333,1,2,2,H1 (early),T2 (mid),Q2 (26–50%)
2016,2012,2015,8,rf_reg,bottas,6,10,0.3333333333333333,1,2,2,H1 (early),T2 (mid),Q2 (26–50%)
2016,2012,2015,8,rf_clf,sainz,20,0,0.3333333333333333,1,2,2,H1 (early),T2 (mid),Q2 (26–50%)
2016,2012,2015,8,xgb_reg,max_verstappen,8,15,0.3333333333333333,1,2,2,H1 (early),T2 (mid),Q2 (26–50%)
2016,2012,2015,8,xgb_clf,bottas,6,10,0.3333333333333333,1,2,2,H1 (early),T2 (mid),Q2 (26–50%)
2016,2012,2015,8,xgb_ranker,kvyat,20,0,0.3333333333333333,1,2,2,H1 (early),T2 (mid),Q2 (26–50%)
2016,2012,2015,8,lgb_reg,kvyat,20,0,0.3333333333333333,1,2,2,H1 (early),T2 (mid),Q2 (26–50%)
2016,2012,2015,8,ensemble,kvyat,20,0,0.3333333333333333,1,2,2,H1 (early),T2 (mid),Q2 (26–50%)
2016,2012,2015,9,ridge,hulkenberg,19,1,0.38095238095238093,1,2,2,H1 (early),T2 (mid),Q2 (26–50%)
2016,2012,2015,9,rf_reg,button,6,10,0.38095238095238093,1,2,2,H1 (early),T2 (mid),Q2 (26–50%)
2016,2012,2015,9,rf_clf,sainz,8,15,0.38095238095238093,1,2,2,H1 (early),T2 (mid),Q2 (26–50%)
2016,2012,2015,9,xgb_reg,max_verstappen,2,2,0.38095238095238093,1,2,2,H1 (early),T2 (mid),Q2 (26–50%)
2016,2012,2015,9,xgb_clf,sainz,8,15,0.38095238095238093,1,2,2,H1 (early),T2 (mid),Q2 (26–50%)
2016,2012,2015,9,xgb_ranker,kvyat,20,0,0.38095238095238093,1,2,2,H1 (early),T2 (mid),Q2 (26–50%)
2016,2012,2015,9,lgb_reg,gutierrez,11,18,0.38095238095238093,1,2,2,H1 (early),T2 (mid),Q2 (26–50%)
2016,2012,2015,9,ensemble,massa,20,0,0.38095238095238093,1,2,2,H1 (early),T2 (mid),Q2 (26–50%)
2016,2012,2015,10,ridge,max_verstappen,2,2,0.42857142857142855,1,2,2,H1 (early),T2 (mid),Q2 (26–50%)
2016,2012,2015,10,rf_reg,max_verstappen,2,2,0.42857142857142855,1,2,2,H1 (early),T2 (mid),Q2 (26–50%)
2016,2012,2015,10,rf_clf,max_verstappen,2,2,0.42857142857142855,1,2,2,H1 (early),T2 (mid),Q2 (26–50%)
2016,2012,2015,10,xgb_reg,max_verstappen,2,2,0.42857142857142855,1,2,2,H1 (early),T2 (mid),Q2 (26–50%)
2016,2012,2015,10,xgb_clf,max_verstappen,2,2,0.42857142857142855,1,2,2,H1 (early),T2 (mid),Q2 (26–50%)
2016,2012,2015,10,xgb_ranker,max_verstappen,2,2,0.42857142857142855,1,2,2,H1 (early),T2 (mid),Q2 (26–50%)
2016,2012,2015,10,lgb_reg,max_verstappen,2,2,0.42857142857142855,1,2,2,H1 (early),T2 (mid),Q2 (26–50%)
2016,2012,2015,10,ensemble,max_verstappen,2,2,0.42857142857142855,1,2,2,H1 (early),T2 (mid),Q2 (26–50%)
2016,2012,2015,11,ridge,perez,11,18,0.47619047619047616,1,2,2,H1 (early),T2 (mid),Q2 (26–50%)
2016,2012,2015,11,rf_reg,sainz,8,15,0.47619047619047616,1,2,2,H1 (early),T2 (mid),Q2 (26–50%)
2016,2012,2015,11,rf_clf,bottas,9,18,0.47619047619047616,1,2,2,H1 (early),T2 (mid),Q2 (26–50%)
2016,2012,2015,11,xgb_reg,raikkonen,6,10,0.47619047619047616,1,2,2,H1 (early),T2 (mid),Q2 (26–50%)
2016,2012,2015,11,xgb_clf,bottas,9,18,0.47619047619047616,1,2,2,H1 (early),T2 (mid),Q2 (26–50%)
2016,2012,2015,11,xgb_ranker,bottas,9,18,0.47619047619047616,1,2,2,H1 (early),T2 (mid),Q2 (26–50%)
2016,2012,2015,11,lgb_reg,kvyat,16,6,0.47619047619047616,1,2,2,H1 (early),T2 (mid),Q2 (26–50%)
2016,2012,2015,11,ensemble,bottas,9,18,0.47619047619047616,1,2,2,H1 (early),T2 (mid),Q2 (26–50%)
2016,2012,2015,12,ridge,massa,20,0,0.5238095238095238,2,2,3,H2 (late),T2 (mid),Q3 (51–75%)
2016,2012,2015,12,rf_reg,massa,20,0,0.5238095238095238,2,2,3,H2 (late),T2 (mid),Q3 (51–75%)
2016,2012,2015,12,rf_clf,sainz,14,10,0.5238095238095238,2,2,3,H2 (late),T2 (mid),Q3 (51–75%)
2016,2012,2015,12,xgb_reg,massa,20,0,0.5238095238095238,2,2,3,H2 (late),T2 (mid),Q3 (51–75%)
2016,2012,2015,12,xgb_clf,gutierrez,11,18,0.5238095238095238,2,2,3,H2 (late),T2 (mid),Q3 (51–75%)
2016,2012,2015,12,xgb_ranker,kvyat,15,8,0.5238095238095238,2,2,3,H2 (late),T2 (mid),Q3 (51–75%)
2016,2012,2015,12,lgb_reg,button,8,15,0.5238095238095238,2,2,3,H2 (late),T2 (mid),Q3 (51–75%)
2016,2012,2015,12,ensemble,massa,20,0,0.5238095238095238,2,2,3,H2 (late),T2 (mid),Q3 (51–75%)
2016,2012,2015,13,ridge,bottas,8,15,0.5714285714285714,2,2,3,H2 (late),T2 (mid),Q3 (51–75%)
2016,2012,2015,13,rf_reg,massa,10,25,0.5714285714285714,2,2,3,H2 (late),T2 (mid),Q3 (51–75%)
2016,2012,2015,13,rf_clf,sainz,20,0,0.5714285714285714,2,2,3,H2 (late),T2 (mid),Q3 (51–75%)
2016,2012,2015,13,xgb_reg,rosberg,1,1,0.5714285714285714,2,2,3,H2 (late),T2 (mid),Q3 (51–75%)
2016,2012,2015,13,xgb_clf,sainz,20,0,0.5714285714285714,2,2,3,H2 (late),T2 (mid),Q3 (51–75%)
2016,2012,2015,13,xgb_ranker,grosjean,13,12,0.5714285714285714,2,2,3,H2 (late),T2 (mid),Q3 (51–75%)
2016,2012,2015,13,lgb_reg,gutierrez,12,15,0.5714285714285714,2,2,3,H2 (late),T2 (mid),Q3 (51–75%)
2016,2012,2015,13,ensemble,bottas,8,15,0.5714285714285714,2,2,3,H2 (late),T2 (mid),Q3 (51–75%)
2016,2012,2015,14,ridge,hulkenberg,10,25,0.6190476190476191,2,2,3,H2 (late),T2 (mid),Q3 (51–75%)
2016,2012,2015,14,rf_reg,perez,8,15,0.6190476190476191,2,2,3,H2 (late),T2 (mid),Q3 (51–75%)
2016,2012,2015,14,rf_clf,gutierrez,13,12,0.6190476190476191,2,2,3,H2 (late),T2 (mid),Q3 (51–75%)
2016,2012,2015,14,xgb_reg,button,12,15,0.6190476190476191,2,2,3,H2 (late),T2 (mid),Q3 (51–75%)
2016,2012,2015,14,xgb_clf,button,12,15,0.6190476190476191,2,2,3,H2 (late),T2 (mid),Q3 (51–75%)
2016,2012,2015,14,xgb_ranker,gutierrez,13,12,0.6190476190476191,2,2,3,H2 (late),T2 (mid),Q3 (51–75%)
2016,2012,2015,14,lgb_reg,gutierrez,13,12,0.6190476190476191,2,2,3,H2 (late),T2 (mid),Q3 (51–75%)
2016,2012,2015,14,ensemble,massa,9,18,0.6190476190476191,2,2,3,H2 (late),T2 (mid),Q3 (51–75%)
2016,2012,2015,15,ridge,alonso,7,12,0.6666666666666666,2,3,3,H2 (late),T3 (late),Q3 (51–75%)
2016,2012,2015,15,rf_reg,hulkenberg,20,0,0.6666666666666666,2,3,3,H2 (late),T3 (late),Q3 (51–75%)
2016,2012,2015,15,rf_clf,hulkenberg,20,0,0.6666666666666666,2,3,3,H2 (late),T3 (late),Q3 (51–75%)
2016,2012,2015,15,xgb_reg,vettel,5,8,0.6666666666666666,2,3,3,H2 (late),T3 (late),Q3 (51–75%)
2016,2012,2015,15,xgb_clf,sainz,14,10,0.6666666666666666,2,3,3,H2 (late),T3 (late),Q3 (51–75%)
2016,2012,2015,15,xgb_ranker,kvyat,9,18,0.6666666666666666,2,3,3,H2 (late),T3 (late),Q3 (51–75%)
2016,2012,2015,15,lgb_reg,perez,8,15,0.6666666666666666,2,3,3,H2 (late),T3 (late),Q3 (51–75%)
2016,2012,2015,15,ensemble,perez,8,15,0.6666666666666666,2,3,3,H2 (late),T3 (late),Q3 (51–75%)
2016,2012,2015,16,ridge,massa,13,12,0.7142857142857143,2,3,3,H2 (late),T3 (late),Q3 (51–75%)
2016,2012,2015,16,rf_reg,bottas,5,8,0.7142857142857143,2,3,3,H2 (late),T3 (late),Q3 (51–75%)
2016,2012,2015,16,rf_clf,sainz,11,18,0.7142857142857143,2,3,3,H2 (late),T3 (late),Q3 (51–75%)
2016,2012,2015,16,xgb_reg,kvyat,14,10,0.7142857142857143,2,3,3,H2 (late),T3 (late),Q3 (51–75%)
2016,2012,2015,16,xgb_clf,sainz,11,18,0.7142857142857143,2,3,3,H2 (late),T3 (late),Q3 (51–75%)
2016,2012,2015,16,xgb_ranker,kvyat,14,10,0.7142857142857143,2,3,3,H2 (late),T3 (late),Q3 (51–75%)
2016,2012,2015,16,lgb_reg,sainz,11,18,0.7142857142857143,2,3,3,H2 (late),T3 (late),Q3 (51–75%)
2016,2012,2015,16,ensemble,massa,13,12,0.7142857142857143,2,3,3,H2 (late),T3 (late),Q3 (51–75%)
2016,2012,2015,17,ridge,hulkenberg,8,15,0.7619047619047619,2,3,4,H2 (late),T3 (late),Q4 (76–100%)
2016,2012,2015,17,rf_reg,hulkenberg,8,15,0.7619047619047619,2,3,4,H2 (late),T3 (late),Q4 (76–100%)
2016,2012,2015,17,rf_clf,sainz,17,4,0.7619047619047619,2,3,4,H2 (late),T3 (late),Q4 (76–100%)
2016,2012,2015,17,xgb_reg,massa,9,18,0.7619047619047619,2,3,4,H2 (late),T3 (late),Q4 (76–100%)
2016,2012,2015,17,xgb_clf,kvyat,13,12,0.7619047619047619,2,3,4,H2 (late),T3 (late),Q4 (76–100%)
2016,2012,2015,17,xgb_ranker,kvyat,13,12,0.7619047619047619,2,3,4,H2 (late),T3 (late),Q4 (76–100%)
2016,2012,2015,17,lgb_reg,massa,9,18,0.7619047619047619,2,3,4,H2 (late),T3 (late),Q4 (76–100%)
2016,2012,2015,17,ensemble,hulkenberg,8,15,0.7619047619047619,2,3,4,H2 (late),T3 (late),Q4 (76–100%)
2016,2012,2015,18,ridge,massa,7,12,0.8095238095238095,2,3,4,H2 (late),T3 (late),Q4 (76–100%)
2016,2012,2015,18,rf_reg,bottas,16,6,0.8095238095238095,2,3,4,H2 (late),T3 (late),Q4 (76–100%)
2016,2012,2015,18,rf_clf,sainz,6,10,0.8095238095238095,2,3,4,H2 (late),T3 (late),Q4 (76–100%)
2016,2012,2015,18,xgb_reg,gutierrez,20,0,0.8095238095238095,2,3,4,H2 (late),T3 (late),Q4 (76–100%)
2016,2012,2015,18,xgb_clf,sainz,6,10,0.8095238095238095,2,3,4,H2 (late),T3 (late),Q4 (76–100%)
2016,2012,2015,18,xgb_ranker,button,9,18,0.8095238095238095,2,3,4,H2 (late),T3 (late),Q4 (76–100%)
2016,2012,2015,18,lgb_reg,hulkenberg,20,0,0.8095238095238095,2,3,4,H2 (late),T3 (late),Q4 (76–100%)
2016,2012,2015,18,ensemble,massa,7,12,0.8095238095238095,2,3,4,H2 (late),T3 (late),Q4 (76–100%)
2016,2012,2015,19,ridge,ricciardo,3,4,0.8571428571428571,2,3,4,H2 (late),T3 (late),Q4 (76–100%)
2016,2012,2015,19,rf_reg,max_verstappen,4,6,0.8571428571428571,2,3,4,H2 (late),T3 (late),Q4 (76–100%)
2016,2012,2015,19,rf_clf,max_verstappen,4,6,0.8571428571428571,2,3,4,H2 (late),T3 (late),Q4 (76–100%)
2016,2012,2015,19,xgb_reg,rosberg,2,2,0.8571428571428571,2,3,4,H2 (late),T3 (late),Q4 (76–100%)
2016,2012,2015,19,xgb_clf,max_verstappen,4,6,0.8571428571428571,2,3,4,H2 (late),T3 (late),Q4 (76–100%)
2016,2012,2015,19,xgb_ranker,max_verstappen,4,6,0.8571428571428571,2,3,4,H2 (late),T3 (late),Q4 (76–100%)
2016,2012,2015,19,lgb_reg,rosberg,2,2,0.8571428571428571,2,3,4,H2 (late),T3 (late),Q4 (76–100%)
2016,2012,2015,19,ensemble,max_verstappen,4,6,0.8571428571428571,2,3,4,H2 (late),T3 (late),Q4 (76–100%)
2016,2012,2015,20,ridge,bottas,11,18,0.9047619047619048,2,3,4,H2 (late),T3 (late),Q4 (76–100%)
2016,2012,2015,20,rf_reg,hulkenberg,7,12,0.9047619047619048,2,3,4,H2 (late),T3 (late),Q4 (76–100%)
2016,2012,2015,20,rf_clf,sainz,6,10,0.9047619047619048,2,3,4,H2 (late),T3 (late),Q4 (76–100%)
2016,2012,2015,20,xgb_reg,hulkenberg,7,12,0.9047619047619048,2,3,4,H2 (late),T3 (late),Q4 (76–100%)
2016,2012,2015,20,xgb_clf,bottas,11,18,0.9047619047619048,2,3,4,H2 (late),T3 (late),Q4 (76–100%)
2016,2012,2015,20,xgb_ranker,bottas,11,18,0.9047619047619048,2,3,4,H2 (late),T3 (late),Q4 (76–100%)
2016,2012,2015,20,lgb_reg,grosjean,20,0,0.9047619047619048,2,3,4,H2 (late),T3 (late),Q4 (76–100%)
2016,2012,2015,20,ensemble,hulkenberg,7,12,0.9047619047619048,2,3,4,H2 (late),T3 (late),Q4 (76–100%)
2016,2012,2015,21,ridge,hulkenberg,7,12,0.9523809523809523,2,3,4,H2 (late),T3 (late),Q4 (76–100%)
2016,2012,2015,21,rf_reg,hulkenberg,7,12,0.9523809523809523,2,3,4,H2 (late),T3 (late),Q4 (76–100%)
2016,2012,2015,21,rf_clf,sainz,18,2,0.9523809523809523,2,3,4,H2 (late),T3 (late),Q4 (76–100%)
2016,2012,2015,21,xgb_reg,sainz,18,2,0.9523809523809523,2,3,4,H2 (late),T3 (late),Q4 (76–100%)
2016,2012,2015,21,xgb_clf,sainz,18,2,0.9523809523809523,2,3,4,H2 (late),T3 (late),Q4 (76–100%)
2016,2012,2015,21,xgb_ranker,sainz,18,2,0.9523809523809523,2,3,4,H2 (late),T3 (late),Q4 (76–100%)
2016,2012,2015,21,lgb_reg,grosjean,11,18,0.9523809523809523,2,3,4,H2 (late),T3 (late),Q4 (76–100%)
2016,2012,2015,21,ensemble,massa,9,18,0.9523809523809523,2,3,4,H2 (late),T3 (late),Q4 (76–100%)
2017,2013,2016,1,ridge,grosjean,20,0,0.0,1,1,1,H1 (early),T1 (early),Q1 (R1–25%)
2017,2013,2016,1,rf_reg,massa,6,10,0.0,1,1,1,H1 (early),T1 (early),Q1 (R1–25%)
2017,2013,2016,1,rf_clf,kvyat,9,18,0.0,1,1,1,H1 (early),T1 (early),Q1 (R1–25%)
2017,2013,2016,1,xgb_reg,ricciardo,17,4,0.0,1,1,1,H1 (early),T1 (early),Q1 (R1–25%)
2017,2013,2016,1,xgb_clf,sainz,8,15,0.0,1,1,1,H1 (early),T1 (early),Q1 (R1–25%)
2017,2013,2016,1,xgb_ranker,kvyat,9,18,0.0,1,1,1,H1 (early),T1 (early),Q1 (R1–25%)
2017,2013,2016,1,lgb_reg,massa,6,10,0.0,1,1,1,H1 (early),T1 (early),Q1 (R1–25%)
2017,2013,2016,1,ensemble,ricciardo,17,4,0.0,1,1,1,H1 (early),T1 (early),Q1 (R1–25%)
2017,2013,2016,2,ridge,stroll,20,0,0.05,1,1,1,H1 (early),T1 (early),Q1 (R1–25%)
2017,2013,2016,2,rf_reg,hulkenberg,12,15,0.05,1,1,1,H1 (early),T1 (early),Q1 (R1–25%)
2017,2013,2016,2,rf_clf,kvyat,17,4,0.05,1,1,1,H1 (early),T1 (early),Q1 (R1–25%)
2017,2013,2016,2,xgb_reg,massa,14,10,0.05,1,1,1,H1 (early),T1 (early),Q1 (R1–25%)
2017,2013,2016,2,xgb_clf,sainz,7,12,0.05,1,1,1,H1 (early),T1 (early),Q1 (R1–25%)
2017,2013,2016,2,xgb_ranker,kvyat,17,4,0.05,1,1,1,H1 (early),T1 (early),Q1 (R1–25%)
2017,2013,2016,2,lgb_reg,max_verstappen,3,4,0.05,1,1,1,H1 (early),T1 (early),Q1 (R1–25%)
2017,2013,2016,2,ensemble,hulkenberg,12,15,0.05,1,1,1,H1 (early),T1 (early),Q1 (R1–25%)
2017,2013,2016,3,ridge,hulkenberg,9,18,0.1,1,1,1,H1 (early),T1 (early),Q1 (R1–25%)
2017,2013,2016,3,rf_reg,hulkenberg,9,18,0.1,1,1,1,H1 (early),T1 (early),Q1 (R1–25%)
2017,2013,2016,3,rf_clf,kvyat,12,15,0.1,1,1,1,H1 (early),T1 (early),Q1 (R1–25%)
2017,2013,2016,3,xgb_reg,grosjean,8,15,0.1,1,1,1,H1 (early),T1 (early),Q1 (R1–25%)
2017,2013,2016,3,xgb_clf,sainz,16,6,0.1,1,1,1,H1 (early),T1 (early),Q1 (R1–25%)
2017,2013,2016,3,xgb_ranker,sainz,16,6,0.1,1,1,1,H1 (early),T1 (early),Q1 (R1–25%)
2017,2013,2016,3,lgb_reg,hulkenberg,9,18,0.1,1,1,1,H1 (early),T1 (early),Q1 (R1–25%)
2017,2013,2016,3,ensemble,hulkenberg,9,18,0.1,1,1,1,H1 (early),T1 (early),Q1 (R1–25%)
2017,2013,2016,4,ridge,massa,9,18,0.15,1,1,1,H1 (early),T1 (early),Q1 (R1–25%)
2017,2013,2016,4,rf_reg,sainz,10,25,0.15,1,1,1,H1 (early),T1 (early),Q1 (R1–25%)
2017,2013,2016,4,rf_clf,sainz,10,25,0.15,1,1,1,H1 (early),T1 (early),Q1 (R1–25%)
2017,2013,2016,4,xgb_reg,massa,9,18,0.15,1,1,1,H1 (early),T1 (early),Q1 (R1–25%)
2017,2013,2016,4,xgb_clf,kvyat,12,15,0.15,1,1,1,H1 (early),T1 (early),Q1 (R1–25%)
2017,2013,2016,4,xgb_ranker,ocon,7,12,0.15,1,1,1,H1 (early),T1 (early),Q1 (R1–25%)
2017,2013,2016,4,lgb_reg,raikkonen,3,4,0.15,1,1,1,H1 (early),T1 (early),Q1 (R1–25%)
2017,2013,2016,4,ensemble,sainz,10,25,0.15,1,1,1,H1 (early),T1 (early),Q1 (R1–25%)
2017,2013,2016,5,ridge,massa,13,12,0.2,1,1,1,H1 (early),T1 (early),Q1 (R1–25%)
2017,2013,2016,5,rf_reg,massa,13,12,0.2,1,1,1,H1 (early),T1 (early),Q1 (R1–25%)
2017,2013,2016,5,rf_clf,ocon,5,8,0.2,1,1,1,H1 (early),T1 (early),Q1 (R1–25%)
2017,2013,2016,5,xgb_reg,kevin_magnussen,14,10,0.2,1,1,1,H1 (early),T1 (early),Q1 (R1–25%)
2017,2013,2016,5,xgb_clf,kevin_magnussen,14,10,0.2,1,1,1,H1 (early),T1 (early),Q1 (R1–25%)
2017,2013,2016,5,xgb_ranker,kevin_magnussen,14,10,0.2,1,1,1,H1 (early),T1 (early),Q1 (R1–25%)
2017,2013,2016,5,lgb_reg,kevin_magnussen,14,10,0.2,1,1,1,H1 (early),T1 (early),Q1 (R1–25%)
2017,2013,2016,5,ensemble,massa,13,12,0.2,1,1,1,H1 (early),T1 (early),Q1 (R1–25%)
2017,2013,2016,6,ridge,sainz,6,10,0.25,1,1,2,H1 (early),T1 (early),Q2 (26–50%)
2017,2013,2016,6,rf_reg,perez,13,12,0.25,1,1,2,H1 (early),T1 (early),Q2 (26–50%)
2017,2013,2016,6,rf_clf,kvyat,14,10,0.25,1,1,2,H1 (early),T1 (early),Q2 (26–50%)
2017,2013,2016,6,xgb_reg,grosjean,8,15,0.25,1,1,2,H1 (early),T1 (early),Q2 (26–50%)
2017,2013,2016,6,xgb_clf,kvyat,14,10,0.25,1,1,2,H1 (early),T1 (early),Q2 (26–50%)
2017,2013,2016,6,xgb_ranker,stroll,15,8,0.25,1,1,2,H1 (early),T1 (early),Q2 (26–50%)
2017,2013,2016,6,lgb_reg,grosjean,8,15,0.25,1,1,2,H1 (early),T1 (early),Q2 (26–50%)
2017,2013,2016,6,ensemble,sainz,6,10,0.25,1,1,2,H1 (early),T1 (early),Q2 (26–50%)
2017,2013,2016,7,ridge,massa,19,1,0.3,1,1,2,H1 (early),T1 (early),Q2 (26–50%)
2017,2013,2016,7,rf_reg,massa,19,1,0.3,1,1,2,H1 (early),T1 (early),Q2 (26–50%)
2017,2013,2016,7,rf_clf,ocon,6,10,0.3,1,1,2,H1 (early),T1 (early),Q2 (26–50%)
2017,2013,2016,7,xgb_reg,perez,5,8,0.3,1,1,2,H1 (early),T1 (early),Q2 (26–50%)
2017,2013,2016,7,xgb_clf,sainz,20,0,0.3,1,1,2,H1 (early),T1 (early),Q2 (26–50%)
2017,2013,2016,7,xgb_ranker,sainz,20,0,0.3,1,1,2,H1 (early),T1 (early),Q2 (26–50%)
2017,2013,2016,7,lgb_reg,perez,5,8,0.3,1,1,2,H1 (early),T1 (early),Q2 (26–50%)
2017,2013,2016,7,ensemble,massa,19,1,0.3,1,1,2,H1 (early),T1 (early),Q2 (26–50%)
2017,2013,2016,8,ridge,massa,16,6,0.35,1,2,2,H1 (early),T2 (mid),Q2 (26–50%)
2017,2013,2016,8,rf_reg,massa,16,6,0.35,1,2,2,H1 (early),T2 (mid),Q2 (26–50%)
2017,2013,2016,8,rf_clf,stroll,3,4,0.35,1,2,2,H1 (early),T2 (mid),Q2 (26–50%)
2017,2013,2016,8,xgb_reg,stroll,3,4,0.35,1,2,2,H1 (early),T2 (mid),Q2 (26–50%)
2017,2013,2016,8,xgb_clf,kvyat,19,1,0.35,1,2,2,H1 (early),T2 (mid),Q2 (26–50%)
2017,2013,2016,8,xgb_ranker,stroll,3,4,0.35,1,2,2,H1 (early),T2 (mid),Q2 (26–50%)
2017,2013,2016,8,lgb_reg,ricciardo,1,1,0.35,1,2,2,H1 (early),T2 (mid),Q2 (26–50%)
2017,2013,2016,8,ensemble,massa,16,6,0.35,1,2,2,H1 (early),T2 (mid),Q2 (26–50%)
2017,2013,2016,9,ridge,ocon,8,15,0.4,1,2,2,H1 (early),T2 (mid),Q2 (26–50%)
2017,2013,2016,9,rf_reg,perez,7,12,0.4,1,2,2,H1 (early),T2 (mid),Q2 (26–50%)
2017,2013,2016,9,rf_clf,ocon,8,15,0.4,1,2,2,H1 (early),T2 (mid),Q2 (26–50%)
2017,2013,2016,9,xgb_reg,perez,7,12,0.4,1,2,2,H1 (early),T2 (mid),Q2 (26–50%)
2017,2013,2016,9,xgb_clf,ocon,8,15,0.4,1,2,2,H1 (early),T2 (mid),Q2 (26–50%)
2017,2013,2016,9,xgb_ranker,vandoorne,12,15,0.4,1,2,2,H1 (early),T2 (mid),Q2 (26–50%)
2017,2013,2016,9,lgb_reg,perez,7,12,0.4,1,2,2,H1 (early),T2 (mid),Q2 (26–50%)
2017,2013,2016,9,ensemble,ocon,8,15,0.4,1,2,2,H1 (early),T2 (mid),Q2 (26–50%)
2017,2013,2016,10,ridge,hulkenberg,6,10,0.45,1,2,2,H1 (early),T2 (mid),Q2 (26–50%)
2017,2013,2016,10,rf_reg,ocon,8,15,0.45,1,2,2,H1 (early),T2 (mid),Q2 (26–50%)
2017,2013,2016,10,rf_clf,ocon,8,15,0.45,1,2,2,H1 (early),T2 (mid),Q2 (26–50%)
2017,2013,2016,10,xgb_reg,ricciardo,5,8,0.45,1,2,2,H1 (early),T2 (mid),Q2 (26–50%)
2017,2013,2016,10,xgb_clf,ocon,8,15,0.45,1,2,2,H1 (early),T2 (mid),Q2 (26–50%)
2017,2013,2016,10,xgb_ranker,ocon,8,15,0.45,1,2,2,H1 (early),T2 (mid),Q2 (26–50%)
2017,2013,2016,10,lgb_reg,ocon,8,15,0.45,1,2,2,H1 (early),T2 (mid),Q2 (26–50%)
2017,2013,2016,10,ensemble,ocon,8,15,0.45,1,2,2,H1 (early),T2 (mid),Q2 (26–50%)
2017,2013,2016,11,ridge,alonso,6,10,0.5,2,2,3,H2 (late),T2 (mid),Q3 (51–75%)
2017,2013,2016,11,rf_reg,perez,8,15,0.5,2,2,3,H2 (late),T2 (mid),Q3 (51–75%)
2017,2013,2016,11,rf_clf,ocon,9,18,0.5,2,2,3,H2 (late),T2 (mid),Q3 (51–75%)
2017,2013,2016,11,xgb_reg,jolyon_palmer,12,15,0.5,2,2,3,H2 (late),T2 (mid),Q3 (51–75%)
2017,2013,2016,11,xgb_clf,kvyat,11,18,0.5,2,2,3,H2 (late),T2 (mid),Q3 (51–75%)
2017,2013,2016,11,xgb_ranker,ocon,9,18,0.5,2,2,3,H2 (late),T2 (mid),Q3 (51–75%)
2017,2013,2016,11,lgb_reg,jolyon_palmer,12,15,0.5,2,2,3,H2 (late),T2 (mid),Q3 (51–75%)
2017,2013,2016,11,ensemble,perez,8,15,0.5,2,2,3,H2 (late),T2 (mid),Q3 (51–75%)
2017,2013,2016,12,ridge,perez,17,4,0.55,2,2,3,H2 (late),T2 (mid),Q3 (51–75%)
2017,2013,2016,12,rf_reg,hulkenberg,6,10,0.55,2,2,3,H2 (late),T2 (mid),Q3 (51–75%)
2017,2013,2016,12,rf_clf,ocon,9,18,0.55,2,2,3,H2 (late),T2 (mid),Q3 (51–75%)
2017,2013,2016,12,xgb_reg,hulkenberg,6,10,0.55,2,2,3,H2 (late),T2 (mid),Q3 (51–75%)
2017,2013,2016,12,xgb_clf,grosjean,7,12,0.55,2,2,3,H2 (late),T2 (mid),Q3 (51–75%)
2017,2013,2016,12,xgb_ranker,jolyon_palmer,13,12,0.55,2,2,3,H2 (late),T2 (mid),Q3 (51–75%)
2017,2013,2016,12,lgb_reg,ocon,9,18,0.55,2,2,3,H2 (late),T2 (mid),Q3 (51–75%)
2017,2013,2016,12,ensemble,hulkenberg,6,10,0.55,2,2,3,H2 (late),T2 (mid),Q3 (51–75%)
2017,2013,2016,13,ridge,perez,9,18,0.6,2,2,3,H2 (late),T2 (mid),Q3 (51–75%)
2017,2013,2016,13,rf_reg,perez,9,18,0.6,2,2,3,H2 (late),T2 (mid),Q3 (51–75%)
2017,2013,2016,13,rf_clf,perez,9,18,0.6,2,2,3,H2 (late),T2 (mid),Q3 (51–75%)
2017,2013,2016,13,xgb_reg,massa,8,15,0.6,2,2,3,H2 (late),T2 (mid),Q3 (51–75%)
2017,2013,2016,13,xgb_clf,perez,9,18,0.6,2,2,3,H2 (late),T2 (mid),Q3 (51–75%)
2017,2013,2016,13,xgb_ranker,perez,9,18,0.6,2,2,3,H2 (late),T2 (mid),Q3 (51–75%)
2017,2013,2016,13,lgb_reg,stroll,7,12,0.6,2,2,3,H2 (late),T2 (mid),Q3 (51–75%)
2017,2013,2016,13,ensemble,perez,9,18,0.6,2,2,3,H2 (late),T2 (mid),Q3 (51–75%)
2017,2013,2016,14,ridge,vandoorne,7,12,0.65,2,2,3,H2 (late),T2 (mid),Q3 (51–75%)
2017,2013,2016,14,rf_reg,hulkenberg,14,10,0.65,2,2,3,H2 (late),T2 (mid),Q3 (51–75%)
2017,2013,2016,14,rf_clf,perez,5,8,0.65,2,2,3,H2 (late),T2 (mid),Q3 (51–75%)
2017,2013,2016,14,xgb_reg,alonso,17,4,0.65,2,2,3,H2 (late),T2 (mid),Q3 (51–75%)
2017,2013,2016,14,xgb_clf,ocon,10,25,0.65,2,2,3,H2 (late),T2 (mid),Q3 (51–75%)
2017,2013,2016,14,xgb_ranker,vandoorne,7,12,0.65,2,2,3,H2 (late),T2 (mid),Q3 (51–75%)
2017,2013,2016,14,lgb_reg,perez,5,8,0.65,2,2,3,H2 (late),T2 (mid),Q3 (51–75%)
2017,2013,2016,14,ensemble,hulkenberg,14,10,0.65,2,2,3,H2 (late),T2 (mid),Q3 (51–75%)
2017,2013,2016,15,ridge,perez,6,10,0.7,2,3,3,H2 (late),T3 (late),Q3 (51–75%)
2017,2013,2016,15,rf_reg,perez,6,10,0.7,2,3,3,H2 (late),T3 (late),Q3 (51–75%)
2017,2013,2016,15,rf_clf,sainz,19,1,0.7,2,3,3,H2 (late),T3 (late),Q3 (51–75%)
2017,2013,2016,15,xgb_reg,vandoorne,7,12,0.7,2,3,3,H2 (late),T3 (late),Q3 (51–75%)
2017,2013,2016,15,xgb_clf,sainz,19,1,0.7,2,3,3,H2 (late),T3 (late),Q3 (51–75%)
2017,2013,2016,15,xgb_ranker,vandoorne,7,12,0.7,2,3,3,H2 (late),T3 (late),Q3 (51–75%)
2017,2013,2016,15,lgb_reg,perez,6,10,0.7,2,3,3,H2 (late),T3 (late),Q3 (51–75%)
2017,2013,2016,15,ensemble,perez,6,10,0.7,2,3,3,H2 (late),T3 (late),Q3 (51–75%)
2017,2013,2016,16,ridge,massa,10,25,0.75,2,3,4,H2 (late),T3 (late),Q4 (76–100%)
2017,2013,2016,16,rf_reg,ocon,6,10,0.75,2,3,4,H2 (late),T3 (late),Q4 (76–100%)
2017,2013,2016,16,rf_clf,stroll,16,6,0.75,2,3,4,H2 (late),T3 (late),Q4 (76–100%)
2017,2013,2016,16,xgb_reg,stroll,16,6,0.75,2,3,4,H2 (late),T3 (late),Q4 (76–100%)
2017,2013,2016,16,xgb_clf,vandoorne,14,10,0.75,2,3,4,H2 (late),T3 (late),Q4 (76–100%)
2017,2013,2016,16,xgb_ranker,stroll,16,6,0.75,2,3,4,H2 (late),T3 (late),Q4 (76–100%)
2017,2013,2016,16,lgb_reg,vandoorne,14,10,0.75,2,3,4,H2 (late),T3 (late),Q4 (76–100%)
2017,2013,2016,16,ensemble,hulkenberg,17,4,0.75,2,3,4,H2 (late),T3 (late),Q4 (76–100%)
2017,2013,2016,17,ridge,sainz,7,12,0.8,2,3,4,H2 (late),T3 (late),Q4 (76–100%)
2017,2013,2016,17,rf_reg,perez,8,15,0.8,2,3,4,H2 (late),T3 (late),Q4 (76–100%)
2017,2013,2016,17,rf_clf,sainz,7,12,0.8,2,3,4,H2 (late),T3 (late),Q4 (76–100%)
2017,2013,2016,17,xgb_reg,alonso,17,4,0.8,2,3,4,H2 (late),T3 (late),Q4 (76–100%)
2017,2013,2016,17,xgb_clf,stroll,11,18,0.8,2,3,4,H2 (late),T3 (late),Q4 (76–100%)
2017,2013,2016,17,xgb_ranker,sainz,7,12,0.8,2,3,4,H2 (late),T3 (late),Q4 (76–100%)
2017,2013,2016,17,lgb_reg,alonso,17,4,0.8,2,3,4,H2 (late),T3 (late),Q4 (76–100%)
2017,2013,2016,17,ensemble,perez,8,15,0.8,2,3,4,H2 (late),T3 (late),Q4 (76–100%)
2017,2013,2016,18,ridge,perez,7,12,0.85,2,3,4,H2 (late),T3 (late),Q4 (76–100%)
2017,2013,2016,18,rf_reg,sainz,16,6,0.85,2,3,4,H2 (late),T3 (late),Q4 (76–100%)
2017,2013,2016,18,rf_clf,sainz,16,6,0.85,2,3,4,H2 (late),T3 (late),Q4 (76–100%)
2017,2013,2016,18,xgb_reg,sainz,16,6,0.85,2,3,4,H2 (late),T3 (late),Q4 (76–100%)
2017,2013,2016,18,xgb_clf,stroll,6,10,0.85,2,3,4,H2 (late),T3 (late),Q4 (76–100%)
2017,2013,2016,18,xgb_ranker,stroll,6,10,0.85,2,3,4,H2 (late),T3 (late),Q4 (76–100%)
2017,2013,2016,18,lgb_reg,sainz,16,6,0.85,2,3,4,H2 (late),T3 (late),Q4 (76–100%)
2017,2013,2016,18,ensemble,sainz,16,6,0.85,2,3,4,H2 (late),T3 (late),Q4 (76–100%)
2017,2013,2016,19,ridge,sainz,11,18,0.9,2,3,4,H2 (late),T3 (late),Q4 (76–100%)
2017,2013,2016,19,rf_reg,ocon,18,2,0.9,2,3,4,H2 (late),T3 (late),Q4 (76–100%)
2017,2013,2016,19,rf_clf,sainz,11,18,0.9,2,3,4,H2 (late),T3 (late),Q4 (76–100%)
2017,2013,2016,19,xgb_reg,ocon,18,2,0.9,2,3,4,H2 (late),T3 (late),Q4 (76–100%)
2017,2013,2016,19,xgb_clf,brendon_hartley,17,4,0.9,2,3,4,H2 (late),T3 (late),Q4 (76–100%)
2017,2013,2016,19,xgb_ranker,hulkenberg,10,25,0.9,2,3,4,H2 (late),T3 (late),Q4 (76–100%)
2017,2013,2016,19,lgb_reg,ocon,18,2,0.9,2,3,4,H2 (late),T3 (late),Q4 (76–100%)
2017,2013,2016,19,ensemble,sainz,11,18,0.9,2,3,4,H2 (late),T3 (late),Q4 (76–100%)
2017,2013,2016,20,ridge,hulkenberg,6,10,0.95,2,3,4,H2 (late),T3 (late),Q4 (76–100%)
2017,2013,2016,20,rf_reg,ocon,8,15,0.95,2,3,4,H2 (late),T3 (late),Q4 (76–100%)
2017,2013,2016,20,rf_clf,ocon,8,15,0.95,2,3,4,H2 (late),T3 (late),Q4 (76–100%)
2017,2013,2016,20,xgb_reg,perez,7,12,0.95,2,3,4,H2 (late),T3 (late),Q4 (76–100%)
2017,2013,2016,20,xgb_clf,ocon,8,15,0.95,2,3,4,H2 (late),T3 (late),Q4 (76–100%)
2017,2013,2016,20,xgb_ranker,ocon,8,15,0.95,2,3,4,H2 (late),T3 (late),Q4 (76–100%)
2017,2013,2016,20,lgb_reg,perez,7,12,0.95,2,3,4,H2 (late),T3 (late),Q4 (76–100%)
2017,2013,2016,20,ensemble,hulkenberg,6,10,0.95,2,3,4,H2 (late),T3 (late),Q4 (76–100%)
2018,2014,2017,1,ridge,kevin_magnussen,17,4,0.0,1,1,1,H1 (early),T1 (early),Q1 (R1–25%)
2018,2014,2017,1,rf_reg,ricciardo,4,6,0.0,1,1,1,H1 (early),T1 (early),Q1 (R1–25%)
2018,2014,2017,1,rf_clf,ocon,12,15,0.0,1,1,1,H1 (early),T1 (early),Q1 (R1–25%)
2018,2014,2017,1,xgb_reg,hulkenberg,7,12,0.0,1,1,1,H1 (early),T1 (early),Q1 (R1–25%)
2018,2014,2017,1,xgb_clf,stroll,14,10,0.0,1,1,1,H1 (early),T1 (early),Q1 (R1–25%)
2018,2014,2017,1,xgb_ranker,stroll,14,10,0.0,1,1,1,H1 (early),T1 (early),Q1 (R1–25%)
2018,2014,2017,1,lgb_reg,hulkenberg,7,12,0.0,1,1,1,H1 (early),T1 (early),Q1 (R1–25%)
2018,2014,2017,1,ensemble,hulkenberg,7,12,0.0,1,1,1,H1 (early),T1 (early),Q1 (R1–25%)
2018,2014,2017,2,ridge,alonso,7,12,0.047619047619047616,1,1,1,H1 (early),T1 (early),Q1 (R1–25%)
2018,2014,2017,2,rf_reg,hulkenberg,6,10,0.047619047619047616,1,1,1,H1 (early),T1 (early),Q1 (R1–25%)
2018,2014,2017,2,rf_clf,sainz,11,18,0.047619047619047616,1,1,1,H1 (early),T1 (early),Q1 (R1–25%)
2018,2014,2017,2,xgb_reg,ricciardo,20,0,0.047619047619047616,1,1,1,H1 (early),T1 (early),Q1 (R1–25%)
2018,2014,2017,2,xgb_clf,vandoorne,8,15,0.047619047619047616,1,1,1,H1 (early),T1 (early),Q1 (R1–25%)
2018,2014,2017,2,xgb_ranker,alonso,7,12,0.047619047619047616,1,1,1,H1 (early),T1 (early),Q1 (R1–25%)
2018,2014,2017,2,lgb_reg,alonso,7,12,0.047619047619047616,1,1,1,H1 (early),T1 (early),Q1 (R1–25%)
2018,2014,2017,2,ensemble,hulkenberg,6,10,0.047619047619047616,1,1,1,H1 (early),T1 (early),Q1 (R1–25%)
2018,2014,2017,3,ridge,sainz,9,18,0.09523809523809523,1,1,1,H1 (early),T1 (early),Q1 (R1–25%)
2018,2014,2017,3,rf_reg,hulkenberg,6,10,0.09523809523809523,1,1,1,H1 (early),T1 (early),Q1 (R1–25%)
2018,2014,2017,3,rf_clf,vandoorne,13,12,0.09523809523809523,1,1,1,H1 (early),T1 (early),Q1 (R1–25%)
2018,2014,2017,3,xgb_reg,hulkenberg,6,10,0.09523809523809523,1,1,1,H1 (early),T1 (early),Q1 (R1–25%)
2018,2014,2017,3,xgb_clf,hulkenberg,6,10,0.09523809523809523,1,1,1,H1 (early),T1 (early),Q1 (R1–25%)
2018,2014,2017,3,xgb_ranker,hulkenberg,6,10,0.09523809523809523,1,1,1,H1 (early),T1 (early),Q1 (R1–25%)
2018,2014,2017,3,lgb_reg,max_verstappen,5,8,0.09523809523809523,1,1,1,H1 (early),T1 (early),Q1 (R1–25%)
2018,2014,2017,3,ensemble,hulkenberg,6,10,0.09523809523809523,1,1,1,H1 (early),T1 (early),Q1 (R1–25%)
2018,2014,2017,4,ridge,ocon,19,1,0.14285714285714285,1,1,1,H1 (early),T1 (early),Q1 (R1–25%)
2018,2014,2017,4,rf_reg,ocon,19,1,0.14285714285714285,1,1,1,H1 (early),T1 (early),Q1 (R1–25%)
2018,2014,2017,4,rf_clf,vandoorne,9,18,0.14285714285714285,1,1,1,H1 (early),T1 (early),Q1 (R1–25%)
2018,2014,2017,4,xgb_reg,sainz,5,8,0.14285714285714285,1,1,1,H1 (early),T1 (early),Q1 (R1–25%)
2018,2014,2017,4,xgb_clf,gasly,12,15,0.14285714285714285,1,1,1,H1 (early),T1 (early),Q1 (R1–25%)
2018,2014,2017,4,xgb_ranker,alonso,7,12,0.14285714285714285,1,1,1,H1 (early),T1 (early),Q1 (R1–25%)
2018,2014,2017,4,lgb_reg,vandoorne,9,18,0.14285714285714285,1,1,1,H1 (early),T1 (early),Q1 (R1–25%)
2018,2014,2017,4,ensemble,sainz,5,8,0.14285714285714285,1,1,1,H1 (early),T1 (early),Q1 (R1–25%)
2018,2014,2017,5,ridge,kevin_magnussen,6,10,0.19047619047619047,1,1,1,H1 (early),T1 (early),Q1 (R1–25%)
2018,2014,2017,5,rf_reg,kevin_magnussen,6,10,0.19047619047619047,1,1,1,H1 (early),T1 (early),Q1 (R1–25%)
2018,2014,2017,5,rf_clf,perez,9,18,0.19047619047619047,1,1,1,H1 (early),T1 (early),Q1 (R1–25%)
2018,2014,2017,5,xgb_reg,perez,9,18,0.19047619047619047,1,1,1,H1 (early),T1 (early),Q1 (R1–25%)
2018,2014,2017,5,xgb_clf,gasly,19,1,0.19047619047619047,1,1,1,H1 (early),T1 (early),Q1 (R1–25%)
2018,2014,2017,5,xgb_ranker,perez,9,18,0.19047619047619047,1,1,1,H1 (early),T1 (early),Q1 (R1–25%)
2018,2014,2017,5,lgb_reg,perez,9,18,0.19047619047619047,1,1,1,H1 (early),T1 (early),Q1 (R1–25%)
2018,2014,2017,5,ensemble,kevin_magnussen,6,10,0.19047619047619047,1,1,1,H1 (early),T1 (early),Q1 (R1–25%)
2018,2014,2017,6,ridge,sainz,10,25,0.23809523809523808,1,1,1,H1 (early),T1 (early),Q1 (R1–25%)
2018,2014,2017,6,rf_reg,sainz,10,25,0.23809523809523808,1,1,1,H1 (early),T1 (early),Q1 (R1–25%)
2018,2014,2017,6,rf_clf,hulkenberg,8,15,0.23809523809523808,1,1,1,H1 (early),T1 (early),Q1 (R1–25%)
2018,2014,2017,6,xgb_reg,alonso,20,0,0.23809523809523808,1,1,1,H1 (early),T1 (early),Q1 (R1–25%)
2018,2014,2017,6,xgb_clf,gasly,7,12,0.23809523809523808,1,1,1,H1 (early),T1 (early),Q1 (R1–25%)
2018,2014,2017,6,xgb_ranker,alonso,20,0,0.23809523809523808,1,1,1,H1 (early),T1 (early),Q1 (R1–25%)
2018,2014,2017,6,lgb_reg,gasly,7,12,0.23809523809523808,1,1,1,H1 (early),T1 (early),Q1 (R1–25%)
2018,2014,2017,6,ensemble,sainz,10,25,0.23809523809523808,1,1,1,H1 (early),T1 (early),Q1 (R1–25%)
2018,2014,2017,7,ridge,hulkenberg,7,12,0.2857142857142857,1,1,2,H1 (early),T1 (early),Q2 (26–50%)
2018,2014,2017,7,rf_reg,hulkenberg,7,12,0.2857142857142857,1,1,2,H1 (early),T1 (early),Q2 (26–50%)
2018,2014,2017,7,rf_clf,alonso,18,2,0.2857142857142857,1,1,2,H1 (early),T1 (early),Q2 (26–50%)
2018,2014,2017,7,xgb_reg,hulkenberg,7,12,0.2857142857142857,1,1,2,H1 (early),T1 (early),Q2 (26–50%)
2018,2014,2017,7,xgb_clf,alonso,18,2,0.2857142857142857,1,1,2,H1 (early),T1 (early),Q2 (26–50%)
2018,2014,2017,7,xgb_ranker,alonso,18,2,0.2857142857142857,1,1,2,H1 (early),T1 (early),Q2 (26–50%)
2018,2014,2017,7,lgb_reg,perez,14,10,0.2857142857142857,1,1,2,H1 (early),T1 (early),Q2 (26–50%)
2018,2014,2017,7,ensemble,hulkenberg,7,12,0.2857142857142857,1,1,2,H1 (early),T1 (early),Q2 (26–50%)
2018,2014,2017,8,ridge,sainz,8,15,0.3333333333333333,1,2,2,H1 (early),T2 (mid),Q2 (26–50%)
2018,2014,2017,8,rf_reg,sainz,8,15,0.3333333333333333,1,2,2,H1 (early),T2 (mid),Q2 (26–50%)
2018,2014,2017,8,rf_clf,hulkenberg,9,18,0.3333333333333333,1,2,2,H1 (early),T2 (mid),Q2 (26–50%)
2018,2014,2017,8,xgb_reg,kevin_magnussen,6,10,0.3333333333333333,1,2,2,H1 (early),T2 (mid),Q2 (26–50%)
2018,2014,2017,8,xgb_clf,ocon,19,1,0.3333333333333333,1,2,2,H1 (early),T2 (mid),Q2 (26–50%)
2018,2014,2017,8,xgb_ranker,ocon,19,1,0.3333333333333333,1,2,2,H1 (early),T2 (mid),Q2 (26–50%)
2018,2014,2017,8,lgb_reg,alonso,16,6,0.3333333333333333,1,2,2,H1 (early),T2 (mid),Q2 (26–50%)
2018,2014,2017,8,ensemble,sainz,8,15,0.3333333333333333,1,2,2,H1 (early),T2 (mid),Q2 (26–50%)
2018,2014,2017,9,ridge,kevin_magnussen,5,8,0.38095238095238093,1,2,2,H1 (early),T2 (mid),Q2 (26–50%)
2018,2014,2017,9,rf_reg,kevin_magnussen,5,8,0.38095238095238093,1,2,2,H1 (early),T2 (mid),Q2 (26–50%)
2018,2014,2017,9,rf_clf,sainz,12,15,0.38095238095238093,1,2,2,H1 (early),T2 (mid),Q2 (26–50%)
2018,2014,2017,9,xgb_reg,sainz,12,15,0.38095238095238093,1,2,2,H1 (early),T2 (mid),Q2 (26–50%)
2018,2014,2017,9,xgb_clf,alonso,8,15,0.38095238095238093,1,2,2,H1 (early),T2 (mid),Q2 (26–50%)
2018,2014,2017,9,xgb_ranker,alonso,8,15,0.38095238095238093,1,2,2,H1 (early),T2 (mid),Q2 (26–50%)
2018,2014,2017,9,lgb_reg,sainz,12,15,0.38095238095238093,1,2,2,H1 (early),T2 (mid),Q2 (26–50%)
2018,2014,2017,9,ensemble,kevin_magnussen,5,8,0.38095238095238093,1,2,2,H1 (early),T2 (mid),Q2 (26–50%)
2018,2014,2017,10,ridge,kevin_magnussen,9,18,0.42857142857142855,1,2,2,H1 (early),T2 (mid),Q2 (26–50%)
2018,2014,2017,10,rf_reg,grosjean,16,6,0.42857142857142855,1,2,2,H1 (early),T2 (mid),Q2 (26–50%)
2018,2014,2017,10,rf_clf,hulkenberg,6,10,0.42857142857142855,1,2,2,H1 (early),T2 (mid),Q2 (26–50%)
2018,2014,2017,10,xgb_reg,kevin_magnussen,9,18,0.42857142857142855,1,2,2,H1 (early),T2 (mid),Q2 (26–50%)
2018,2014,2017,10,xgb_clf,vandoorne,11,18,0.42857142857142855,1,2,2,H1 (early),T2 (mid),Q2 (26–50%)
2018,2014,2017,10,xgb_ranker,vandoorne,11,18,0.42857142857142855,1,2,2,H1 (early),T2 (mid),Q2 (26–50%)
2018,2014,2017,10,lgb_reg,alonso,8,15,0.42857142857142855,1,2,2,H1 (early),T2 (mid),Q2 (26–50%)
2018,2014,2017,10,ensemble,hulkenberg,6,10,0.42857142857142855,1,2,2,H1 (early),T2 (mid),Q2 (26–50%)
2018,2014,2017,11,ridge,ricciardo,20,0,0.47619047619047616,1,2,2,H1 (early),T2 (mid),Q2 (26–50%)
2018,2014,2017,11,rf_reg,sainz,12,15,0.47619047619047616,1,2,2,H1 (early),T2 (mid),Q2 (26–50%)
2018,2014,2017,11,rf_clf,sainz,12,15,0.47619047619047616,1,2,2,H1 (early),T2 (mid),Q2 (26–50%)
2018,2014,2017,11,xgb_reg,ricciardo,20,0,0.47619047619047616,1,2,2,H1 (early),T2 (mid),Q2 (26–50%)
2018,2014,2017,11,xgb_clf,perez,7,12,0.47619047619047616,1,2,2,H1 (early),T2 (mid),Q2 (26–50%)
2018,2014,2017,11,xgb_ranker,gasly,14,10,0.47619047619047616,1,2,2,H1 (early),T2 (mid),Q2 (26–50%)
2018,2014,2017,11,lgb_reg,leclerc,15,8,0.47619047619047616,1,2,2,H1 (early),T2 (mid),Q2 (26–50%)
2018,2014,2017,11,ensemble,sainz,12,15,0.47619047619047616,1,2,2,H1 (early),T2 (mid),Q2 (26–50%)
2018,2014,2017,12,ridge,grosjean,10,25,0.5238095238095238,2,2,3,H2 (late),T2 (mid),Q3 (51–75%)
2018,2014,2017,12,rf_reg,hulkenberg,12,15,0.5238095238095238,2,2,3,H2 (late),T2 (mid),Q3 (51–75%)
2018,2014,2017,12,rf_clf,hulkenberg,12,15,0.5238095238095238,2,2,3,H2 (late),T2 (mid),Q3 (51–75%)
2018,2014,2017,12,xgb_reg,gasly,6,10,0.5238095238095238,2,2,3,H2 (late),T2 (mid),Q3 (51–75%)
2018,2014,2017,12,xgb_clf,alonso,8,15,0.5238095238095238,2,2,3,H2 (late),T2 (mid),Q3 (51–75%)
2018,2014,2017,12,xgb_ranker,alonso,8,15,0.5238095238095238,2,2,3,H2 (late),T2 (mid),Q3 (51–75%)
2018,2014,2017,12,lgb_reg,grosjean,10,25,0.5238095238095238,2,2,3,H2 (late),T2 (mid),Q3 (51–75%)
2018,2014,2017,12,ensemble,grosjean,10,25,0.5238095238095238,2,2,3,H2 (late),T2 (mid),Q3 (51–75%)
2018,2014,2017,13,ridge,ocon,6,10,0.5714285714285714,2,2,3,H2 (late),T2 (mid),Q3 (51–75%)
2018,2014,2017,13,rf_reg,ricciardo,16,6,0.5714285714285714,2,2,3,H2 (late),T2 (mid),Q3 (51–75%)
2018,2014,2017,13,rf_clf,hulkenberg,20,0,0.5714285714285714,2,2,3,H2 (late),T2 (mid),Q3 (51–75%)
2018,2014,2017,13,xgb_reg,kevin_magnussen,8,15,0.5714285714285714,2,2,3,H2 (late),T2 (mid),Q3 (51–75%)
2018,2014,2017,13,xgb_clf,hulkenberg,20,0,0.5714285714285714,2,2,3,H2 (late),T2 (mid),Q3 (51–75%)
2018,2014,2017,13,xgb_ranker,gasly,9,18,0.5714285714285714,2,2,3,H2 (late),T2 (mid),Q3 (51–75%)
2018,2014,2017,13,lgb_reg,gasly,9,18,0.5714285714285714,2,2,3,H2 (late),T2 (mid),Q3 (51–75%)
2018,2014,2017,13,ensemble,kevin_magnussen,8,15,0.5714285714285714,2,2,3,H2 (late),T2 (mid),Q3 (51–75%)
2018,2014,2017,14,ridge,ricciardo,17,4,0.6190476190476191,2,2,3,H2 (late),T2 (mid),Q3 (51–75%)
2018,2014,2017,14,rf_reg,sainz,8,15,0.6190476190476191,2,2,3,H2 (late),T2 (mid),Q3 (51–75%)
2018,2014,2017,14,rf_clf,hulkenberg,13,12,0.6190476190476191,2,2,3,H2 (late),T2 (mid),Q3 (51–75%)
2018,2014,2017,14,xgb_reg,ocon,6,10,0.6190476190476191,2,2,3,H2 (late),T2 (mid),Q3 (51–75%)
2018,2014,2017,14,xgb_clf,alonso,18,2,0.6190476190476191,2,2,3,H2 (late),T2 (mid),Q3 (51–75%)
2018,2014,2017,14,xgb_ranker,perez,7,12,0.6190476190476191,2,2,3,H2 (late),T2 (mid),Q3 (51–75%)
2018,2014,2017,14,lgb_reg,ocon,6,10,0.6190476190476191,2,2,3,H2 (late),T2 (mid),Q3 (51–75%)
2018,2014,2017,14,ensemble,ocon,6,10,0.6190476190476191,2,2,3,H2 (late),T2 (mid),Q3 (51–75%)
2018,2014,2017,15,ridge,perez,16,6,0.6666666666666666,2,3,3,H2 (late),T3 (late),Q3 (51–75%)
2018,2014,2017,15,rf_reg,grosjean,15,8,0.6666666666666666,2,3,3,H2 (late),T3 (late),Q3 (51–75%)
2018,2014,2017,15,rf_clf,ocon,20,0,0.6666666666666666,2,3,3,H2 (late),T3 (late),Q3 (51–75%)
2018,2014,2017,15,xgb_reg,ricciardo,6,10,0.6666666666666666,2,3,3,H2 (late),T3 (late),Q3 (51–75%)
2018,2014,2017,15,xgb_clf,kevin_magnussen,18,2,0.6666666666666666,2,3,3,H2 (late),T3 (late),Q3 (51–75%)
2018,2014,2017,15,xgb_ranker,alonso,7,12,0.6666666666666666,2,3,3,H2 (late),T3 (late),Q3 (51–75%)
2018,2014,2017,15,lgb_reg,kevin_magnussen,18,2,0.6666666666666666,2,3,3,H2 (late),T3 (late),Q3 (51–75%)
2018,2014,2017,15,ensemble,ocon,20,0,0.6666666666666666,2,3,3,H2 (late),T3 (late),Q3 (51–75%)
2018,2014,2017,16,ridge,ricciardo,6,10,0.7142857142857143,2,3,3,H2 (late),T3 (late),Q3 (51–75%)
2018,2014,2017,16,rf_reg,perez,10,25,0.7142857142857143,2,3,3,H2 (late),T3 (late),Q3 (51–75%)
2018,2014,2017,16,rf_clf,hulkenberg,12,15,0.7142857142857143,2,3,3,H2 (late),T3 (late),Q3 (51–75%)
2018,2014,2017,16,xgb_reg,ricciardo,6,10,0.7142857142857143,2,3,3,H2 (late),T3 (late),Q3 (51–75%)
2018,2014,2017,16,xgb_clf,sainz,17,4,0.7142857142857143,2,3,3,H2 (late),T3 (late),Q3 (51–75%)
2018,2014,2017,16,xgb_ranker,perez,10,25,0.7142857142857143,2,3,3,H2 (late),T3 (late),Q3 (51–75%)
2018,2014,2017,16,lgb_reg,leclerc,7,12,0.7142857142857143,2,3,3,H2 (late),T3 (late),Q3 (51–75%)
2018,2014,2017,16,ensemble,perez,10,25,0.7142857142857143,2,3,3,H2 (late),T3 (late),Q3 (51–75%)
2018,2014,2017,17,ridge,ocon,9,18,0.7619047619047619,2,3,4,H2 (late),T3 (late),Q4 (76–100%)
2018,2014,2017,17,rf_reg,perez,7,12,0.7619047619047619,2,3,4,H2 (late),T3 (late),Q4 (76–100%)
2018,2014,2017,17,rf_clf,perez,7,12,0.7619047619047619,2,3,4,H2 (late),T3 (late),Q4 (76–100%)
2018,2014,2017,17,xgb_reg,grosjean,8,15,0.7619047619047619,2,3,4,H2 (late),T3 (late),Q4 (76–100%)
2018,2014,2017,17,xgb_clf,perez,7,12,0.7619047619047619,2,3,4,H2 (late),T3 (late),Q4 (76–100%)
2018,2014,2017,17,xgb_ranker,perez,7,12,0.7619047619047619,2,3,4,H2 (late),T3 (late),Q4 (76–100%)
2018,2014,2017,17,lgb_reg,grosjean,8,15,0.7619047619047619,2,3,4,H2 (late),T3 (late),Q4 (76–100%)
2018,2014,2017,17,ensemble,perez,7,12,0.7619047619047619,2,3,4,H2 (late),T3 (late),Q4 (76–100%)
2018,2014,2017,18,ridge,grosjean,17,4,0.8095238095238095,2,3,4,H2 (late),T3 (late),Q4 (76–100%)
2018,2014,2017,18,rf_reg,perez,8,15,0.8095238095238095,2,3,4,H2 (late),T3 (late),Q4 (76–100%)
2018,2014,2017,18,rf_clf,sainz,7,12,0.8095238095238095,2,3,4,H2 (late),T3 (late),Q4 (76–100%)
2018,2014,2017,18,xgb_reg,alonso,18,2,0.8095238095238095,2,3,4,H2 (late),T3 (late),Q4 (76–100%)
2018,2014,2017,18,xgb_clf,ocon,19,1,0.8095238095238095,2,3,4,H2 (late),T3 (late),Q4 (76–100%)
2018,2014,2017,18,xgb_ranker,brendon_hartley,9,18,0.8095238095238095,2,3,4,H2 (late),T3 (late),Q4 (76–100%)
2018,2014,2017,18,lgb_reg,alonso,18,2,0.8095238095238095,2,3,4,H2 (late),T3 (late),Q4 (76–100%)
2018,2014,2017,18,ensemble,perez,8,15,0.8095238095238095,2,3,4,H2 (late),T3 (late),Q4 (76–100%)
2018,2014,2017,19,ridge,hulkenberg,6,10,0.8571428571428571,2,3,4,H2 (late),T3 (late),Q4 (76–100%)
2018,2014,2017,19,rf_reg,ocon,11,18,0.8571428571428571,2,3,4,H2 (late),T3 (late),Q4 (76–100%)
2018,2014,2017,19,rf_clf,perez,18,2,0.8571428571428571,2,3,4,H2 (late),T3 (late),Q4 (76–100%)
2018,2014,2017,19,xgb_reg,ocon,11,18,0.8571428571428571,2,3,4,H2 (late),T3 (late),Q4 (76–100%)
2018,2014,2017,19,xgb_clf,perez,18,2,0.8571428571428571,2,3,4,H2 (late),T3 (late),Q4 (76–100%)
2018,2014,2017,19,xgb_ranker,ocon,11,18,0.8571428571428571,2,3,4,H2 (late),T3 (late),Q4 (76–100%)
2018,2014,2017,19,lgb_reg,vettel,2,2,0.8571428571428571,2,3,4,H2 (late),T3 (late),Q4 (76–100%)
2018,2014,2017,19,ensemble,ocon,11,18,0.8571428571428571,2,3,4,H2 (late),T3 (late),Q4 (76–100%)
2018,2014,2017,20,ridge,grosjean,8,15,0.9047619047619048,2,3,4,H2 (late),T3 (late),Q4 (76–100%)
2018,2014,2017,20,rf_reg,ericsson,20,0,0.9047619047619048,2,3,4,H2 (late),T3 (late),Q4 (76–100%)
2018,2014,2017,20,rf_clf,hulkenberg,19,1,0.9047619047619048,2,3,4,H2 (late),T3 (late),Q4 (76–100%)
2018,2014,2017,20,xgb_reg,ricciardo,4,6,0.9047619047619048,2,3,4,H2 (late),T3 (late),Q4 (76–100%)
2018,2014,2017,20,xgb_clf,alonso,17,4,0.9047619047619048,2,3,4,H2 (late),T3 (late),Q4 (76–100%)
2018,2014,2017,20,xgb_ranker,perez,10,25,0.9047619047619048,2,3,4,H2 (late),T3 (late),Q4 (76–100%)
2018,2014,2017,20,lgb_reg,ericsson,20,0,0.9047619047619048,2,3,4,H2 (late),T3 (late),Q4 (76–100%)
2018,2014,2017,20,ensemble,perez,10,25,0.9047619047619048,2,3,4,H2 (late),T3 (late),Q4 (76–100%)
2018,2014,2017,21,ridge,hulkenberg,20,0,0.9523809523809523,2,3,4,H2 (late),T3 (late),Q4 (76–100%)
2018,2014,2017,21,rf_reg,grosjean,9,18,0.9523809523809523,2,3,4,H2 (late),T3 (late),Q4 (76–100%)
2018,2014,2017,21,rf_clf,hulkenberg,20,0,0.9523809523809523,2,3,4,H2 (late),T3 (late),Q4 (76–100%)
2018,2014,2017,21,xgb_reg,grosjean,9,18,0.9523809523809523,2,3,4,H2 (late),T3 (late),Q4 (76–100%)
2018,2014,2017,21,xgb_clf,hulkenberg,20,0,0.9523809523809523,2,3,4,H2 (late),T3 (late),Q4 (76–100%)
2018,2014,2017,21,xgb_ranker,perez,8,15,0.9523809523809523,2,3,4,H2 (late),T3 (late),Q4 (76–100%)
2018,2014,2017,21,lgb_reg,perez,8,15,0.9523809523809523,2,3,4,H2 (late),T3 (late),Q4 (76–100%)
2018,2014,2017,21,ensemble,hulkenberg,20,0,0.9523809523809523,2,3,4,H2 (late),T3 (late),Q4 (76–100%)
2019,2015,2018,1,ridge,grosjean,18,2,0.0,1,1,1,H1 (early),T1 (early),Q1 (R1–25%)
2019,2015,2018,1,rf_reg,hulkenberg,7,12,0.0,1,1,1,H1 (early),T1 (early),Q1 (R1–25%)
2019,2015,2018,1,rf_clf,hulkenberg,7,12,0.0,1,1,1,H1 (early),T1 (early),Q1 (R1–25%)
2019,2015,2018,1,xgb_reg,ricciardo,19,1,0.0,1,1,1,H1 (early),T1 (early),Q1 (R1–25%)
2019,2015,2018,1,xgb_clf,sainz,20,0,0.0,1,1,1,H1 (early),T1 (early),Q1 (R1–25%)
2019,2015,2018,1,xgb_ranker,sainz,20,0,0.0,1,1,1,H1 (early),T1 (early),Q1 (R1–25%)
2019,2015,2018,1,lgb_reg,max_verstappen,3,4,0.0,1,1,1,H1 (early),T1 (early),Q1 (R1–25%)
2019,2015,2018,1,ensemble,hulkenberg,7,12,0.0,1,1,1,H1 (early),T1 (early),Q1 (R1–25%)
2019,2015,2018,2,ridge,grosjean,20,0,0.047619047619047616,1,1,1,H1 (early),T1 (early),Q1 (R1–25%)
2019,2015,2018,2,rf_reg,max_verstappen,4,6,0.047619047619047616,1,1,1,H1 (early),T1 (early),Q1 (R1–25%)
2019,2015,2018,2,rf_clf,norris,6,10,0.047619047619047616,1,1,1,H1 (early),T1 (early),Q1 (R1–25%)
2019,2015,2018,2,xgb_reg,norris,6,10,0.047619047619047616,1,1,1,H1 (early),T1 (early),Q1 (R1–25%)
2019,2015,2018,2,xgb_clf,gasly,8,15,0.047619047619047616,1,1,1,H1 (early),T1 (early),Q1 (R1–25%)
2019,2015,2018,2,xgb_ranker,gasly,8,15,0.047619047619047616,1,1,1,H1 (early),T1 (early),Q1 (R1–25%)
2019,2015,2018,2,lgb_reg,raikkonen,7,12,0.047619047619047616,1,1,1,H1 (early),T1 (early),Q1 (R1–25%)
2019,2015,2018,2,ensemble,norris,6,10,0.047619047619047616,1,1,1,H1 (early),T1 (early),Q1 (R1–25%)
2019,2015,2018,3,ridge,hulkenberg,20,0,0.09523809523809523,1,1,1,H1 (early),T1 (early),Q1 (R1–25%)
2019,2015,2018,3,rf_reg,ricciardo,7,12,0.09523809523809523,1,1,1,H1 (early),T1 (early),Q1 (R1–25%)
2019,2015,2018,3,rf_clf,hulkenberg,20,0,0.09523809523809523,1,1,1,H1 (early),T1 (early),Q1 (R1–25%)
2019,2015,2018,3,xgb_reg,ricciardo,7,12,0.09523809523809523,1,1,1,H1 (early),T1 (early),Q1 (R1–25%)
2019,2015,2018,3,xgb_clf,perez,8,15,0.09523809523809523,1,1,1,H1 (early),T1 (early),Q1 (R1–25%)
2019,2015,2018,3,xgb_ranker,sainz,14,10,0.09523809523809523,1,1,1,H1 (early),T1 (early),Q1 (R1–25%)
2019,2015,2018,3,lgb_reg,albon,10,25,0.09523809523809523,1,1,1,H1 (early),T1 (early),Q1 (R1–25%)
2019,2015,2018,3,ensemble,ricciardo,7,12,0.09523809523809523,1,1,1,H1 (early),T1 (early),Q1 (R1–25%)
2019,2015,2018,4,ridge,perez,6,10,0.14285714285714285,1,1,1,H1 (early),T1 (early),Q1 (R1–25%)
2019,2015,2018,4,rf_reg,kvyat,19,1,0.14285714285714285,1,1,1,H1 (early),T1 (early),Q1 (R1–25%)
2019,2015,2018,4,rf_clf,sainz,7,12,0.14285714285714285,1,1,1,H1 (early),T1 (early),Q1 (R1–25%)
2019,2015,2018,4,xgb_reg,perez,6,10,0.14285714285714285,1,1,1,H1 (early),T1 (early),Q1 (R1–25%)
2019,2015,2018,4,xgb_clf,hulkenberg,14,10,0.14285714285714285,1,1,1,H1 (early),T1 (early),Q1 (R1–25%)
2019,2015,2018,4,xgb_ranker,hulkenberg,14,10,0.14285714285714285,1,1,1,H1 (early),T1 (early),Q1 (R1–25%)
2019,2015,2018,4,lgb_reg,sainz,7,12,0.14285714285714285,1,1,1,H1 (early),T1 (early),Q1 (R1–25%)
2019,2015,2018,4,ensemble,kvyat,19,1,0.14285714285714285,1,1,1,H1 (early),T1 (early),Q1 (R1–25%)
2019,2015,2018,5,ridge,grosjean,10,25,0.19047619047619047,1,1,1,H1 (early),T1 (early),Q1 (R1–25%)
2019,2015,2018,5,rf_reg,grosjean,10,25,0.19047619047619047,1,1,1,H1 (early),T1 (early),Q1 (R1–25%)
2019,2015,2018,5,rf_clf,sainz,8,15,0.19047619047619047,1,1,1,H1 (early),T1 (early),Q1 (R1–25%)
2019,2015,2018,5,xgb_reg,sainz,8,15,0.19047619047619047,1,1,1,H1 (early),T1 (early),Q1 (R1–25%)
2019,2015,2018,5,xgb_clf,sainz,8,15,0.19047619047619047,1,1,1,H1 (early),T1 (early),Q1 (R1–25%)
2019,2015,2018,5,xgb_ranker,sainz,8,15,0.19047619047619047,1,1,1,H1 (early),T1 (early),Q1 (R1–25%)
2019,2015,2018,5,lgb_reg,max_verstappen,3,4,0.19047619047619047,1,1,1,H1 (early),T1 (early),Q1 (R1–25%)
2019,2015,2018,5,ensemble,grosjean,10,25,0.19047619047619047,1,1,1,H1 (early),T1 (early),Q1 (R1–25%)
2019,2015,2018,6,ridge,ricciardo,9,18,0.23809523809523808,1,1,1,H1 (early),T1 (early),Q1 (R1–25%)
2019,2015,2018,6,rf_reg,sainz,6,10,0.23809523809523808,1,1,1,H1 (early),T1 (early),Q1 (R1–25%)
2019,2015,2018,6,rf_clf,norris,11,18,0.23809523809523808,1,1,1,H1 (early),T1 (early),Q1 (R1–25%)
2019,2015,2018,6,xgb_reg,vettel,2,2,0.23809523809523808,1,1,1,H1 (early),T1 (early),Q1 (R1–25%)
2019,2015,2018,6,xgb_clf,stroll,16,6,0.23809523809523808,1,1,1,H1 (early),T1 (early),Q1 (R1–25%)
2019,2015,2018,6,xgb_ranker,sainz,6,10,0.23809523809523808,1,1,1,H1 (early),T1 (early),Q1 (R1–25%)
2019,2015,2018,6,lgb_reg,sainz,6,10,0.23809523809523808,1,1,1,H1 (early),T1 (early),Q1 (R1–25%)
2019,2015,2018,6,ensemble,sainz,6,10,0.23809523809523808,1,1,1,H1 (early),T1 (early),Q1 (R1–25%)
2019,2015,2018,7,ridge,max_verstappen,5,8,0.2857142857142857,1,1,2,H1 (early),T1 (early),Q2 (26–50%)
2019,2015,2018,7,rf_reg,max_verstappen,5,8,0.2857142857142857,1,1,2,H1 (early),T1 (early),Q2 (26–50%)
2019,2015,2018,7,rf_clf,norris,20,0,0.2857142857142857,1,1,2,H1 (early),T1 (early),Q2 (26–50%)
2019,2015,2018,7,xgb_reg,bottas,4,6,0.2857142857142857,1,1,2,H1 (early),T1 (early),Q2 (26–50%)
2019,2015,2018,7,xgb_clf,norris,20,0,0.2857142857142857,1,1,2,H1 (early),T1 (early),Q2 (26–50%)
2019,2015,2018,7,xgb_ranker,norris,20,0,0.2857142857142857,1,1,2,H1 (early),T1 (early),Q2 (26–50%)
2019,2015,2018,7,lgb_reg,ricciardo,6,10,0.2857142857142857,1,1,2,H1 (early),T1 (early),Q2 (26–50%)
2019,2015,2018,7,ensemble,max_verstappen,5,8,0.2857142857142857,1,1,2,H1 (early),T1 (early),Q2 (26–50%)
2019,2015,2018,8,ridge,sainz,6,10,0.3333333333333333,1,2,2,H1 (early),T2 (mid),Q2 (26–50%)
2019,2015,2018,8,rf_reg,gasly,10,25,0.3333333333333333,1,2,2,H1 (early),T2 (mid),Q2 (26–50%)
2019,2015,2018,8,rf_clf,ricciardo,11,18,0.3333333333333333,1,2,2,H1 (early),T2 (mid),Q2 (26–50%)
2019,2015,2018,8,xgb_reg,max_verstappen,4,6,0.3333333333333333,1,2,2,H1 (early),T2 (mid),Q2 (26–50%)
2019,2015,2018,8,xgb_clf,giovinazzi,16,6,0.3333333333333333,1,2,2,H1 (early),T2 (mid),Q2 (26–50%)
2019,2015,2018,8,xgb_ranker,gasly,10,25,0.3333333333333333,1,2,2,H1 (early),T2 (mid),Q2 (26–50%)
2019,2015,2018,8,lgb_reg,max_verstappen,4,6,0.3333333333333333,1,2,2,H1 (early),T2 (mid),Q2 (26–50%)
2019,2015,2018,8,ensemble,gasly,10,25,0.3333333333333333,1,2,2,H1 (early),T2 (mid),Q2 (26–50%)
2019,2015,2018,9,ridge,norris,6,10,0.38095238095238093,1,2,2,H1 (early),T2 (mid),Q2 (26–50%)
2019,2015,2018,9,rf_reg,norris,6,10,0.38095238095238093,1,2,2,H1 (early),T2 (mid),Q2 (26–50%)
2019,2015,2018,9,rf_clf,giovinazzi,10,25,0.38095238095238093,1,2,2,H1 (early),T2 (mid),Q2 (26–50%)
2019,2015,2018,9,xgb_reg,giovinazzi,10,25,0.38095238095238093,1,2,2,H1 (early),T2 (mid),Q2 (26–50%)
2019,2015,2018,9,xgb_clf,giovinazzi,10,25,0.38095238095238093,1,2,2,H1 (early),T2 (mid),Q2 (26–50%)
2019,2015,2018,9,xgb_ranker,giovinazzi,10,25,0.38095238095238093,1,2,2,H1 (early),T2 (mid),Q2 (26–50%)
2019,2015,2018,9,lgb_reg,kevin_magnussen,19,1,0.38095238095238093,1,2,2,H1 (early),T2 (mid),Q2 (26–50%)
2019,2015,2018,9,ensemble,norris,6,10,0.38095238095238093,1,2,2,H1 (early),T2 (mid),Q2 (26–50%)
2019,2015,2018,10,ridge,norris,11,18,0.42857142857142855,1,2,2,H1 (early),T2 (mid),Q2 (26–50%)
2019,2015,2018,10,rf_reg,ricciardo,7,12,0.42857142857142855,1,2,2,H1 (early),T2 (mid),Q2 (26–50%)
2019,2015,2018,10,rf_clf,sainz,6,10,0.42857142857142855,1,2,2,H1 (early),T2 (mid),Q2 (26–50%)
2019,2015,2018,10,xgb_reg,norris,11,18,0.42857142857142855,1,2,2,H1 (early),T2 (mid),Q2 (26–50%)
2019,2015,2018,10,xgb_clf,sainz,6,10,0.42857142857142855,1,2,2,H1 (early),T2 (mid),Q2 (26–50%)
2019,2015,2018,10,xgb_ranker,sainz,6,10,0.42857142857142855,1,2,2,H1 (early),T2 (mid),Q2 (26–50%)
2019,2015,2018,10,lgb_reg,norris,11,18,0.42857142857142855,1,2,2,H1 (early),T2 (mid),Q2 (26–50%)
2019,2015,2018,10,ensemble,norris,11,18,0.42857142857142855,1,2,2,H1 (early),T2 (mid),Q2 (26–50%)
2019,2015,2018,11,ridge,grosjean,7,12,0.47619047619047616,1,2,2,H1 (early),T2 (mid),Q2 (26–50%)
2019,2015,2018,11,rf_reg,hulkenberg,16,6,0.47619047619047616,1,2,2,H1 (early),T2 (mid),Q2 (26–50%)
2019,2015,2018,11,rf_clf,stroll,4,6,0.47619047619047616,1,2,2,H1 (early),T2 (mid),Q2 (26–50%)
2019,2015,2018,11,xgb_reg,sainz,5,8,0.47619047619047616,1,2,2,H1 (early),T2 (mid),Q2 (26–50%)
2019,2015,2018,11,xgb_clf,stroll,4,6,0.47619047619047616,1,2,2,H1 (early),T2 (mid),Q2 (26–50%)
2019,2015,2018,11,xgb_ranker,norris,18,2,0.47619047619047616,1,2,2,H1 (early),T2 (mid),Q2 (26–50%)
2019,2015,2018,11,lgb_reg,hulkenberg,16,6,0.47619047619047616,1,2,2,H1 (early),T2 (mid),Q2 (26–50%)
2019,2015,2018,11,ensemble,hulkenberg,16,6,0.47619047619047616,1,2,2,H1 (early),T2 (mid),Q2 (26–50%)
2019,2015,2018,12,ridge,sainz,5,8,0.5238095238095238,2,2,3,H2 (late),T2 (mid),Q3 (51–75%)
2019,2015,2018,12,rf_reg,raikkonen,7,12,0.5238095238095238,2,2,3,H2 (late),T2 (mid),Q3 (51–75%)
2019,2015,2018,12,rf_clf,sainz,5,8,0.5238095238095238,2,2,3,H2 (late),T2 (mid),Q3 (51–75%)
2019,2015,2018,12,xgb_reg,ricciardo,14,10,0.5238095238095238,2,2,3,H2 (late),T2 (mid),Q3 (51–75%)
2019,2015,2018,12,xgb_clf,sainz,5,8,0.5238095238095238,2,2,3,H2 (late),T2 (mid),Q3 (51–75%)
2019,2015,2018,12,xgb_ranker,kevin_magnussen,13,12,0.5238095238095238,2,2,3,H2 (late),T2 (mid),Q3 (51–75%)
2019,2015,2018,12,lgb_reg,raikkonen,7,12,0.5238095238095238,2,2,3,H2 (late),T2 (mid),Q3 (51–75%)
2019,2015,2018,12,ensemble,raikkonen,7,12,0.5238095238095238,2,2,3,H2 (late),T2 (mid),Q3 (51–75%)
2019,2015,2018,13,ridge,raikkonen,16,6,0.5714285714285714,2,2,3,H2 (late),T2 (mid),Q3 (51–75%)
2019,2015,2018,13,rf_reg,hulkenberg,8,15,0.5714285714285714,2,2,3,H2 (late),T2 (mid),Q3 (51–75%)
2019,2015,2018,13,rf_clf,perez,6,10,0.5714285714285714,2,2,3,H2 (late),T2 (mid),Q3 (51–75%)
2019,2015,2018,13,xgb_reg,ricciardo,14,10,0.5714285714285714,2,2,3,H2 (late),T2 (mid),Q3 (51–75%)
2019,2015,2018,13,xgb_clf,norris,11,18,0.5714285714285714,2,2,3,H2 (late),T2 (mid),Q3 (51–75%)
2019,2015,2018,13,xgb_ranker,norris,11,18,0.5714285714285714,2,2,3,H2 (late),T2 (mid),Q3 (51–75%)
2019,2015,2018,13,lgb_reg,albon,5,8,0.5714285714285714,2,2,3,H2 (late),T2 (mid),Q3 (51–75%)
2019,2015,2018,13,ensemble,hulkenberg,8,15,0.5714285714285714,2,2,3,H2 (late),T2 (mid),Q3 (51–75%)
2019,2015,2018,14,ridge,hulkenberg,5,8,0.6190476190476191,2,2,3,H2 (late),T2 (mid),Q3 (51–75%)
2019,2015,2018,14,rf_reg,albon,6,10,0.6190476190476191,2,2,3,H2 (late),T2 (mid),Q3 (51–75%)
2019,2015,2018,14,rf_clf,kvyat,19,1,0.6190476190476191,2,2,3,H2 (late),T2 (mid),Q3 (51–75%)
2019,2015,2018,14,xgb_reg,raikkonen,15,8,0.6190476190476191,2,2,3,H2 (late),T2 (mid),Q3 (51–75%)
2019,2015,2018,14,xgb_clf,hulkenberg,5,8,0.6190476190476191,2,2,3,H2 (late),T2 (mid),Q3 (51–75%)
2019,2015,2018,14,xgb_ranker,giovinazzi,9,18,0.6190476190476191,2,2,3,H2 (late),T2 (mid),Q3 (51–75%)
2019,2015,2018,14,lgb_reg,raikkonen,15,8,0.6190476190476191,2,2,3,H2 (late),T2 (mid),Q3 (51–75%)
2019,2015,2018,14,ensemble,albon,6,10,0.6190476190476191,2,2,3,H2 (late),T2 (mid),Q3 (51–75%)
2019,2015,2018,15,ridge,hulkenberg,9,18,0.6666666666666666,2,3,3,H2 (late),T3 (late),Q3 (51–75%)
2019,2015,2018,15,rf_reg,norris,7,12,0.6666666666666666,2,3,3,H2 (late),T3 (late),Q3 (51–75%)
2019,2015,2018,15,rf_clf,kvyat,15,8,0.6666666666666666,2,3,3,H2 (late),T3 (late),Q3 (51–75%)
2019,2015,2018,15,xgb_reg,norris,7,12,0.6666666666666666,2,3,3,H2 (late),T3 (late),Q3 (51–75%)
2019,2015,2018,15,xgb_clf,kvyat,15,8,0.6666666666666666,2,3,3,H2 (late),T3 (late),Q3 (51–75%)
2019,2015,2018,15,xgb_ranker,giovinazzi,10,25,0.6666666666666666,2,3,3,H2 (late),T3 (late),Q3 (51–75%)
2019,2015,2018,15,lgb_reg,gasly,8,15,0.6666666666666666,2,3,3,H2 (late),T3 (late),Q3 (51–75%)
2019,2015,2018,15,ensemble,norris,7,12,0.6666666666666666,2,3,3,H2 (late),T3 (late),Q3 (51–75%)
2019,2015,2018,16,ridge,perez,7,12,0.7142857142857143,2,3,3,H2 (late),T3 (late),Q3 (51–75%)
2019,2015,2018,16,rf_reg,grosjean,20,0,0.7142857142857143,2,3,3,H2 (late),T3 (late),Q3 (51–75%)
2019,2015,2018,16,rf_clf,giovinazzi,15,8,0.7142857142857143,2,3,3,H2 (late),T3 (late),Q3 (51–75%)
2019,2015,2018,16,xgb_reg,grosjean,20,0,0.7142857142857143,2,3,3,H2 (late),T3 (late),Q3 (51–75%)
2019,2015,2018,16,xgb_clf,ricciardo,19,1,0.7142857142857143,2,3,3,H2 (late),T3 (late),Q3 (51–75%)
2019,2015,2018,16,xgb_ranker,grosjean,20,0,0.7142857142857143,2,3,3,H2 (late),T3 (late),Q3 (51–75%)
2019,2015,2018,16,lgb_reg,hulkenberg,10,25,0.7142857142857143,2,3,3,H2 (late),T3 (late),Q3 (51–75%)
2019,2015,2018,16,ensemble,ricciardo,19,1,0.7142857142857143,2,3,3,H2 (late),T3 (late),Q3 (51–75%)
2019,2015,2018,17,ridge,norris,11,18,0.7619047619047619,2,3,4,H2 (late),T3 (late),Q4 (76–100%)
2019,2015,2018,17,rf_reg,norris,11,18,0.7619047619047619,2,3,4,H2 (late),T3 (late),Q4 (76–100%)
2019,2015,2018,17,rf_clf,norris,11,18,0.7619047619047619,2,3,4,H2 (late),T3 (late),Q4 (76–100%)
2019,2015,2018,17,xgb_reg,gasly,7,12,0.7619047619047619,2,3,4,H2 (late),T3 (late),Q4 (76–100%)
2019,2015,2018,17,xgb_clf,norris,11,18,0.7619047619047619,2,3,4,H2 (late),T3 (late),Q4 (76–100%)
2019,2015,2018,17,xgb_ranker,norris,11,18,0.7619047619047619,2,3,4,H2 (late),T3 (late),Q4 (76–100%)
2019,2015,2018,17,lgb_reg,norris,11,18,0.7619047619047619,2,3,4,H2 (late),T3 (late),Q4 (76–100%)
2019,2015,2018,17,ensemble,norris,11,18,0.7619047619047619,2,3,4,H2 (late),T3 (late),Q4 (76–100%)
2019,2015,2018,18,ridge,norris,20,0,0.8095238095238095,2,3,4,H2 (late),T3 (late),Q4 (76–100%)
2019,2015,2018,18,rf_reg,norris,20,0,0.8095238095238095,2,3,4,H2 (late),T3 (late),Q4 (76–100%)
2019,2015,2018,18,rf_clf,norris,20,0,0.8095238095238095,2,3,4,H2 (late),T3 (late),Q4 (76–100%)
2019,2015,2018,18,xgb_reg,sainz,13,12,0.8095238095238095,2,3,4,H2 (late),T3 (late),Q4 (76–100%)
2019,2015,2018,18,xgb_clf,norris,20,0,0.8095238095238095,2,3,4,H2 (late),T3 (late),Q4 (76–100%)
2019,2015,2018,18,xgb_ranker,kvyat,11,18,0.8095238095238095,2,3,4,H2 (late),T3 (late),Q4 (76–100%)
2019,2015,2018,18,lgb_reg,sainz,13,12,0.8095238095238095,2,3,4,H2 (late),T3 (late),Q4 (76–100%)
2019,2015,2018,18,ensemble,norris,20,0,0.8095238095238095,2,3,4,H2 (late),T3 (late),Q4 (76–100%)
2019,2015,2018,19,ridge,norris,7,12,0.8571428571428571,2,3,4,H2 (late),T3 (late),Q4 (76–100%)
2019,2015,2018,19,rf_reg,norris,7,12,0.8571428571428571,2,3,4,H2 (late),T3 (late),Q4 (76–100%)
2019,2015,2018,19,rf_clf,hulkenberg,9,18,0.8571428571428571,2,3,4,H2 (late),T3 (late),Q4 (76–100%)
2019,2015,2018,19,xgb_reg,hamilton,2,2,0.8571428571428571,2,3,4,H2 (late),T3 (late),Q4 (76–100%)
2019,2015,2018,19,xgb_clf,giovinazzi,14,10,0.8571428571428571,2,3,4,H2 (late),T3 (late),Q4 (76–100%)
2019,2015,2018,19,xgb_ranker,hulkenberg,9,18,0.8571428571428571,2,3,4,H2 (late),T3 (late),Q4 (76–100%)
2019,2015,2018,19,lgb_reg,kvyat,12,15,0.8571428571428571,2,3,4,H2 (late),T3 (late),Q4 (76–100%)
2019,2015,2018,19,ensemble,norris,7,12,0.8571428571428571,2,3,4,H2 (late),T3 (late),Q4 (76–100%)
2019,2015,2018,20,ridge,gasly,2,2,0.9047619047619048,2,3,4,H2 (late),T3 (late),Q4 (76–100%)
2019,2015,2018,20,rf_reg,gasly,2,2,0.9047619047619048,2,3,4,H2 (late),T3 (late),Q4 (76–100%)
2019,2015,2018,20,rf_clf,norris,8,15,0.9047619047619048,2,3,4,H2 (late),T3 (late),Q4 (76–100%)
2019,2015,2018,20,xgb_reg,grosjean,13,12,0.9047619047619048,2,3,4,H2 (late),T3 (late),Q4 (76–100%)
2019,2015,2018,20,xgb_clf,stroll,19,1,0.9047619047619048,2,3,4,H2 (late),T3 (late),Q4 (76–100%)
2019,2015,2018,20,xgb_ranker,giovinazzi,5,8,0.9047619047619048,2,3,4,H2 (late),T3 (late),Q4 (76–100%)
2019,2015,2018,20,lgb_reg,norris,8,15,0.9047619047619048,2,3,4,H2 (late),T3 (late),Q4 (76–100%)
2019,2015,2018,20,ensemble,gasly,2,2,0.9047619047619048,2,3,4,H2 (late),T3 (late),Q4 (76–100%)
2019,2015,2018,21,ridge,gasly,18,2,0.9523809523809523,2,3,4,H2 (late),T3 (late),Q4 (76–100%)
2019,2015,2018,21,rf_reg,ricciardo,11,18,0.9523809523809523,2,3,4,H2 (late),T3 (late),Q4 (76–100%)
2019,2015,2018,21,rf_clf,perez,7,12,0.9523809523809523,2,3,4,H2 (late),T3 (late),Q4 (76–100%)
2019,2015,2018,21,xgb_reg,sainz,10,25,0.9523809523809523,2,3,4,H2 (late),T3 (late),Q4 (76–100%)
2019,2015,2018,21,xgb_clf,perez,7,12,0.9523809523809523,2,3,4,H2 (late),T3 (late),Q4 (76–100%)
2019,2015,2018,21,xgb_ranker,grosjean,15,8,0.9523809523809523,2,3,4,H2 (late),T3 (late),Q4 (76–100%)
2019,2015,2018,21,lgb_reg,hulkenberg,12,15,0.9523809523809523,2,3,4,H2 (late),T3 (late),Q4 (76–100%)
2019,2015,2018,21,ensemble,perez,7,12,0.9523809523809523,2,3,4,H2 (late),T3 (late),Q4 (76–100%)
2020,2016,2019,1,ridge,sainz,5,8,0.0,1,1,1,H1 (early),T1 (early),Q1 (R1–25%)
2020,2016,2019,1,rf_reg,stroll,18,2,0.0,1,1,1,H1 (early),T1 (early),Q1 (R1–25%)
2020,2016,2019,1,rf_clf,stroll,18,2,0.0,1,1,1,H1 (early),T1 (early),Q1 (R1–25%)
2020,2016,2019,1,xgb_reg,perez,6,10,0.0,1,1,1,H1 (early),T1 (early),Q1 (R1–25%)
2020,2016,2019,1,xgb_clf,stroll,18,2,0.0,1,1,1,H1 (early),T1 (early),Q1 (R1–25%)
2020,2016,2019,1,xgb_ranker,stroll,18,2,0.0,1,1,1,H1 (early),T1 (early),Q1 (R1–25%)
2020,2016,2019,1,lgb_reg,hamilton,4,6,0.0,1,1,1,H1 (early),T1 (early),Q1 (R1–25%)
2020,2016,2019,1,ensemble,perez,6,10,0.0,1,1,1,H1 (early),T1 (early),Q1 (R1–25%)
2020,2016,2019,2,ridge,gasly,15,8,0.058823529411764705,1,1,1,H1 (early),T1 (early),Q1 (R1–25%)
2020,2016,2019,2,rf_reg,gasly,15,8,0.058823529411764705,1,1,1,H1 (early),T1 (early),Q1 (R1–25%)
2020,2016,2019,2,rf_clf,kvyat,10,25,0.058823529411764705,1,1,1,H1 (early),T1 (early),Q1 (R1–25%)
2020,2016,2019,2,xgb_reg,hamilton,1,1,0.058823529411764705,1,1,1,H1 (early),T1 (early),Q1 (R1–25%)
2020,2016,2019,2,xgb_clf,kvyat,10,25,0.058823529411764705,1,1,1,H1 (early),T1 (early),Q1 (R1–25%)
2020,2016,2019,2,xgb_ranker,kvyat,10,25,0.058823529411764705,1,1,1,H1 (early),T1 (early),Q1 (R1–25%)
2020,2016,2019,2,lgb_reg,ocon,18,2,0.058823529411764705,1,1,1,H1 (early),T1 (early),Q1 (R1–25%)
2020,2016,2019,2,ensemble,gasly,15,8,0.058823529411764705,1,1,1,H1 (early),T1 (early),Q1 (R1–25%)
2020,2016,2019,3,ridge,norris,13,12,0.11764705882352941,1,1,1,H1 (early),T1 (early),Q1 (R1–25%)
2020,2016,2019,3,rf_reg,vettel,6,10,0.11764705882352941,1,1,1,H1 (early),T1 (early),Q1 (R1–25%)
2020,2016,2019,3,rf_clf,gasly,20,0,0.11764705882352941,1,1,1,H1 (early),T1 (early),Q1 (R1–25%)
2020,2016,2019,3,xgb_reg,leclerc,11,18,0.11764705882352941,1,1,1,H1 (early),T1 (early),Q1 (R1–25%)
2020,2016,2019,3,xgb_clf,russell,18,2,0.11764705882352941,1,1,1,H1 (early),T1 (early),Q1 (R1–25%)
2020,2016,2019,3,xgb_ranker,giovinazzi,17,4,0.11764705882352941,1,1,1,H1 (early),T1 (early),Q1 (R1–25%)
2020,2016,2019,3,lgb_reg,sainz,9,18,0.11764705882352941,1,1,1,H1 (early),T1 (early),Q1 (R1–25%)
2020,2016,2019,3,ensemble,gasly,20,0,0.11764705882352941,1,1,1,H1 (early),T1 (early),Q1 (R1–25%)
2020,2016,2019,4,ridge,ricciardo,4,6,0.17647058823529413,1,1,1,H1 (early),T1 (early),Q1 (R1–25%)
2020,2016,2019,4,rf_reg,stroll,9,18,0.17647058823529413,1,1,1,H1 (early),T1 (early),Q1 (R1–25%)
2020,2016,2019,4,rf_clf,ocon,6,10,0.17647058823529413,1,1,1,H1 (early),T1 (early),Q1 (R1–25%)
2020,2016,2019,4,xgb_reg,ricciardo,4,6,0.17647058823529413,1,1,1,H1 (early),T1 (early),Q1 (R1–25%)
2020,2016,2019,4,xgb_clf,ricciardo,4,6,0.17647058823529413,1,1,1,H1 (early),T1 (early),Q1 (R1–25%)
2020,2016,2019,4,xgb_ranker,ocon,6,10,0.17647058823529413,1,1,1,H1 (early),T1 (early),Q1 (R1–25%)
2020,2016,2019,4,lgb_reg,stroll,9,18,0.17647058823529413,1,1,1,H1 (early),T1 (early),Q1 (R1–25%)
2020,2016,2019,4,ensemble,ricciardo,4,6,0.17647058823529413,1,1,1,H1 (early),T1 (early),Q1 (R1–25%)
2020,2016,2019,5,ridge,albon,5,8,0.23529411764705882,1,1,1,H1 (early),T1 (early),Q1 (R1–25%)
2020,2016,2019,5,rf_reg,leclerc,4,6,0.23529411764705882,1,1,1,H1 (early),T1 (early),Q1 (R1–25%)
2020,2016,2019,5,rf_clf,ocon,8,15,0.23529411764705882,1,1,1,H1 (early),T1 (early),Q1 (R1–25%)
2020,2016,2019,5,xgb_reg,gasly,11,18,0.23529411764705882,1,1,1,H1 (early),T1 (early),Q1 (R1–25%)
2020,2016,2019,5,xgb_clf,ocon,8,15,0.23529411764705882,1,1,1,H1 (early),T1 (early),Q1 (R1–25%)
2020,2016,2019,5,xgb_ranker,kvyat,10,25,0.23529411764705882,1,1,1,H1 (early),T1 (early),Q1 (R1–25%)
2020,2016,2019,5,lgb_reg,norris,9,18,0.23529411764705882,1,1,1,H1 (early),T1 (early),Q1 (R1–25%)
2020,2016,2019,5,ensemble,gasly,11,18,0.23529411764705882,1,1,1,H1 (early),T1 (early),Q1 (R1–25%)
2020,2016,2019,6,ridge,sainz,6,10,0.29411764705882354,1,1,2,H1 (early),T1 (early),Q2 (26–50%)
2020,2016,2019,6,rf_reg,norris,10,25,0.29411764705882354,1,1,2,H1 (early),T1 (early),Q2 (26–50%)
2020,2016,2019,6,rf_clf,gasly,9,18,0.29411764705882354,1,1,2,H1 (early),T1 (early),Q2 (26–50%)
2020,2016,2019,6,xgb_reg,albon,8,15,0.29411764705882354,1,1,2,H1 (early),T1 (early),Q2 (26–50%)
2020,2016,2019,6,xgb_clf,gasly,9,18,0.29411764705882354,1,1,2,H1 (early),T1 (early),Q2 (26–50%)
2020,2016,2019,6,xgb_ranker,russell,17,4,0.29411764705882354,1,1,2,H1 (early),T1 (early),Q2 (26–50%)
2020,2016,2019,6,lgb_reg,ricciardo,11,18,0.29411764705882354,1,1,2,H1 (early),T1 (early),Q2 (26–50%)
2020,2016,2019,6,ensemble,norris,10,25,0.29411764705882354,1,1,2,H1 (early),T1 (early),Q2 (26–50%)
2020,2016,2019,7,ridge,sainz,20,0,0.35294117647058826,1,2,2,H1 (early),T2 (mid),Q2 (26–50%)
2020,2016,2019,7,rf_reg,norris,7,12,0.35294117647058826,1,2,2,H1 (early),T2 (mid),Q2 (26–50%)
2020,2016,2019,7,rf_clf,gasly,8,15,0.35294117647058826,1,2,2,H1 (early),T2 (mid),Q2 (26–50%)
2020,2016,2019,7,xgb_reg,stroll,9,18,0.35294117647058826,1,2,2,H1 (early),T2 (mid),Q2 (26–50%)
2020,2016,2019,7,xgb_clf,kvyat,11,18,0.35294117647058826,1,2,2,H1 (early),T2 (mid),Q2 (26–50%)
2020,2016,2019,7,xgb_ranker,russell,19,1,0.35294117647058826,1,2,2,H1 (early),T2 (mid),Q2 (26–50%)
2020,2016,2019,7,lgb_reg,ocon,5,8,0.35294117647058826,1,2,2,H1 (early),T2 (mid),Q2 (26–50%)
2020,2016,2019,7,ensemble,norris,7,12,0.35294117647058826,1,2,2,H1 (early),T2 (mid),Q2 (26–50%)
2020,2016,2019,8,ridge,stroll,3,4,0.4117647058823529,1,2,2,H1 (early),T2 (mid),Q2 (26–50%)
2020,2016,2019,8,rf_reg,ricciardo,6,10,0.4117647058823529,1,2,2,H1 (early),T2 (mid),Q2 (26–50%)
2020,2016,2019,8,rf_clf,ocon,8,15,0.4117647058823529,1,2,2,H1 (early),T2 (mid),Q2 (26–50%)
2020,2016,2019,8,xgb_reg,albon,15,8,0.4117647058823529,1,2,2,H1 (early),T2 (mid),Q2 (26–50%)
2020,2016,2019,8,xgb_clf,ocon,8,15,0.4117647058823529,1,2,2,H1 (early),T2 (mid),Q2 (26–50%)
2020,2016,2019,8,xgb_ranker,ocon,8,15,0.4117647058823529,1,2,2,H1 (early),T2 (mid),Q2 (26–50%)
2020,2016,2019,8,lgb_reg,albon,15,8,0.4117647058823529,1,2,2,H1 (early),T2 (mid),Q2 (26–50%)
2020,2016,2019,8,ensemble,gasly,1,1,0.4117647058823529,1,2,2,H1 (early),T2 (mid),Q2 (26–50%)
2020,2016,2019,9,ridge,leclerc,8,15,0.47058823529411764,1,2,2,H1 (early),T2 (mid),Q2 (26–50%)
2020,2016,2019,9,rf_reg,leclerc,8,15,0.47058823529411764,1,2,2,H1 (early),T2 (mid),Q2 (26–50%)
2020,2016,2019,9,rf_clf,ocon,14,10,0.47058823529411764,1,2,2,H1 (early),T2 (mid),Q2 (26–50%)
2020,2016,2019,9,xgb_reg,leclerc,8,15,0.47058823529411764,1,2,2,H1 (early),T2 (mid),Q2 (26–50%)
2020,2016,2019,9,xgb_clf,vettel,10,25,0.47058823529411764,1,2,2,H1 (early),T2 (mid),Q2 (26–50%)
2020,2016,2019,9,xgb_ranker,russell,11,18,0.47058823529411764,1,2,2,H1 (early),T2 (mid),Q2 (26–50%)
2020,2016,2019,9,lgb_reg,stroll,13,12,0.47058823529411764,1,2,2,H1 (early),T2 (mid),Q2 (26–50%)
2020,2016,2019,9,ensemble,ricciardo,4,6,0.47058823529411764,1,2,2,H1 (early),T2 (mid),Q2 (26–50%)
2020,2016,2019,10,ridge,gasly,9,18,0.5294117647058824,2,2,3,H2 (late),T2 (mid),Q3 (51–75%)
2020,2016,2019,10,rf_reg,albon,10,25,0.5294117647058824,2,2,3,H2 (late),T2 (mid),Q3 (51–75%)
2020,2016,2019,10,rf_clf,leclerc,6,10,0.5294117647058824,2,2,3,H2 (late),T2 (mid),Q3 (51–75%)
2020,2016,2019,10,xgb_reg,gasly,9,18,0.5294117647058824,2,2,3,H2 (late),T2 (mid),Q3 (51–75%)
2020,2016,2019,10,xgb_clf,ocon,7,12,0.5294117647058824,2,2,3,H2 (late),T2 (mid),Q3 (51–75%)
2020,2016,2019,10,xgb_ranker,vettel,13,12,0.5294117647058824,2,2,3,H2 (late),T2 (mid),Q3 (51–75%)
2020,2016,2019,10,lgb_reg,vettel,13,12,0.5294117647058824,2,2,3,H2 (late),T2 (mid),Q3 (51–75%)
2020,2016,2019,10,ensemble,gasly,9,18,0.5294117647058824,2,2,3,H2 (late),T2 (mid),Q3 (51–75%)
2020,2016,2019,11,ridge,leclerc,7,12,0.5882352941176471,2,2,3,H2 (late),T2 (mid),Q3 (51–75%)
2020,2016,2019,11,rf_reg,leclerc,7,12,0.5882352941176471,2,2,3,H2 (late),T2 (mid),Q3 (51–75%)
2020,2016,2019,11,rf_clf,vettel,11,18,0.5882352941176471,2,2,3,H2 (late),T2 (mid),Q3 (51–75%)
2020,2016,2019,11,xgb_reg,perez,4,6,0.5882352941176471,2,2,3,H2 (late),T2 (mid),Q3 (51–75%)
2020,2016,2019,11,xgb_clf,ocon,18,2,0.5882352941176471,2,2,3,H2 (late),T2 (mid),Q3 (51–75%)
2020,2016,2019,11,xgb_ranker,norris,16,6,0.5882352941176471,2,2,3,H2 (late),T2 (mid),Q3 (51–75%)
2020,2016,2019,11,lgb_reg,perez,4,6,0.5882352941176471,2,2,3,H2 (late),T2 (mid),Q3 (51–75%)
2020,2016,2019,11,ensemble,leclerc,7,12,0.5882352941176471,2,2,3,H2 (late),T2 (mid),Q3 (51–75%)
2020,2016,2019,12,ridge,gasly,5,8,0.6470588235294118,2,2,3,H2 (late),T2 (mid),Q3 (51–75%)
2020,2016,2019,12,rf_reg,sainz,6,10,0.6470588235294118,2,2,3,H2 (late),T2 (mid),Q3 (51–75%)
2020,2016,2019,12,rf_clf,ocon,8,15,0.6470588235294118,2,2,3,H2 (late),T2 (mid),Q3 (51–75%)
2020,2016,2019,12,xgb_reg,norris,13,12,0.6470588235294118,2,2,3,H2 (late),T2 (mid),Q3 (51–75%)
2020,2016,2019,12,xgb_clf,gasly,5,8,0.6470588235294118,2,2,3,H2 (late),T2 (mid),Q3 (51–75%)
2020,2016,2019,12,xgb_ranker,sainz,6,10,0.6470588235294118,2,2,3,H2 (late),T2 (mid),Q3 (51–75%)
2020,2016,2019,12,lgb_reg,vettel,10,25,0.6470588235294118,2,2,3,H2 (late),T2 (mid),Q3 (51–75%)
2020,2016,2019,12,ensemble,gasly,5,8,0.6470588235294118,2,2,3,H2 (late),T2 (mid),Q3 (51–75%)
2020,2016,2019,13,ridge,kvyat,4,6,0.7058823529411765,2,3,3,H2 (late),T3 (late),Q3 (51–75%)
2020,2016,2019,13,rf_reg,sainz,7,12,0.7058823529411765,2,3,3,H2 (late),T3 (late),Q3 (51–75%)
2020,2016,2019,13,rf_clf,ocon,19,1,0.7058823529411765,2,3,3,H2 (late),T3 (late),Q3 (51–75%)
2020,2016,2019,13,xgb_reg,perez,6,10,0.7058823529411765,2,3,3,H2 (late),T3 (late),Q3 (51–75%)
2020,2016,2019,13,xgb_clf,ocon,19,1,0.7058823529411765,2,3,3,H2 (late),T3 (late),Q3 (51–75%)
2020,2016,2019,13,xgb_ranker,ocon,19,1,0.7058823529411765,2,3,3,H2 (late),T3 (late),Q3 (51–75%)
2020,2016,2019,13,lgb_reg,kvyat,4,6,0.7058823529411765,2,3,3,H2 (late),T3 (late),Q3 (51–75%)
2020,2016,2019,13,ensemble,sainz,7,12,0.7058823529411765,2,3,3,H2 (late),T3 (late),Q3 (51–75%)
2020,2016,2019,14,ridge,leclerc,4,6,0.7647058823529411,2,3,4,H2 (late),T3 (late),Q4 (76–100%)
2020,2016,2019,14,rf_reg,stroll,9,18,0.7647058823529411,2,3,4,H2 (late),T3 (late),Q4 (76–100%)
2020,2016,2019,14,rf_clf,norris,8,15,0.7647058823529411,2,3,4,H2 (late),T3 (late),Q4 (76–100%)
2020,2016,2019,14,xgb_reg,norris,8,15,0.7647058823529411,2,3,4,H2 (late),T3 (late),Q4 (76–100%)
2020,2016,2019,14,xgb_clf,ocon,11,18,0.7647058823529411,2,3,4,H2 (late),T3 (late),Q4 (76–100%)
2020,2016,2019,14,xgb_ranker,ocon,11,18,0.7647058823529411,2,3,4,H2 (late),T3 (late),Q4 (76–100%)
2020,2016,2019,14,lgb_reg,vettel,3,4,0.7647058823529411,2,3,4,H2 (late),T3 (late),Q4 (76–100%)
2020,2016,2019,14,ensemble,norris,8,15,0.7647058823529411,2,3,4,H2 (late),T3 (late),Q4 (76–100%)
2020,2016,2019,15,ridge,ocon,9,18,0.8235294117647058,2,3,4,H2 (late),T3 (late),Q4 (76–100%)
2020,2016,2019,15,rf_reg,gasly,6,10,0.8235294117647058,2,3,4,H2 (late),T3 (late),Q4 (76–100%)
2020,2016,2019,15,rf_clf,vettel,13,12,0.8235294117647058,2,3,4,H2 (late),T3 (late),Q4 (76–100%)
2020,2016,2019,15,xgb_reg,gasly,6,10,0.8235294117647058,2,3,4,H2 (late),T3 (late),Q4 (76–100%)
2020,2016,2019,15,xgb_clf,vettel,13,12,0.8235294117647058,2,3,4,H2 (late),T3 (late),Q4 (76–100%)
2020,2016,2019,15,xgb_ranker,stroll,19,1,0.8235294117647058,2,3,4,H2 (late),T3 (late),Q4 (76–100%)
2020,2016,2019,15,lgb_reg,ocon,9,18,0.8235294117647058,2,3,4,H2 (late),T3 (late),Q4 (76–100%)
2020,2016,2019,15,ensemble,gasly,6,10,0.8235294117647058,2,3,4,H2 (late),T3 (late),Q4 (76–100%)
2020,2016,2019,16,ridge,sainz,4,6,0.8823529411764706,2,3,4,H2 (late),T3 (late),Q4 (76–100%)
2020,2016,2019,16,rf_reg,norris,10,25,0.8823529411764706,2,3,4,H2 (late),T3 (late),Q4 (76–100%)
2020,2016,2019,16,rf_clf,ocon,2,2,0.8823529411764706,2,3,4,H2 (late),T3 (late),Q4 (76–100%)
2020,2016,2019,16,xgb_reg,sainz,4,6,0.8823529411764706,2,3,4,H2 (late),T3 (late),Q4 (76–100%)
2020,2016,2019,16,xgb_clf,stroll,3,4,0.8823529411764706,2,3,4,H2 (late),T3 (late),Q4 (76–100%)
2020,2016,2019,16,xgb_ranker,stroll,3,4,0.8823529411764706,2,3,4,H2 (late),T3 (late),Q4 (76–100%)
2020,2016,2019,16,lgb_reg,gasly,11,18,0.8823529411764706,2,3,4,H2 (late),T3 (late),Q4 (76–100%)
2020,2016,2019,16,ensemble,gasly,11,18,0.8823529411764706,2,3,4,H2 (late),T3 (late),Q4 (76–100%)
2020,2016,2019,17,ridge,kvyat,11,18,0.9411764705882353,2,3,4,H2 (late),T3 (late),Q4 (76–100%)
2020,2016,2019,17,rf_reg,kvyat,11,18,0.9411764705882353,2,3,4,H2 (late),T3 (late),Q4 (76–100%)
2020,2016,2019,17,rf_clf,ocon,9,18,0.9411764705882353,2,3,4,H2 (late),T3 (late),Q4 (76–100%)
2020,2016,2019,17,xgb_reg,ocon,9,18,0.9411764705882353,2,3,4,H2 (late),T3 (late),Q4 (76–100%)
2020,2016,2019,17,xgb_clf,ocon,9,18,0.9411764705882353,2,3,4,H2 (late),T3 (late),Q4 (76–100%)
2020,2016,2019,17,xgb_ranker,ocon,9,18,0.9411764705882353,2,3,4,H2 (late),T3 (late),Q4 (76–100%)
2020,2016,2019,17,lgb_reg,ocon,9,18,0.9411764705882353,2,3,4,H2 (late),T3 (late),Q4 (76–100%)
2020,2016,2019,17,ensemble,ocon,9,18,0.9411764705882353,2,3,4,H2 (late),T3 (late),Q4 (76–100%)
2021,2017,2020,1,ridge,gasly,17,4,0.0,1,1,1,H1 (early),T1 (early),Q1 (R1–25%)
2021,2017,2020,1,rf_reg,gasly,17,4,0.0,1,1,1,H1 (early),T1 (early),Q1 (R1–25%)
2021,2017,2020,1,rf_clf,stroll,10,25,0.0,1,1,1,H1 (early),T1 (early),Q1 (R1–25%)
2021,2017,2020,1,xgb_reg,perez,5,8,0.0,1,1,1,H1 (early),T1 (early),Q1 (R1–25%)
2021,2017,2020,1,xgb_clf,raikkonen,11,18,0.0,1,1,1,H1 (early),T1 (early),Q1 (R1–25%)
2021,2017,2020,1,xgb_ranker,perez,5,8,0.0,1,1,1,H1 (early),T1 (early),Q1 (R1–25%)
2021,2017,2020,1,lgb_reg,perez,5,8,0.0,1,1,1,H1 (early),T1 (early),Q1 (R1–25%)
2021,2017,2020,1,ensemble,gasly,17,4,0.0,1,1,1,H1 (early),T1 (early),Q1 (R1–25%)
2021,2017,2020,2,ridge,ricciardo,6,10,0.045454545454545456,1,1,1,H1 (early),T1 (early),Q1 (R1–25%)
2021,2017,2020,2,rf_reg,stroll,8,15,0.045454545454545456,1,1,1,H1 (early),T1 (early),Q1 (R1–25%)
2021,2017,2020,2,rf_clf,giovinazzi,14,10,0.045454545454545456,1,1,1,H1 (early),T1 (early),Q1 (R1–25%)
2021,2017,2020,2,xgb_reg,ricciardo,6,10,0.045454545454545456,1,1,1,H1 (early),T1 (early),Q1 (R1–25%)
2021,2017,2020,2,xgb_clf,raikkonen,13,12,0.045454545454545456,1,1,1,H1 (early),T1 (early),Q1 (R1–25%)
2021,2017,2020,2,xgb_ranker,alonso,10,25,0.045454545454545456,1,1,1,H1 (early),T1 (early),Q1 (R1–25%)
2021,2017,2020,2,lgb_reg,alonso,10,25,0.045454545454545456,1,1,1,H1 (early),T1 (early),Q1 (R1–25%)
2021,2017,2020,2,ensemble,stroll,8,15,0.045454545454545456,1,1,1,H1 (early),T1 (early),Q1 (R1–25%)
2021,2017,2020,3,ridge,gasly,10,25,0.09090909090909091,1,1,1,H1 (early),T1 (early),Q1 (R1–25%)
2021,2017,2020,3,rf_reg,leclerc,6,10,0.09090909090909091,1,1,1,H1 (early),T1 (early),Q1 (R1–25%)
2021,2017,2020,3,rf_clf,gasly,10,25,0.09090909090909091,1,1,1,H1 (early),T1 (early),Q1 (R1–25%)
2021,2017,2020,3,xgb_reg,gasly,10,25,0.09090909090909091,1,1,1,H1 (early),T1 (early),Q1 (R1–25%)
2021,2017,2020,3,xgb_clf,alonso,8,15,0.09090909090909091,1,1,1,H1 (early),T1 (early),Q1 (R1–25%)
2021,2017,2020,3,xgb_ranker,alonso,8,15,0.09090909090909091,1,1,1,H1 (early),T1 (early),Q1 (R1–25%)
2021,2017,2020,3,lgb_reg,alonso,8,15,0.09090909090909091,1,1,1,H1 (early),T1 (early),Q1 (R1–25%)
2021,2017,2020,3,ensemble,gasly,10,25,0.09090909090909091,1,1,1,H1 (early),T1 (early),Q1 (R1–25%)
2021,2017,2020,4,ridge,alonso,17,4,0.13636363636363635,1,1,1,H1 (early),T1 (early),Q1 (R1–25%)
2021,2017,2020,4,rf_reg,norris,8,15,0.13636363636363635,1,1,1,H1 (early),T1 (early),Q1 (R1–25%)
2021,2017,2020,4,rf_clf,stroll,11,18,0.13636363636363635,1,1,1,H1 (early),T1 (early),Q1 (R1–25%)
2021,2017,2020,4,xgb_reg,gasly,10,25,0.13636363636363635,1,1,1,H1 (early),T1 (early),Q1 (R1–25%)
2021,2017,2020,4,xgb_clf,vettel,13,12,0.13636363636363635,1,1,1,H1 (early),T1 (early),Q1 (R1–25%)
2021,2017,2020,4,xgb_ranker,gasly,10,25,0.13636363636363635,1,1,1,H1 (early),T1 (early),Q1 (R1–25%)
2021,2017,2020,4,lgb_reg,perez,5,8,0.13636363636363635,1,1,1,H1 (early),T1 (early),Q1 (R1–25%)
2021,2017,2020,4,ensemble,alonso,17,4,0.13636363636363635,1,1,1,H1 (early),T1 (early),Q1 (R1–25%)
2021,2017,2020,5,ridge,vettel,5,8,0.18181818181818182,1,1,1,H1 (early),T1 (early),Q1 (R1–25%)
2021,2017,2020,5,rf_reg,ricciardo,12,15,0.18181818181818182,1,1,1,H1 (early),T1 (early),Q1 (R1–25%)
2021,2017,2020,5,rf_clf,stroll,8,15,0.18181818181818182,1,1,1,H1 (early),T1 (early),Q1 (R1–25%)
2021,2017,2020,5,xgb_reg,ricciardo,12,15,0.18181818181818182,1,1,1,H1 (early),T1 (early),Q1 (R1–25%)
2021,2017,2020,5,xgb_clf,ricciardo,12,15,0.18181818181818182,1,1,1,H1 (early),T1 (early),Q1 (R1–25%)
2021,2017,2020,5,xgb_ranker,ricciardo,12,15,0.18181818181818182,1,1,1,H1 (early),T1 (early),Q1 (R1–25%)
2021,2017,2020,5,lgb_reg,perez,4,6,0.18181818181818182,1,1,1,H1 (early),T1 (early),Q1 (R1–25%)
2021,2017,2020,5,ensemble,ricciardo,12,15,0.18181818181818182,1,1,1,H1 (early),T1 (early),Q1 (R1–25%)
2021,2017,2020,6,ridge,tsunoda,7,12,0.22727272727272727,1,1,1,H1 (early),T1 (early),Q1 (R1–25%)
2021,2017,2020,6,rf_reg,alonso,6,10,0.22727272727272727,1,1,1,H1 (early),T1 (early),Q1 (R1–25%)
2021,2017,2020,6,rf_clf,stroll,19,1,0.22727272727272727,1,1,1,H1 (early),T1 (early),Q1 (R1–25%)
2021,2017,2020,6,xgb_reg,alonso,6,10,0.22727272727272727,1,1,1,H1 (early),T1 (early),Q1 (R1–25%)
2021,2017,2020,6,xgb_clf,stroll,19,1,0.22727272727272727,1,1,1,H1 (early),T1 (early),Q1 (R1–25%)
2021,2017,2020,6,xgb_ranker,stroll,19,1,0.22727272727272727,1,1,1,H1 (early),T1 (early),Q1 (R1–25%)
2021,2017,2020,6,lgb_reg,raikkonen,10,25,0.22727272727272727,1,1,1,H1 (early),T1 (early),Q1 (R1–25%)
2021,2017,2020,6,ensemble,ocon,20,0,0.22727272727272727,1,1,1,H1 (early),T1 (early),Q1 (R1–25%)
2021,2017,2020,7,ridge,ocon,14,10,0.2727272727272727,1,1,2,H1 (early),T1 (early),Q2 (26–50%)
2021,2017,2020,7,rf_reg,ricciardo,6,10,0.2727272727272727,1,1,2,H1 (early),T1 (early),Q2 (26–50%)
2021,2017,2020,7,rf_clf,ocon,14,10,0.2727272727272727,1,1,2,H1 (early),T1 (early),Q2 (26–50%)
2021,2017,2020,7,xgb_reg,ocon,14,10,0.2727272727272727,1,1,2,H1 (early),T1 (early),Q2 (26–50%)
2021,2017,2020,7,xgb_clf,ocon,14,10,0.2727272727272727,1,1,2,H1 (early),T1 (early),Q2 (26–50%)
2021,2017,2020,7,xgb_ranker,ocon,14,10,0.2727272727272727,1,1,2,H1 (early),T1 (early),Q2 (26–50%)
2021,2017,2020,7,lgb_reg,perez,3,4,0.2727272727272727,1,1,2,H1 (early),T1 (early),Q2 (26–50%)
2021,2017,2020,7,ensemble,ricciardo,6,10,0.2727272727272727,1,1,2,H1 (early),T1 (early),Q2 (26–50%)
2021,2017,2020,8,ridge,alonso,9,18,0.3181818181818182,1,1,2,H1 (early),T1 (early),Q2 (26–50%)
2021,2017,2020,8,rf_reg,stroll,8,15,0.3181818181818182,1,1,2,H1 (early),T1 (early),Q2 (26–50%)
2021,2017,2020,8,rf_clf,ocon,14,10,0.3181818181818182,1,1,2,H1 (early),T1 (early),Q2 (26–50%)
2021,2017,2020,8,xgb_reg,ocon,14,10,0.3181818181818182,1,1,2,H1 (early),T1 (early),Q2 (26–50%)
2021,2017,2020,8,xgb_clf,tsunoda,10,25,0.3181818181818182,1,1,2,H1 (early),T1 (early),Q2 (26–50%)
2021,2017,2020,8,xgb_ranker,tsunoda,10,25,0.3181818181818182,1,1,2,H1 (early),T1 (early),Q2 (26–50%)
2021,2017,2020,8,lgb_reg,ricciardo,13,12,0.3181818181818182,1,1,2,H1 (early),T1 (early),Q2 (26–50%)
2021,2017,2020,8,ensemble,stroll,8,15,0.3181818181818182,1,1,2,H1 (early),T1 (early),Q2 (26–50%)
2021,2017,2020,9,ridge,tsunoda,12,15,0.36363636363636365,1,2,2,H1 (early),T2 (mid),Q2 (26–50%)
2021,2017,2020,9,rf_reg,sainz,5,8,0.36363636363636365,1,2,2,H1 (early),T2 (mid),Q2 (26–50%)
2021,2017,2020,9,rf_clf,ocon,20,0,0.36363636363636365,1,2,2,H1 (early),T2 (mid),Q2 (26–50%)
2021,2017,2020,9,xgb_reg,sainz,5,8,0.36363636363636365,1,2,2,H1 (early),T2 (mid),Q2 (26–50%)
2021,2017,2020,9,xgb_clf,ocon,20,0,0.36363636363636365,1,2,2,H1 (early),T2 (mid),Q2 (26–50%)
2021,2017,2020,9,xgb_ranker,alonso,10,25,0.36363636363636365,1,2,2,H1 (early),T2 (mid),Q2 (26–50%)
2021,2017,2020,9,lgb_reg,stroll,13,12,0.36363636363636365,1,2,2,H1 (early),T2 (mid),Q2 (26–50%)
2021,2017,2020,9,ensemble,stroll,13,12,0.36363636363636365,1,2,2,H1 (early),T2 (mid),Q2 (26–50%)
2021,2017,2020,10,ridge,vettel,19,1,0.4090909090909091,1,2,2,H1 (early),T2 (mid),Q2 (26–50%)
2021,2017,2020,10,rf_reg,vettel,19,1,0.4090909090909091,1,2,2,H1 (early),T2 (mid),Q2 (26–50%)
2021,2017,2020,10,rf_clf,alonso,7,12,0.4090909090909091,1,2,2,H1 (early),T2 (mid),Q2 (26–50%)
2021,2017,2020,10,xgb_reg,gasly,11,18,0.4090909090909091,1,2,2,H1 (early),T2 (mid),Q2 (26–50%)
2021,2017,2020,10,xgb_clf,stroll,8,15,0.4090909090909091,1,2,2,H1 (early),T2 (mid),Q2 (26–50%)
2021,2017,2020,10,xgb_ranker,vettel,19,1,0.4090909090909091,1,2,2,H1 (early),T2 (mid),Q2 (26–50%)
2021,2017,2020,10,lgb_reg,norris,4,6,0.4090909090909091,1,2,2,H1 (early),T2 (mid),Q2 (26–50%)
2021,2017,2020,10,ensemble,vettel,19,1,0.4090909090909091,1,2,2,H1 (early),T2 (mid),Q2 (26–50%)
2021,2017,2020,11,ridge,alonso,4,6,0.45454545454545453,1,2,2,H1 (early),T2 (mid),Q2 (26–50%)
2021,2017,2020,11,rf_reg,alonso,4,6,0.45454545454545453,1,2,2,H1 (early),T2 (mid),Q2 (26–50%)
2021,2017,2020,11,rf_clf,stroll,19,1,0.45454545454545453,1,2,2,H1 (early),T2 (mid),Q2 (26–50%)
2021,2017,2020,11,xgb_reg,stroll,19,1,0.45454545454545453,1,2,2,H1 (early),T2 (mid),Q2 (26–50%)
2021,2017,2020,11,xgb_clf,giovinazzi,13,12,0.45454545454545453,1,2,2,H1 (early),T2 (mid),Q2 (26–50%)
2021,2017,2020,11,xgb_ranker,stroll,19,1,0.45454545454545453,1,2,2,H1 (early),T2 (mid),Q2 (26–50%)
2021,2017,2020,11,lgb_reg,leclerc,18,2,0.45454545454545453,1,2,2,H1 (early),T2 (mid),Q2 (26–50%)
2021,2017,2020,11,ensemble,vettel,20,0,0.45454545454545453,1,2,2,H1 (early),T2 (mid),Q2 (26–50%)
2021,2017,2020,12,ridge,russell,2,2,0.5,2,2,3,H2 (late),T2 (mid),Q3 (51–75%)
2021,2017,2020,12,rf_reg,ocon,7,12,0.5,2,2,3,H2 (late),T2 (mid),Q3 (51–75%)
2021,2017,2020,12,rf_clf,stroll,20,0,0.5,2,2,3,H2 (late),T2 (mid),Q3 (51–75%)
2021,2017,2020,12,xgb_reg,alonso,11,18,0.5,2,2,3,H2 (late),T2 (mid),Q3 (51–75%)
2021,2017,2020,12,xgb_clf,stroll,20,0,0.5,2,2,3,H2 (late),T2 (mid),Q3 (51–75%)
2021,2017,2020,12,xgb_ranker,stroll,20,0,0.5,2,2,3,H2 (late),T2 (mid),Q3 (51–75%)
2021,2017,2020,12,lgb_reg,alonso,11,18,0.5,2,2,3,H2 (late),T2 (mid),Q3 (51–75%)
2021,2017,2020,12,ensemble,ocon,7,12,0.5,2,2,3,H2 (late),T2 (mid),Q3 (51–75%)
2021,2017,2020,13,ridge,norris,10,25,0.5454545454545454,2,2,3,H2 (late),T2 (mid),Q3 (51–75%)
2021,2017,2020,13,rf_reg,perez,8,15,0.5454545454545454,2,2,3,H2 (late),T2 (mid),Q3 (51–75%)
2021,2017,2020,13,rf_clf,alonso,6,10,0.5454545454545454,2,2,3,H2 (late),T2 (mid),Q3 (51–75%)
2021,2017,2020,13,xgb_reg,ricciardo,11,18,0.5454545454545454,2,2,3,H2 (late),T2 (mid),Q3 (51–75%)
2021,2017,2020,13,xgb_clf,ricciardo,11,18,0.5454545454545454,2,2,3,H2 (late),T2 (mid),Q3 (51–75%)
2021,2017,2020,13,xgb_ranker,ricciardo,11,18,0.5454545454545454,2,2,3,H2 (late),T2 (mid),Q3 (51–75%)
2021,2017,2020,13,lgb_reg,perez,8,15,0.5454545454545454,2,2,3,H2 (late),T2 (mid),Q3 (51–75%)
2021,2017,2020,13,ensemble,ricciardo,11,18,0.5454545454545454,2,2,3,H2 (late),T2 (mid),Q3 (51–75%)
2021,2017,2020,14,ridge,sainz,6,10,0.5909090909090909,2,2,3,H2 (late),T2 (mid),Q3 (51–75%)
2021,2017,2020,14,rf_reg,sainz,6,10,0.5909090909090909,2,2,3,H2 (late),T2 (mid),Q3 (51–75%)
2021,2017,2020,14,rf_clf,stroll,7,12,0.5909090909090909,2,2,3,H2 (late),T2 (mid),Q3 (51–75%)
2021,2017,2020,14,xgb_reg,vettel,12,15,0.5909090909090909,2,2,3,H2 (late),T2 (mid),Q3 (51–75%)
2021,2017,2020,14,xgb_clf,giovinazzi,13,12,0.5909090909090909,2,2,3,H2 (late),T2 (mid),Q3 (51–75%)
2021,2017,2020,14,xgb_ranker,stroll,7,12,0.5909090909090909,2,2,3,H2 (late),T2 (mid),Q3 (51–75%)
2021,2017,2020,14,lgb_reg,alonso,8,15,0.5909090909090909,2,2,3,H2 (late),T2 (mid),Q3 (51–75%)
2021,2017,2020,14,ensemble,alonso,8,15,0.5909090909090909,2,2,3,H2 (late),T2 (mid),Q3 (51–75%)
2021,2017,2020,15,ridge,ocon,14,10,0.6363636363636364,2,2,3,H2 (late),T2 (mid),Q3 (51–75%)
2021,2017,2020,15,rf_reg,ocon,14,10,0.6363636363636364,2,2,3,H2 (late),T2 (mid),Q3 (51–75%)
2021,2017,2020,15,rf_clf,stroll,11,18,0.6363636363636364,2,2,3,H2 (late),T2 (mid),Q3 (51–75%)
2021,2017,2020,15,xgb_reg,perez,9,18,0.6363636363636364,2,2,3,H2 (late),T2 (mid),Q3 (51–75%)
2021,2017,2020,15,xgb_clf,stroll,11,18,0.6363636363636364,2,2,3,H2 (late),T2 (mid),Q3 (51–75%)
2021,2017,2020,15,xgb_ranker,stroll,11,18,0.6363636363636364,2,2,3,H2 (late),T2 (mid),Q3 (51–75%)
2021,2017,2020,15,lgb_reg,gasly,13,12,0.6363636363636364,2,2,3,H2 (late),T2 (mid),Q3 (51–75%)
2021,2017,2020,15,ensemble,ocon,14,10,0.6363636363636364,2,2,3,H2 (late),T2 (mid),Q3 (51–75%)
2021,2017,2020,16,ridge,ocon,10,25,0.6818181818181818,2,3,3,H2 (late),T3 (late),Q3 (51–75%)
2021,2017,2020,16,rf_reg,ocon,10,25,0.6818181818181818,2,3,3,H2 (late),T3 (late),Q3 (51–75%)
2021,2017,2020,16,rf_clf,vettel,18,2,0.6818181818181818,2,3,3,H2 (late),T3 (late),Q3 (51–75%)
2021,2017,2020,16,xgb_reg,alonso,16,6,0.6818181818181818,2,3,3,H2 (late),T3 (late),Q3 (51–75%)
2021,2017,2020,16,xgb_clf,tsunoda,14,10,0.6818181818181818,2,3,3,H2 (late),T3 (late),Q3 (51–75%)
2021,2017,2020,16,xgb_ranker,tsunoda,14,10,0.6818181818181818,2,3,3,H2 (late),T3 (late),Q3 (51–75%)
2021,2017,2020,16,lgb_reg,vettel,18,2,0.6818181818181818,2,3,3,H2 (late),T3 (late),Q3 (51–75%)
2021,2017,2020,16,ensemble,ocon,10,25,0.6818181818181818,2,3,3,H2 (late),T3 (late),Q3 (51–75%)
2021,2017,2020,17,ridge,gasly,20,0,0.7272727272727273,2,3,3,H2 (late),T3 (late),Q3 (51–75%)
2021,2017,2020,17,rf_reg,gasly,20,0,0.7272727272727273,2,3,3,H2 (late),T3 (late),Q3 (51–75%)
2021,2017,2020,17,rf_clf,tsunoda,9,18,0.7272727272727273,2,3,3,H2 (late),T3 (late),Q3 (51–75%)
2021,2017,2020,17,xgb_reg,tsunoda,9,18,0.7272727272727273,2,3,3,H2 (late),T3 (late),Q3 (51–75%)
2021,2017,2020,17,xgb_clf,tsunoda,9,18,0.7272727272727273,2,3,3,H2 (late),T3 (late),Q3 (51–75%)
2021,2017,2020,17,xgb_ranker,stroll,12,15,0.7272727272727273,2,3,3,H2 (late),T3 (late),Q3 (51–75%)
2021,2017,2020,17,lgb_reg,tsunoda,9,18,0.7272727272727273,2,3,3,H2 (late),T3 (late),Q3 (51–75%)
2021,2017,2020,17,ensemble,gasly,20,0,0.7272727272727273,2,3,3,H2 (late),T3 (late),Q3 (51–75%)
2021,2017,2020,18,ridge,norris,10,25,0.7727272727272727,2,3,4,H2 (late),T3 (late),Q4 (76–100%)
2021,2017,2020,18,rf_reg,vettel,7,12,0.7727272727272727,2,3,4,H2 (late),T3 (late),Q4 (76–100%)
2021,2017,2020,18,rf_clf,vettel,7,12,0.7727272727272727,2,3,4,H2 (late),T3 (late),Q4 (76–100%)
2021,2017,2020,18,xgb_reg,tsunoda,20,0,0.7727272727272727,2,3,4,H2 (late),T3 (late),Q4 (76–100%)
2021,2017,2020,18,xgb_clf,vettel,7,12,0.7727272727272727,2,3,4,H2 (late),T3 (late),Q4 (76–100%)
2021,2017,2020,18,xgb_ranker,vettel,7,12,0.7727272727272727,2,3,4,H2 (late),T3 (late),Q4 (76–100%)
2021,2017,2020,18,lgb_reg,gasly,4,6,0.7727272727272727,2,3,4,H2 (late),T3 (late),Q4 (76–100%)
2021,2017,2020,18,ensemble,tsunoda,20,0,0.7727272727272727,2,3,4,H2 (late),T3 (late),Q4 (76–100%)
2021,2017,2020,19,ridge,ricciardo,19,1,0.8181818181818182,2,3,4,H2 (late),T3 (late),Q4 (76–100%)
2021,2017,2020,19,rf_reg,ocon,8,15,0.8181818181818182,2,3,4,H2 (late),T3 (late),Q4 (76–100%)
2021,2017,2020,19,rf_clf,vettel,11,18,0.8181818181818182,2,3,4,H2 (late),T3 (late),Q4 (76–100%)
2021,2017,2020,19,xgb_reg,perez,4,6,0.8181818181818182,2,3,4,H2 (late),T3 (late),Q4 (76–100%)
2021,2017,2020,19,xgb_clf,stroll,20,0,0.8181818181818182,2,3,4,H2 (late),T3 (late),Q4 (76–100%)
2021,2017,2020,19,xgb_ranker,giovinazzi,14,10,0.8181818181818182,2,3,4,H2 (late),T3 (late),Q4 (76–100%)
2021,2017,2020,19,lgb_reg,max_verstappen,2,2,0.8181818181818182,2,3,4,H2 (late),T3 (late),Q4 (76–100%)
2021,2017,2020,19,ensemble,alonso,9,18,0.8181818181818182,2,3,4,H2 (late),T3 (late),Q4 (76–100%)
2021,2017,2020,20,ridge,tsunoda,13,12,0.8636363636363636,2,3,4,H2 (late),T3 (late),Q4 (76–100%)
2021,2017,2020,20,rf_reg,vettel,10,25,0.8636363636363636,2,3,4,H2 (late),T3 (late),Q4 (76–100%)
2021,2017,2020,20,rf_clf,stroll,6,10,0.8636363636363636,2,3,4,H2 (late),T3 (late),Q4 (76–100%)
2021,2017,2020,20,xgb_reg,stroll,6,10,0.8636363636363636,2,3,4,H2 (late),T3 (late),Q4 (76–100%)
2021,2017,2020,20,xgb_clf,stroll,6,10,0.8636363636363636,2,3,4,H2 (late),T3 (late),Q4 (76–100%)
2021,2017,2020,20,xgb_ranker,stroll,6,10,0.8636363636363636,2,3,4,H2 (late),T3 (late),Q4 (76–100%)
2021,2017,2020,20,lgb_reg,stroll,6,10,0.8636363636363636,2,3,4,H2 (late),T3 (late),Q4 (76–100%)
2021,2017,2020,20,ensemble,vettel,10,25,0.8636363636363636,2,3,4,H2 (late),T3 (late),Q4 (76–100%)
2021,2017,2020,21,ridge,ocon,4,6,0.9090909090909091,2,3,4,H2 (late),T3 (late),Q4 (76–100%)
2021,2017,2020,21,rf_reg,tsunoda,14,10,0.9090909090909091,2,3,4,H2 (late),T3 (late),Q4 (76–100%)
2021,2017,2020,21,rf_clf,tsunoda,14,10,0.9090909090909091,2,3,4,H2 (late),T3 (late),Q4 (76–100%)
2021,2017,2020,21,xgb_reg,ocon,4,6,0.9090909090909091,2,3,4,H2 (late),T3 (late),Q4 (76–100%)
2021,2017,2020,21,xgb_clf,tsunoda,14,10,0.9090909090909091,2,3,4,H2 (late),T3 (late),Q4 (76–100%)
2021,2017,2020,21,xgb_ranker,ricciardo,5,8,0.9090909090909091,2,3,4,H2 (late),T3 (late),Q4 (76–100%)
2021,2017,2020,21,lgb_reg,perez,17,4,0.9090909090909091,2,3,4,H2 (late),T3 (late),Q4 (76–100%)
2021,2017,2020,21,ensemble,ocon,4,6,0.9090909090909091,2,3,4,H2 (late),T3 (late),Q4 (76–100%)
2021,2017,2020,22,ridge,ricciardo,12,15,0.9545454545454546,2,3,4,H2 (late),T3 (late),Q4 (76–100%)
2021,2017,2020,22,rf_reg,tsunoda,4,6,0.9545454545454546,2,3,4,H2 (late),T3 (late),Q4 (76–100%)
2021,2017,2020,22,rf_clf,vettel,11,18,0.9545454545454546,2,3,4,H2 (late),T3 (late),Q4 (76–100%)
2021,2017,2020,22,xgb_reg,ocon,9,18,0.9545454545454546,2,3,4,H2 (late),T3 (late),Q4 (76–100%)
2021,2017,2020,22,xgb_clf,stroll,13,12,0.9545454545454546,2,3,4,H2 (late),T3 (late),Q4 (76–100%)
2021,2017,2020,22,xgb_ranker,raikkonen,19,1,0.9545454545454546,2,3,4,H2 (late),T3 (late),Q4 (76–100%)
2021,2017,2020,22,lgb_reg,alonso,8,15,0.9545454545454546,2,3,4,H2 (late),T3 (late),Q4 (76–100%)
2021,2017,2020,22,ensemble,ocon,9,18,0.9545454545454546,2,3,4,H2 (late),T3 (late),Q4 (76–100%)
2022,2018,2021,1,ridge,alonso,9,18,0.0,1,1,1,H1 (early),T1 (early),Q1 (R1–25%)
2022,2018,2021,1,rf_reg,ocon,7,12,0.0,1,1,1,H1 (early),T1 (early),Q1 (R1–25%)
2022,2018,2021,1,rf_clf,norris,15,8,0.0,1,1,1,H1 (early),T1 (early),Q1 (R1–25%)
2022,2018,2021,1,xgb_reg,ricciardo,14,10,0.0,1,1,1,H1 (early),T1 (early),Q1 (R1–25%)
2022,2018,2021,1,xgb_clf,norris,15,8,0.0,1,1,1,H1 (early),T1 (early),Q1 (R1–25%)
2022,2018,2021,1,xgb_ranker,tsunoda,8,15,0.0,1,1,1,H1 (early),T1 (early),Q1 (R1–25%)
2022,2018,2021,1,lgb_reg,tsunoda,8,15,0.0,1,1,1,H1 (early),T1 (early),Q1 (R1–25%)
2022,2018,2021,1,ensemble,gasly,20,0,0.0,1,1,1,H1 (early),T1 (early),Q1 (R1–25%)
2022,2018,2021,2,ridge,gasly,8,15,0.045454545454545456,1,1,1,H1 (early),T1 (early),Q1 (R1–25%)
2022,2018,2021,2,rf_reg,bottas,15,8,0.045454545454545456,1,1,1,H1 (early),T1 (early),Q1 (R1–25%)
2022,2018,2021,2,rf_clf,norris,7,12,0.045454545454545456,1,1,1,H1 (early),T1 (early),Q1 (R1–25%)
2022,2018,2021,2,xgb_reg,bottas,15,8,0.045454545454545456,1,1,1,H1 (early),T1 (early),Q1 (R1–25%)
2022,2018,2021,2,xgb_clf,mick_schumacher,20,0,0.045454545454545456,1,1,1,H1 (early),T1 (early),Q1 (R1–25%)
2022,2018,2021,2,xgb_ranker,kevin_magnussen,9,18,0.045454545454545456,1,1,1,H1 (early),T1 (early),Q1 (R1–25%)
2022,2018,2021,2,lgb_reg,kevin_magnussen,9,18,0.045454545454545456,1,1,1,H1 (early),T1 (early),Q1 (R1–25%)
2022,2018,2021,2,ensemble,kevin_magnussen,9,18,0.045454545454545456,1,1,1,H1 (early),T1 (early),Q1 (R1–25%)
2022,2018,2021,3,ridge,alonso,17,4,0.09090909090909091,1,1,1,H1 (early),T1 (early),Q1 (R1–25%)
2022,2018,2021,3,rf_reg,gasly,9,18,0.09090909090909091,1,1,1,H1 (early),T1 (early),Q1 (R1–25%)
2022,2018,2021,3,rf_clf,tsunoda,15,8,0.09090909090909091,1,1,1,H1 (early),T1 (early),Q1 (R1–25%)
2022,2018,2021,3,xgb_reg,alonso,17,4,0.09090909090909091,1,1,1,H1 (early),T1 (early),Q1 (R1–25%)
2022,2018,2021,3,xgb_clf,tsunoda,15,8,0.09090909090909091,1,1,1,H1 (early),T1 (early),Q1 (R1–25%)
2022,2018,2021,3,xgb_ranker,tsunoda,15,8,0.09090909090909091,1,1,1,H1 (early),T1 (early),Q1 (R1–25%)
2022,2018,2021,3,lgb_reg,tsunoda,15,8,0.09090909090909091,1,1,1,H1 (early),T1 (early),Q1 (R1–25%)
2022,2018,2021,3,ensemble,gasly,9,18,0.09090909090909091,1,1,1,H1 (early),T1 (early),Q1 (R1–25%)
2022,2018,2021,4,ridge,vettel,8,15,0.13636363636363635,1,1,1,H1 (early),T1 (early),Q1 (R1–25%)
2022,2018,2021,4,rf_reg,sainz,20,0,0.13636363636363635,1,1,1,H1 (early),T1 (early),Q1 (R1–25%)
2022,2018,2021,4,rf_clf,mick_schumacher,17,4,0.13636363636363635,1,1,1,H1 (early),T1 (early),Q1 (R1–25%)
2022,2018,2021,4,xgb_reg,hamilton,13,12,0.13636363636363635,1,1,1,H1 (early),T1 (early),Q1 (R1–25%)
2022,2018,2021,4,xgb_clf,mick_schumacher,17,4,0.13636363636363635,1,1,1,H1 (early),T1 (early),Q1 (R1–25%)
2022,2018,2021,4,xgb_ranker,tsunoda,7,12,0.13636363636363635,1,1,1,H1 (early),T1 (early),Q1 (R1–25%)
2022,2018,2021,4,lgb_reg,tsunoda,7,12,0.13636363636363635,1,1,1,H1 (early),T1 (early),Q1 (R1–25%)
2022,2018,2021,4,ensemble,russell,4,6,0.13636363636363635,1,1,1,H1 (early),T1 (early),Q1 (R1–25%)
2022,2018,2021,5,ridge,tsunoda,12,15,0.18181818181818182,1,1,1,H1 (early),T1 (early),Q1 (R1–25%)
2022,2018,2021,5,rf_reg,norris,19,1,0.18181818181818182,1,1,1,H1 (early),T1 (early),Q1 (R1–25%)
2022,2018,2021,5,rf_clf,ricciardo,13,12,0.18181818181818182,1,1,1,H1 (early),T1 (early),Q1 (R1–25%)
2022,2018,2021,5,xgb_reg,tsunoda,12,15,0.18181818181818182,1,1,1,H1 (early),T1 (early),Q1 (R1–25%)
2022,2018,2021,5,xgb_clf,vettel,17,4,0.18181818181818182,1,1,1,H1 (early),T1 (early),Q1 (R1–25%)
2022,2018,2021,5,xgb_ranker,vettel,17,4,0.18181818181818182,1,1,1,H1 (early),T1 (early),Q1 (R1–25%)
2022,2018,2021,5,lgb_reg,tsunoda,12,15,0.18181818181818182,1,1,1,H1 (early),T1 (early),Q1 (R1–25%)
2022,2018,2021,5,ensemble,tsunoda,12,15,0.18181818181818182,1,1,1,H1 (early),T1 (early),Q1 (R1–25%)
2022,2018,2021,6,ridge,bottas,6,10,0.22727272727272727,1,1,1,H1 (early),T1 (early),Q1 (R1–25%)
2022,2018,2021,6,rf_reg,kevin_magnussen,17,4,0.22727272727272727,1,1,1,H1 (early),T1 (early),Q1 (R1–25%)
2022,2018,2021,6,rf_clf,tsunoda,10,25,0.22727272727272727,1,1,1,H1 (early),T1 (early),Q1 (R1–25%)
2022,2018,2021,6,xgb_reg,perez,2,2,0.22727272727272727,1,1,1,H1 (early),T1 (early),Q1 (R1–25%)
2022,2018,2021,6,xgb_clf,tsunoda,10,25,0.22727272727272727,1,1,1,H1 (early),T1 (early),Q1 (R1–25%)
2022,2018,2021,6,xgb_ranker,tsunoda,10,25,0.22727272727272727,1,1,1,H1 (early),T1 (early),Q1 (R1–25%)
2022,2018,2021,6,lgb_reg,perez,2,2,0.22727272727272727,1,1,1,H1 (early),T1 (early),Q1 (R1–25%)
2022,2018,2021,6,ensemble,kevin_magnussen,17,4,0.22727272727272727,1,1,1,H1 (early),T1 (early),Q1 (R1–25%)
2022,2018,2021,7,ridge,vettel,10,25,0.2727272727272727,1,1,2,H1 (early),T1 (early),Q2 (26–50%)
2022,2018,2021,7,rf_reg,hamilton,8,15,0.2727272727272727,1,1,2,H1 (early),T1 (early),Q2 (26–50%)
2022,2018,2021,7,rf_clf,bottas,9,18,0.2727272727272727,1,1,2,H1 (early),T1 (early),Q2 (26–50%)
2022,2018,2021,7,xgb_reg,bottas,9,18,0.2727272727272727,1,1,2,H1 (early),T1 (early),Q2 (26–50%)
2022,2018,2021,7,xgb_clf,bottas,9,18,0.2727272727272727,1,1,2,H1 (early),T1 (early),Q2 (26–50%)
2022,2018,2021,7,xgb_ranker,bottas,9,18,0.2727272727272727,1,1,2,H1 (early),T1 (early),Q2 (26–50%)
2022,2018,2021,7,lgb_reg,max_verstappen,3,4,0.2727272727272727,1,1,2,H1 (early),T1 (early),Q2 (26–50%)
2022,2018,2021,7,ensemble,hamilton,8,15,0.2727272727272727,1,1,2,H1 (early),T1 (early),Q2 (26–50%)
2022,2018,2021,8,ridge,alonso,7,12,0.3181818181818182,1,1,2,H1 (early),T1 (early),Q2 (26–50%)
2022,2018,2021,8,rf_reg,norris,9,18,0.3181818181818182,1,1,2,H1 (early),T1 (early),Q2 (26–50%)
2022,2018,2021,8,rf_clf,ricciardo,8,15,0.3181818181818182,1,1,2,H1 (early),T1 (early),Q2 (26–50%)
2022,2018,2021,8,xgb_reg,tsunoda,13,12,0.3181818181818182,1,1,2,H1 (early),T1 (early),Q2 (26–50%)
2022,2018,2021,8,xgb_clf,ricciardo,8,15,0.3181818181818182,1,1,2,H1 (early),T1 (early),Q2 (26–50%)
2022,2018,2021,8,xgb_ranker,ricciardo,8,15,0.3181818181818182,1,1,2,H1 (early),T1 (early),Q2 (26–50%)
2022,2018,2021,8,lgb_reg,tsunoda,13,12,0.3181818181818182,1,1,2,H1 (early),T1 (early),Q2 (26–50%)
2022,2018,2021,8,ensemble,tsunoda,13,12,0.3181818181818182,1,1,2,H1 (early),T1 (early),Q2 (26–50%)
2022,2018,2021,9,ridge,mick_schumacher,19,1,0.36363636363636365,1,2,2,H1 (early),T2 (mid),Q2 (26–50%)
2022,2018,2021,9,rf_reg,ricciardo,11,18,0.36363636363636365,1,2,2,H1 (early),T2 (mid),Q2 (26–50%)
2022,2018,2021,9,rf_clf,ricciardo,11,18,0.36363636363636365,1,2,2,H1 (early),T2 (mid),Q2 (26–50%)
2022,2018,2021,9,xgb_reg,leclerc,5,8,0.36363636363636365,1,2,2,H1 (early),T2 (mid),Q2 (26–50%)
2022,2018,2021,9,xgb_clf,zhou,8,15,0.36363636363636365,1,2,2,H1 (early),T2 (mid),Q2 (26–50%)
2022,2018,2021,9,xgb_ranker,kevin_magnussen,17,4,0.36363636363636365,1,2,2,H1 (early),T2 (mid),Q2 (26–50%)
2022,2018,2021,9,lgb_reg,ocon,6,10,0.36363636363636365,1,2,2,H1 (early),T2 (mid),Q2 (26–50%)
2022,2018,2021,9,ensemble,ricciardo,11,18,0.36363636363636365,1,2,2,H1 (early),T2 (mid),Q2 (26–50%)
2022,2018,2021,10,ridge,alonso,5,8,0.4090909090909091,1,2,2,H1 (early),T2 (mid),Q2 (26–50%)
2022,2018,2021,10,rf_reg,bottas,17,4,0.4090909090909091,1,2,2,H1 (early),T2 (mid),Q2 (26–50%)
2022,2018,2021,10,rf_clf,bottas,17,4,0.4090909090909091,1,2,2,H1 (early),T2 (mid),Q2 (26–50%)
2022,2018,2021,10,xgb_reg,alonso,5,8,0.4090909090909091,1,2,2,H1 (early),T2 (mid),Q2 (26–50%)
2022,2018,2021,10,xgb_clf,zhou,19,1,0.4090909090909091,1,2,2,H1 (early),T2 (mid),Q2 (26–50%)
2022,2018,2021,10,xgb_ranker,bottas,17,4,0.4090909090909091,1,2,2,H1 (early),T2 (mid),Q2 (26–50%)
2022,2018,2021,10,lgb_reg,norris,6,10,0.4090909090909091,1,2,2,H1 (early),T2 (mid),Q2 (26–50%)
2022,2018,2021,10,ensemble,bottas,17,4,0.4090909090909091,1,2,2,H1 (early),T2 (mid),Q2 (26–50%)
2022,2018,2021,11,ridge,kevin_magnussen,8,15,0.45454545454545453,1,2,2,H1 (early),T2 (mid),Q2 (26–50%)
2022,2018,2021,11,rf_reg,bottas,11,18,0.45454545454545453,1,2,2,H1 (early),T2 (mid),Q2 (26–50%)
2022,2018,2021,11,rf_clf,bottas,11,18,0.45454545454545453,1,2,2,H1 (early),T2 (mid),Q2 (26–50%)
2022,2018,2021,11,xgb_reg,alonso,10,25,0.45454545454545453,1,2,2,H1 (early),T2 (mid),Q2 (26–50%)
2022,2018,2021,11,xgb_clf,gasly,15,8,0.45454545454545453,1,2,2,H1 (early),T2 (mid),Q2 (26–50%)
2022,2018,2021,11,xgb_ranker,gasly,15,8,0.45454545454545453,1,2,2,H1 (early),T2 (mid),Q2 (26–50%)
2022,2018,2021,11,lgb_reg,mick_schumacher,6,10,0.45454545454545453,1,2,2,H1 (early),T2 (mid),Q2 (26–50%)
2022,2018,2021,11,ensemble,bottas,11,18,0.45454545454545453,1,2,2,H1 (early),T2 (mid),Q2 (26–50%)
2022,2018,2021,12,ridge,ricciardo,9,18,0.5,2,2,3,H2 (late),T2 (mid),Q3 (51–75%)
2022,2018,2021,12,rf_reg,alonso,6,10,0.5,2,2,3,H2 (late),T2 (mid),Q3 (51–75%)
2022,2018,2021,12,rf_clf,ricciardo,9,18,0.5,2,2,3,H2 (late),T2 (mid),Q3 (51–75%)
2022,2018,2021,12,xgb_reg,ricciardo,9,18,0.5,2,2,3,H2 (late),T2 (mid),Q3 (51–75%)
2022,2018,2021,12,xgb_clf,bottas,14,10,0.5,2,2,3,H2 (late),T2 (mid),Q3 (51–75%)
2022,2018,2021,12,xgb_ranker,bottas,14,10,0.5,2,2,3,H2 (late),T2 (mid),Q3 (51–75%)
2022,2018,2021,12,lgb_reg,alonso,6,10,0.5,2,2,3,H2 (late),T2 (mid),Q3 (51–75%)
2022,2018,2021,12,ensemble,ricciardo,9,18,0.5,2,2,3,H2 (late),T2 (mid),Q3 (51–75%)
2022,2018,2021,13,ridge,perez,5,8,0.5454545454545454,2,2,3,H2 (late),T2 (mid),Q3 (51–75%)
2022,2018,2021,13,rf_reg,bottas,20,0,0.5454545454545454,2,2,3,H2 (late),T2 (mid),Q3 (51–75%)
2022,2018,2021,13,rf_clf,zhou,13,12,0.5454545454545454,2,2,3,H2 (late),T2 (mid),Q3 (51–75%)
2022,2018,2021,13,xgb_reg,ricciardo,15,8,0.5454545454545454,2,2,3,H2 (late),T2 (mid),Q3 (51–75%)
2022,2018,2021,13,xgb_clf,zhou,13,12,0.5454545454545454,2,2,3,H2 (late),T2 (mid),Q3 (51–75%)
2022,2018,2021,13,xgb_ranker,zhou,13,12,0.5454545454545454,2,2,3,H2 (late),T2 (mid),Q3 (51–75%)
2022,2018,2021,13,lgb_reg,ricciardo,15,8,0.5454545454545454,2,2,3,H2 (late),T2 (mid),Q3 (51–75%)
2022,2018,2021,13,ensemble,bottas,20,0,0.5454545454545454,2,2,3,H2 (late),T2 (mid),Q3 (51–75%)
2022,2018,2021,14,ridge,norris,12,15,0.5909090909090909,2,2,3,H2 (late),T2 (mid),Q3 (51–75%)
2022,2018,2021,14,rf_reg,norris,12,15,0.5909090909090909,2,2,3,H2 (late),T2 (mid),Q3 (51–75%)
2022,2018,2021,14,rf_clf,ricciardo,15,8,0.5909090909090909,2,2,3,H2 (late),T2 (mid),Q3 (51–75%)
2022,2018,2021,14,xgb_reg,ricciardo,15,8,0.5909090909090909,2,2,3,H2 (late),T2 (mid),Q3 (51–75%)
2022,2018,2021,14,xgb_clf,norris,12,15,0.5909090909090909,2,2,3,H2 (late),T2 (mid),Q3 (51–75%)
2022,2018,2021,14,xgb_ranker,norris,12,15,0.5909090909090909,2,2,3,H2 (late),T2 (mid),Q3 (51–75%)
2022,2018,2021,14,lgb_reg,albon,10,25,0.5909090909090909,2,2,3,H2 (late),T2 (mid),Q3 (51–75%)
2022,2018,2021,14,ensemble,norris,12,15,0.5909090909090909,2,2,3,H2 (late),T2 (mid),Q3 (51–75%)
2022,2018,2021,15,ridge,alonso,6,10,0.6363636363636364,2,2,3,H2 (late),T2 (mid),Q3 (51–75%)
2022,2018,2021,15,rf_reg,ocon,9,18,0.6363636363636364,2,2,3,H2 (late),T2 (mid),Q3 (51–75%)
2022,2018,2021,15,rf_clf,tsunoda,20,0,0.6363636363636364,2,2,3,H2 (late),T2 (mid),Q3 (51–75%)
2022,2018,2021,15,xgb_reg,ocon,9,18,0.6363636363636364,2,2,3,H2 (late),T2 (mid),Q3 (51–75%)
2022,2018,2021,15,xgb_clf,tsunoda,20,0,0.6363636363636364,2,2,3,H2 (late),T2 (mid),Q3 (51–75%)
2022,2018,2021,15,xgb_ranker,tsunoda,20,0,0.6363636363636364,2,2,3,H2 (late),T2 (mid),Q3 (51–75%)
2022,2018,2021,15,lgb_reg,tsunoda,20,0,0.6363636363636364,2,2,3,H2 (late),T2 (mid),Q3 (51–75%)
2022,2018,2021,15,ensemble,ocon,9,18,0.6363636363636364,2,2,3,H2 (late),T2 (mid),Q3 (51–75%)
2022,2018,2021,16,ridge,ricciardo,17,4,0.6818181818181818,2,3,3,H2 (late),T3 (late),Q3 (51–75%)
2022,2018,2021,16,rf_reg,ricciardo,17,4,0.6818181818181818,2,3,3,H2 (late),T3 (late),Q3 (51–75%)
2022,2018,2021,16,rf_clf,alonso,19,1,0.6818181818181818,2,3,3,H2 (late),T3 (late),Q3 (51–75%)
2022,2018,2021,16,xgb_reg,hamilton,5,8,0.6818181818181818,2,3,3,H2 (late),T3 (late),Q3 (51–75%)
2022,2018,2021,16,xgb_clf,bottas,13,12,0.6818181818181818,2,3,3,H2 (late),T3 (late),Q3 (51–75%)
2022,2018,2021,16,xgb_ranker,tsunoda,14,10,0.6818181818181818,2,3,3,H2 (late),T3 (late),Q3 (51–75%)
2022,2018,2021,16,lgb_reg,ocon,11,18,0.6818181818181818,2,3,3,H2 (late),T3 (late),Q3 (51–75%)
2022,2018,2021,16,ensemble,alonso,19,1,0.6818181818181818,2,3,3,H2 (late),T3 (late),Q3 (51–75%)
2022,2018,2021,17,ridge,russell,14,10,0.7272727272727273,2,3,3,H2 (late),T3 (late),Q3 (51–75%)
2022,2018,2021,17,rf_reg,gasly,10,25,0.7272727272727273,2,3,3,H2 (late),T3 (late),Q3 (51–75%)
2022,2018,2021,17,rf_clf,tsunoda,15,8,0.7272727272727273,2,3,3,H2 (late),T3 (late),Q3 (51–75%)
2022,2018,2021,17,xgb_reg,tsunoda,15,8,0.7272727272727273,2,3,3,H2 (late),T3 (late),Q3 (51–75%)
2022,2018,2021,17,xgb_clf,tsunoda,15,8,0.7272727272727273,2,3,3,H2 (late),T3 (late),Q3 (51–75%)
2022,2018,2021,17,xgb_ranker,tsunoda,15,8,0.7272727272727273,2,3,3,H2 (late),T3 (late),Q3 (51–75%)
2022,2018,2021,17,lgb_reg,sainz,3,4,0.7272727272727273,2,3,3,H2 (late),T3 (late),Q3 (51–75%)
2022,2018,2021,17,ensemble,gasly,10,25,0.7272727272727273,2,3,3,H2 (late),T3 (late),Q3 (51–75%)
2022,2018,2021,18,ridge,bottas,15,8,0.7727272727272727,2,3,4,H2 (late),T3 (late),Q4 (76–100%)
2022,2018,2021,18,rf_reg,norris,10,25,0.7727272727272727,2,3,4,H2 (late),T3 (late),Q4 (76–100%)
2022,2018,2021,18,rf_clf,ricciardo,11,18,0.7727272727272727,2,3,4,H2 (late),T3 (late),Q4 (76–100%)
2022,2018,2021,18,xgb_reg,bottas,15,8,0.7727272727272727,2,3,4,H2 (late),T3 (late),Q4 (76–100%)
2022,2018,2021,18,xgb_clf,zhou,16,6,0.7727272727272727,2,3,4,H2 (late),T3 (late),Q4 (76–100%)
2022,2018,2021,18,xgb_ranker,norris,10,25,0.7727272727272727,2,3,4,H2 (late),T3 (late),Q4 (76–100%)
2022,2018,2021,18,lgb_reg,vettel,6,10,0.7727272727272727,2,3,4,H2 (late),T3 (late),Q4 (76–100%)
2022,2018,2021,18,ensemble,bottas,15,8,0.7727272727272727,2,3,4,H2 (late),T3 (late),Q4 (76–100%)
2022,2018,2021,19,ridge,bottas,19,1,0.8181818181818182,2,3,4,H2 (late),T3 (late),Q4 (76–100%)
2022,2018,2021,19,rf_reg,bottas,19,1,0.8181818181818182,2,3,4,H2 (late),T3 (late),Q4 (76–100%)
2022,2018,2021,19,rf_clf,vettel,8,15,0.8181818181818182,2,3,4,H2 (late),T3 (late),Q4 (76–100%)
2022,2018,2021,19,xgb_reg,tsunoda,10,25,0.8181818181818182,2,3,4,H2 (late),T3 (late),Q4 (76–100%)
2022,2018,2021,19,xgb_clf,zhou,12,15,0.8181818181818182,2,3,4,H2 (late),T3 (late),Q4 (76–100%)
2022,2018,2021,19,xgb_ranker,tsunoda,10,25,0.8181818181818182,2,3,4,H2 (late),T3 (late),Q4 (76–100%)
2022,2018,2021,19,lgb_reg,bottas,19,1,0.8181818181818182,2,3,4,H2 (late),T3 (late),Q4 (76–100%)
2022,2018,2021,19,ensemble,bottas,19,1,0.8181818181818182,2,3,4,H2 (late),T3 (late),Q4 (76–100%)
2022,2018,2021,20,ridge,ocon,8,15,0.8636363636363636,2,3,4,H2 (late),T3 (late),Q4 (76–100%)
2022,2018,2021,20,rf_reg,alonso,19,1,0.8636363636363636,2,3,4,H2 (late),T3 (late),Q4 (76–100%)
2022,2018,2021,20,rf_clf,ricciardo,7,12,0.8636363636363636,2,3,4,H2 (late),T3 (late),Q4 (76–100%)
2022,2018,2021,20,xgb_reg,tsunoda,20,0,0.8636363636363636,2,3,4,H2 (late),T3 (late),Q4 (76–100%)
2022,2018,2021,20,xgb_clf,norris,9,18,0.8636363636363636,2,3,4,H2 (late),T3 (late),Q4 (76–100%)
2022,2018,2021,20,xgb_ranker,tsunoda,20,0,0.8636363636363636,2,3,4,H2 (late),T3 (late),Q4 (76–100%)
2022,2018,2021,20,lgb_reg,ricciardo,7,12,0.8636363636363636,2,3,4,H2 (late),T3 (late),Q4 (76–100%)
2022,2018,2021,20,ensemble,ocon,8,15,0.8636363636363636,2,3,4,H2 (late),T3 (late),Q4 (76–100%)
2022,2018,2021,21,ridge,leclerc,4,6,0.9090909090909091,2,3,4,H2 (late),T3 (late),Q4 (76–100%)
2022,2018,2021,21,rf_reg,gasly,14,10,0.9090909090909091,2,3,4,H2 (late),T3 (late),Q4 (76–100%)
2022,2018,2021,21,rf_clf,ricciardo,20,0,0.9090909090909091,2,3,4,H2 (late),T3 (late),Q4 (76–100%)
2022,2018,2021,21,xgb_reg,hamilton,2,2,0.9090909090909091,2,3,4,H2 (late),T3 (late),Q4 (76–100%)
2022,2018,2021,21,xgb_clf,tsunoda,17,4,0.9090909090909091,2,3,4,H2 (late),T3 (late),Q4 (76–100%)
2022,2018,2021,21,xgb_ranker,tsunoda,17,4,0.9090909090909091,2,3,4,H2 (late),T3 (late),Q4 (76–100%)
2022,2018,2021,21,lgb_reg,gasly,14,10,0.9090909090909091,2,3,4,H2 (late),T3 (late),Q4 (76–100%)
2022,2018,2021,21,ensemble,gasly,14,10,0.9090909090909091,2,3,4,H2 (late),T3 (late),Q4 (76–100%)
2022,2018,2021,22,ridge,alonso,20,0,0.9545454545454546,2,3,4,H2 (late),T3 (late),Q4 (76–100%)
2022,2018,2021,22,rf_reg,vettel,10,25,0.9545454545454546,2,3,4,H2 (late),T3 (late),Q4 (76–100%)
2022,2018,2021,22,rf_clf,ricciardo,9,18,0.9545454545454546,2,3,4,H2 (late),T3 (late),Q4 (76–100%)
2022,2018,2021,22,xgb_reg,hamilton,18,2,0.9545454545454546,2,3,4,H2 (late),T3 (late),Q4 (76–100%)
2022,2018,2021,22,xgb_clf,stroll,8,15,0.9545454545454546,2,3,4,H2 (late),T3 (late),Q4 (76–100%)
2022,2018,2021,22,xgb_ranker,stroll,8,15,0.9545454545454546,2,3,4,H2 (late),T3 (late),Q4 (76–100%)
2022,2018,2021,22,lgb_reg,ricciardo,9,18,0.9545454545454546,2,3,4,H2 (late),T3 (late),Q4 (76–100%)
2022,2018,2021,22,ensemble,alonso,20,0,0.9545454545454546,2,3,4,H2 (late),T3 (late),Q4 (76–100%)
2023,2019,2022,1,ridge,stroll,6,10,0.0,1,1,1,H1 (early),T1 (early),Q1 (R1–25%)
2023,2019,2022,1,rf_reg,ocon,18,2,0.0,1,1,1,H1 (early),T1 (early),Q1 (R1–25%)
2023,2019,2022,1,rf_clf,norris,17,4,0.0,1,1,1,H1 (early),T1 (early),Q1 (R1–25%)
2023,2019,2022,1,xgb_reg,ocon,18,2,0.0,1,1,1,H1 (early),T1 (early),Q1 (R1–25%)
2023,2019,2022,1,xgb_clf,zhou,16,6,0.0,1,1,1,H1 (early),T1 (early),Q1 (R1–25%)
2023,2019,2022,1,xgb_ranker,piastri,20,0,0.0,1,1,1,H1 (early),T1 (early),Q1 (R1–25%)
2023,2019,2022,1,lgb_reg,ocon,18,2,0.0,1,1,1,H1 (early),T1 (early),Q1 (R1–25%)
2023,2019,2022,1,ensemble,ocon,18,2,0.0,1,1,1,H1 (early),T1 (early),Q1 (R1–25%)
2023,2019,2022,2,ridge,gasly,9,18,0.045454545454545456,1,1,1,H1 (early),T1 (early),Q1 (R1–25%)
2023,2019,2022,2,rf_reg,ocon,8,15,0.045454545454545456,1,1,1,H1 (early),T1 (early),Q1 (R1–25%)
2023,2019,2022,2,rf_clf,gasly,9,18,0.045454545454545456,1,1,1,H1 (early),T1 (early),Q1 (R1–25%)
2023,2019,2022,2,xgb_reg,sainz,6,10,0.045454545454545456,1,1,1,H1 (early),T1 (early),Q1 (R1–25%)
2023,2019,2022,2,xgb_clf,tsunoda,11,18,0.045454545454545456,1,1,1,H1 (early),T1 (early),Q1 (R1–25%)
2023,2019,2022,2,xgb_ranker,gasly,9,18,0.045454545454545456,1,1,1,H1 (early),T1 (early),Q1 (R1–25%)
2023,2019,2022,2,lgb_reg,sainz,6,10,0.045454545454545456,1,1,1,H1 (early),T1 (early),Q1 (R1–25%)
2023,2019,2022,2,ensemble,gasly,9,18,0.045454545454545456,1,1,1,H1 (early),T1 (early),Q1 (R1–25%)
2023,2019,2022,3,ridge,perez,5,8,0.09090909090909091,1,1,1,H1 (early),T1 (early),Q1 (R1–25%)
2023,2019,2022,3,rf_reg,gasly,13,12,0.09090909090909091,1,1,1,H1 (early),T1 (early),Q1 (R1–25%)
2023,2019,2022,3,rf_clf,de_vries,15,8,0.09090909090909091,1,1,1,H1 (early),T1 (early),Q1 (R1–25%)
2023,2019,2022,3,xgb_reg,hulkenberg,7,12,0.09090909090909091,1,1,1,H1 (early),T1 (early),Q1 (R1–25%)
2023,2019,2022,3,xgb_clf,de_vries,15,8,0.09090909090909091,1,1,1,H1 (early),T1 (early),Q1 (R1–25%)
2023,2019,2022,3,xgb_ranker,tsunoda,10,25,0.09090909090909091,1,1,1,H1 (early),T1 (early),Q1 (R1–25%)
2023,2019,2022,3,lgb_reg,sainz,12,15,0.09090909090909091,1,1,1,H1 (early),T1 (early),Q1 (R1–25%)
2023,2019,2022,3,ensemble,ocon,14,10,0.09090909090909091,1,1,1,H1 (early),T1 (early),Q1 (R1–25%)
2023,2019,2022,4,ridge,stroll,7,12,0.13636363636363635,1,1,1,H1 (early),T1 (early),Q1 (R1–25%)
2023,2019,2022,4,rf_reg,norris,9,18,0.13636363636363635,1,1,1,H1 (early),T1 (early),Q1 (R1–25%)
2023,2019,2022,4,rf_clf,bottas,18,2,0.13636363636363635,1,1,1,H1 (early),T1 (early),Q1 (R1–25%)
2023,2019,2022,4,xgb_reg,piastri,11,18,0.13636363636363635,1,1,1,H1 (early),T1 (early),Q1 (R1–25%)
2023,2019,2022,4,xgb_clf,tsunoda,10,25,0.13636363636363635,1,1,1,H1 (early),T1 (early),Q1 (R1–25%)
2023,2019,2022,4,xgb_ranker,piastri,11,18,0.13636363636363635,1,1,1,H1 (early),T1 (early),Q1 (R1–25%)
2023,2019,2022,4,lgb_reg,ocon,15,8,0.13636363636363635,1,1,1,H1 (early),T1 (early),Q1 (R1–25%)
2023,2019,2022,4,ensemble,ocon,15,8,0.13636363636363635,1,1,1,H1 (early),T1 (early),Q1 (R1–25%)
2023,2019,2022,5,ridge,ocon,9,18,0.18181818181818182,1,1,1,H1 (early),T1 (early),Q1 (R1–25%)
2023,2019,2022,5,rf_reg,hamilton,6,10,0.18181818181818182,1,1,1,H1 (early),T1 (early),Q1 (R1–25%)
2023,2019,2022,5,rf_clf,bottas,13,12,0.18181818181818182,1,1,1,H1 (early),T1 (early),Q1 (R1–25%)
2023,2019,2022,5,xgb_reg,hamilton,6,10,0.18181818181818182,1,1,1,H1 (early),T1 (early),Q1 (R1–25%)
2023,2019,2022,5,xgb_clf,bottas,13,12,0.18181818181818182,1,1,1,H1 (early),T1 (early),Q1 (R1–25%)
2023,2019,2022,5,xgb_ranker,norris,17,4,0.18181818181818182,1,1,1,H1 (early),T1 (early),Q1 (R1–25%)
2023,2019,2022,5,lgb_reg,hamilton,6,10,0.18181818181818182,1,1,1,H1 (early),T1 (early),Q1 (R1–25%)
2023,2019,2022,5,ensemble,hamilton,6,10,0.18181818181818182,1,1,1,H1 (early),T1 (early),Q1 (R1–25%)
2023,2019,2022,6,ridge,gasly,7,12,0.22727272727272727,1,1,1,H1 (early),T1 (early),Q1 (R1–25%)
2023,2019,2022,6,rf_reg,stroll,20,0,0.22727272727272727,1,1,1,H1 (early),T1 (early),Q1 (R1–25%)
2023,2019,2022,6,rf_clf,tsunoda,15,8,0.22727272727272727,1,1,1,H1 (early),T1 (early),Q1 (R1–25%)
2023,2019,2022,6,xgb_reg,stroll,20,0,0.22727272727272727,1,1,1,H1 (early),T1 (early),Q1 (R1–25%)
2023,2019,2022,6,xgb_clf,tsunoda,15,8,0.22727272727272727,1,1,1,H1 (early),T1 (early),Q1 (R1–25%)
2023,2019,2022,6,xgb_ranker,kevin_magnussen,19,1,0.22727272727272727,1,1,1,H1 (early),T1 (early),Q1 (R1–25%)
2023,2019,2022,6,lgb_reg,russell,5,8,0.22727272727272727,1,1,1,H1 (early),T1 (early),Q1 (R1–25%)
2023,2019,2022,6,ensemble,stroll,20,0,0.22727272727272727,1,1,1,H1 (early),T1 (early),Q1 (R1–25%)
2023,2019,2022,7,ridge,stroll,6,10,0.2727272727272727,1,1,2,H1 (early),T1 (early),Q2 (26–50%)
2023,2019,2022,7,rf_reg,leclerc,11,18,0.2727272727272727,1,1,2,H1 (early),T1 (early),Q2 (26–50%)
2023,2019,2022,7,rf_clf,bottas,19,1,0.2727272727272727,1,1,2,H1 (early),T1 (early),Q2 (26–50%)
2023,2019,2022,7,xgb_reg,norris,17,4,0.2727272727272727,1,1,2,H1 (early),T1 (early),Q2 (26–50%)
2023,2019,2022,7,xgb_clf,piastri,13,12,0.2727272727272727,1,1,2,H1 (early),T1 (early),Q2 (26–50%)
2023,2019,2022,7,xgb_ranker,bottas,19,1,0.2727272727272727,1,1,2,H1 (early),T1 (early),Q2 (26–50%)
2023,2019,2022,7,lgb_reg,perez,4,6,0.2727272727272727,1,1,2,H1 (early),T1 (early),Q2 (26–50%)
2023,2019,2022,7,ensemble,stroll,6,10,0.2727272727272727,1,1,2,H1 (early),T1 (early),Q2 (26–50%)
2023,2019,2022,8,ridge,norris,13,12,0.3181818181818182,1,1,2,H1 (early),T1 (early),Q2 (26–50%)
2023,2019,2022,8,rf_reg,leclerc,4,6,0.3181818181818182,1,1,2,H1 (early),T1 (early),Q2 (26–50%)
2023,2019,2022,8,rf_clf,leclerc,4,6,0.3181818181818182,1,1,2,H1 (early),T1 (early),Q2 (26–50%)
2023,2019,2022,8,xgb_reg,norris,13,12,0.3181818181818182,1,1,2,H1 (early),T1 (early),Q2 (26–50%)
2023,2019,2022,8,xgb_clf,albon,7,12,0.3181818181818182,1,1,2,H1 (early),T1 (early),Q2 (26–50%)
2023,2019,2022,8,xgb_ranker,ocon,8,15,0.3181818181818182,1,1,2,H1 (early),T1 (early),Q2 (26–50%)
2023,2019,2022,8,lgb_reg,norris,13,12,0.3181818181818182,1,1,2,H1 (early),T1 (early),Q2 (26–50%)
2023,2019,2022,8,ensemble,norris,13,12,0.3181818181818182,1,1,2,H1 (early),T1 (early),Q2 (26–50%)
2023,2019,2022,9,ridge,norris,4,6,0.36363636363636365,1,2,2,H1 (early),T2 (mid),Q2 (26–50%)
2023,2019,2022,9,rf_reg,ocon,14,10,0.36363636363636365,1,2,2,H1 (early),T2 (mid),Q2 (26–50%)
2023,2019,2022,9,rf_clf,ocon,14,10,0.36363636363636365,1,2,2,H1 (early),T2 (mid),Q2 (26–50%)
2023,2019,2022,9,xgb_reg,russell,7,12,0.36363636363636365,1,2,2,H1 (early),T2 (mid),Q2 (26–50%)
2023,2019,2022,9,xgb_clf,bottas,15,8,0.36363636363636365,1,2,2,H1 (early),T2 (mid),Q2 (26–50%)
2023,2019,2022,9,xgb_ranker,bottas,15,8,0.36363636363636365,1,2,2,H1 (early),T2 (mid),Q2 (26–50%)
2023,2019,2022,9,lgb_reg,russell,7,12,0.36363636363636365,1,2,2,H1 (early),T2 (mid),Q2 (26–50%)
2023,2019,2022,9,ensemble,gasly,10,25,0.36363636363636365,1,2,2,H1 (early),T2 (mid),Q2 (26–50%)
2023,2019,2022,10,ridge,albon,8,15,0.4090909090909091,1,2,2,H1 (early),T2 (mid),Q2 (26–50%)
2023,2019,2022,10,rf_reg,gasly,18,2,0.4090909090909091,1,2,2,H1 (early),T2 (mid),Q2 (26–50%)
2023,2019,2022,10,rf_clf,ocon,20,0,0.4090909090909091,1,2,2,H1 (early),T2 (mid),Q2 (26–50%)
2023,2019,2022,10,xgb_reg,gasly,18,2,0.4090909090909091,1,2,2,H1 (early),T2 (mid),Q2 (26–50%)
2023,2019,2022,10,xgb_clf,ocon,20,0,0.4090909090909091,1,2,2,H1 (early),T2 (mid),Q2 (26–50%)
2023,2019,2022,10,xgb_ranker,ocon,20,0,0.4090909090909091,1,2,2,H1 (early),T2 (mid),Q2 (26–50%)
2023,2019,2022,10,lgb_reg,gasly,18,2,0.4090909090909091,1,2,2,H1 (early),T2 (mid),Q2 (26–50%)
2023,2019,2022,10,ensemble,gasly,18,2,0.4090909090909091,1,2,2,H1 (early),T2 (mid),Q2 (26–50%)
2023,2019,2022,11,ridge,bottas,12,15,0.45454545454545453,1,2,2,H1 (early),T2 (mid),Q2 (26–50%)
2023,2019,2022,11,rf_reg,bottas,12,15,0.45454545454545453,1,2,2,H1 (early),T2 (mid),Q2 (26–50%)
2023,2019,2022,11,rf_clf,ricciardo,13,12,0.45454545454545453,1,2,2,H1 (early),T2 (mid),Q2 (26–50%)
2023,2019,2022,11,xgb_reg,stroll,10,25,0.45454545454545453,1,2,2,H1 (early),T2 (mid),Q2 (26–50%)
2023,2019,2022,11,xgb_clf,ricciardo,13,12,0.45454545454545453,1,2,2,H1 (early),T2 (mid),Q2 (26–50%)
2023,2019,2022,11,xgb_ranker,kevin_magnussen,17,4,0.45454545454545453,1,2,2,H1 (early),T2 (mid),Q2 (26–50%)
2023,2019,2022,11,lgb_reg,bottas,12,15,0.45454545454545453,1,2,2,H1 (early),T2 (mid),Q2 (26–50%)
2023,2019,2022,11,ensemble,bottas,12,15,0.45454545454545453,1,2,2,H1 (early),T2 (mid),Q2 (26–50%)
2023,2019,2022,12,ridge,alonso,5,8,0.5,2,2,3,H2 (late),T2 (mid),Q3 (51–75%)
2023,2019,2022,12,rf_reg,stroll,9,18,0.5,2,2,3,H2 (late),T2 (mid),Q3 (51–75%)
2023,2019,2022,12,rf_clf,gasly,11,18,0.5,2,2,3,H2 (late),T2 (mid),Q3 (51–75%)
2023,2019,2022,12,xgb_reg,alonso,5,8,0.5,2,2,3,H2 (late),T2 (mid),Q3 (51–75%)
2023,2019,2022,12,xgb_clf,alonso,5,8,0.5,2,2,3,H2 (late),T2 (mid),Q3 (51–75%)
2023,2019,2022,12,xgb_ranker,gasly,11,18,0.5,2,2,3,H2 (late),T2 (mid),Q3 (51–75%)
2023,2019,2022,12,lgb_reg,alonso,5,8,0.5,2,2,3,H2 (late),T2 (mid),Q3 (51–75%)
2023,2019,2022,12,ensemble,stroll,9,18,0.5,2,2,3,H2 (late),T2 (mid),Q3 (51–75%)
2023,2019,2022,13,ridge,hamilton,6,10,0.5454545454545454,2,2,3,H2 (late),T2 (mid),Q3 (51–75%)
2023,2019,2022,13,rf_reg,stroll,11,18,0.5454545454545454,2,2,3,H2 (late),T2 (mid),Q3 (51–75%)
2023,2019,2022,13,rf_clf,gasly,3,4,0.5454545454545454,2,2,3,H2 (late),T2 (mid),Q3 (51–75%)
2023,2019,2022,13,xgb_reg,albon,8,15,0.5454545454545454,2,2,3,H2 (late),T2 (mid),Q3 (51–75%)
2023,2019,2022,13,xgb_clf,leclerc,19,1,0.5454545454545454,2,2,3,H2 (late),T2 (mid),Q3 (51–75%)
2023,2019,2022,13,xgb_ranker,gasly,3,4,0.5454545454545454,2,2,3,H2 (late),T2 (mid),Q3 (51–75%)
2023,2019,2022,13,lgb_reg,perez,4,6,0.5454545454545454,2,2,3,H2 (late),T2 (mid),Q3 (51–75%)
2023,2019,2022,13,ensemble,stroll,11,18,0.5454545454545454,2,2,3,H2 (late),T2 (mid),Q3 (51–75%)
2023,2019,2022,14,ridge,alonso,9,18,0.5909090909090909,2,2,3,H2 (late),T2 (mid),Q3 (51–75%)
2023,2019,2022,14,rf_reg,norris,8,15,0.5909090909090909,2,2,3,H2 (late),T2 (mid),Q3 (51–75%)
2023,2019,2022,14,rf_clf,bottas,10,25,0.5909090909090909,2,2,3,H2 (late),T2 (mid),Q3 (51–75%)
2023,2019,2022,14,xgb_reg,norris,8,15,0.5909090909090909,2,2,3,H2 (late),T2 (mid),Q3 (51–75%)
2023,2019,2022,14,xgb_clf,tsunoda,20,0,0.5909090909090909,2,2,3,H2 (late),T2 (mid),Q3 (51–75%)
2023,2019,2022,14,xgb_ranker,tsunoda,20,0,0.5909090909090909,2,2,3,H2 (late),T2 (mid),Q3 (51–75%)
2023,2019,2022,14,lgb_reg,albon,7,12,0.5909090909090909,2,2,3,H2 (late),T2 (mid),Q3 (51–75%)
2023,2019,2022,14,ensemble,alonso,9,18,0.5909090909090909,2,2,3,H2 (late),T2 (mid),Q3 (51–75%)
2023,2019,2022,15,ridge,kevin_magnussen,10,25,0.6363636363636364,2,2,3,H2 (late),T2 (mid),Q3 (51–75%)
2023,2019,2022,15,rf_reg,gasly,6,10,0.6363636363636364,2,2,3,H2 (late),T2 (mid),Q3 (51–75%)
2023,2019,2022,15,rf_clf,bottas,17,4,0.6363636363636364,2,2,3,H2 (late),T2 (mid),Q3 (51–75%)
2023,2019,2022,15,xgb_reg,gasly,6,10,0.6363636363636364,2,2,3,H2 (late),T2 (mid),Q3 (51–75%)
2023,2019,2022,15,xgb_clf,lawson,9,18,0.6363636363636364,2,2,3,H2 (late),T2 (mid),Q3 (51–75%)
2023,2019,2022,15,xgb_ranker,lawson,9,18,0.6363636363636364,2,2,3,H2 (late),T2 (mid),Q3 (51–75%)
2023,2019,2022,15,lgb_reg,ocon,18,2,0.6363636363636364,2,2,3,H2 (late),T2 (mid),Q3 (51–75%)
2023,2019,2022,15,ensemble,gasly,6,10,0.6363636363636364,2,2,3,H2 (late),T2 (mid),Q3 (51–75%)
2023,2019,2022,16,ridge,alonso,8,15,0.6818181818181818,2,3,3,H2 (late),T3 (late),Q3 (51–75%)
2023,2019,2022,16,rf_reg,sainz,6,10,0.6818181818181818,2,3,3,H2 (late),T3 (late),Q3 (51–75%)
2023,2019,2022,16,rf_clf,gasly,10,25,0.6818181818181818,2,3,3,H2 (late),T3 (late),Q3 (51–75%)
2023,2019,2022,16,xgb_reg,gasly,10,25,0.6818181818181818,2,3,3,H2 (late),T3 (late),Q3 (51–75%)
2023,2019,2022,16,xgb_clf,lawson,11,18,0.6818181818181818,2,3,3,H2 (late),T3 (late),Q3 (51–75%)
2023,2019,2022,16,xgb_ranker,lawson,11,18,0.6818181818181818,2,3,3,H2 (late),T3 (late),Q3 (51–75%)
2023,2019,2022,16,lgb_reg,perez,19,1,0.6818181818181818,2,3,3,H2 (late),T3 (late),Q3 (51–75%)
2023,2019,2022,16,ensemble,gasly,10,25,0.6818181818181818,2,3,3,H2 (late),T3 (late),Q3 (51–75%)
2023,2019,2022,17,ridge,gasly,12,15,0.7272727272727273,2,3,3,H2 (late),T3 (late),Q3 (51–75%)
2023,2019,2022,17,rf_reg,norris,3,4,0.7272727272727273,2,3,3,H2 (late),T3 (late),Q3 (51–75%)
2023,2019,2022,17,rf_clf,bottas,8,15,0.7272727272727273,2,3,3,H2 (late),T3 (late),Q3 (51–75%)
2023,2019,2022,17,xgb_reg,gasly,12,15,0.7272727272727273,2,3,3,H2 (late),T3 (late),Q3 (51–75%)
2023,2019,2022,17,xgb_clf,tsunoda,15,8,0.7272727272727273,2,3,3,H2 (late),T3 (late),Q3 (51–75%)
2023,2019,2022,17,xgb_ranker,tsunoda,15,8,0.7272727272727273,2,3,3,H2 (late),T3 (late),Q3 (51–75%)
2023,2019,2022,17,lgb_reg,perez,10,25,0.7272727272727273,2,3,3,H2 (late),T3 (late),Q3 (51–75%)
2023,2019,2022,17,ensemble,norris,3,4,0.7272727272727273,2,3,3,H2 (late),T3 (late),Q3 (51–75%)
2023,2019,2022,18,ridge,gasly,6,10,0.7727272727272727,2,3,4,H2 (late),T3 (late),Q4 (76–100%)
2023,2019,2022,18,rf_reg,piastri,17,4,0.7727272727272727,2,3,4,H2 (late),T3 (late),Q4 (76–100%)
2023,2019,2022,18,rf_clf,ricciardo,15,8,0.7727272727272727,2,3,4,H2 (late),T3 (late),Q4 (76–100%)
2023,2019,2022,18,xgb_reg,perez,4,6,0.7727272727272727,2,3,4,H2 (late),T3 (late),Q4 (76–100%)
2023,2019,2022,18,xgb_clf,kevin_magnussen,14,10,0.7727272727272727,2,3,4,H2 (late),T3 (late),Q4 (76–100%)
2023,2019,2022,18,xgb_ranker,albon,9,18,0.7727272727272727,2,3,4,H2 (late),T3 (late),Q4 (76–100%)
2023,2019,2022,18,lgb_reg,piastri,17,4,0.7727272727272727,2,3,4,H2 (late),T3 (late),Q4 (76–100%)
2023,2019,2022,18,ensemble,piastri,17,4,0.7727272727272727,2,3,4,H2 (late),T3 (late),Q4 (76–100%)
2023,2019,2022,19,ridge,piastri,8,15,0.8181818181818182,2,3,4,H2 (late),T3 (late),Q4 (76–100%)
2023,2019,2022,19,rf_reg,gasly,11,18,0.8181818181818182,2,3,4,H2 (late),T3 (late),Q4 (76–100%)
2023,2019,2022,19,rf_clf,gasly,11,18,0.8181818181818182,2,3,4,H2 (late),T3 (late),Q4 (76–100%)
2023,2019,2022,19,xgb_reg,piastri,8,15,0.8181818181818182,2,3,4,H2 (late),T3 (late),Q4 (76–100%)
2023,2019,2022,19,xgb_clf,gasly,11,18,0.8181818181818182,2,3,4,H2 (late),T3 (late),Q4 (76–100%)
2023,2019,2022,19,xgb_ranker,hulkenberg,13,12,0.8181818181818182,2,3,4,H2 (late),T3 (late),Q4 (76–100%)
2023,2019,2022,19,lgb_reg,zhou,14,10,0.8181818181818182,2,3,4,H2 (late),T3 (late),Q4 (76–100%)
2023,2019,2022,19,ensemble,gasly,11,18,0.8181818181818182,2,3,4,H2 (late),T3 (late),Q4 (76–100%)
2023,2019,2022,20,ridge,norris,2,2,0.8636363636363636,2,3,4,H2 (late),T3 (late),Q4 (76–100%)
2023,2019,2022,20,rf_reg,norris,2,2,0.8636363636363636,2,3,4,H2 (late),T3 (late),Q4 (76–100%)
2023,2019,2022,20,rf_clf,ocon,10,25,0.8636363636363636,2,3,4,H2 (late),T3 (late),Q4 (76–100%)
2023,2019,2022,20,xgb_reg,piastri,14,10,0.8636363636363636,2,3,4,H2 (late),T3 (late),Q4 (76–100%)
2023,2019,2022,20,xgb_clf,ocon,10,25,0.8636363636363636,2,3,4,H2 (late),T3 (late),Q4 (76–100%)
2023,2019,2022,20,xgb_ranker,bottas,16,6,0.8636363636363636,2,3,4,H2 (late),T3 (late),Q4 (76–100%)
2023,2019,2022,20,lgb_reg,perez,4,6,0.8636363636363636,2,3,4,H2 (late),T3 (late),Q4 (76–100%)
2023,2019,2022,20,ensemble,piastri,14,10,0.8636363636363636,2,3,4,H2 (late),T3 (late),Q4 (76–100%)
2023,2019,2022,21,ridge,gasly,11,18,0.9090909090909091,2,3,4,H2 (late),T3 (late),Q4 (76–100%)
2023,2019,2022,21,rf_reg,alonso,9,18,0.9090909090909091,2,3,4,H2 (late),T3 (late),Q4 (76–100%)
2023,2019,2022,21,rf_clf,hulkenberg,19,1,0.9090909090909091,2,3,4,H2 (late),T3 (late),Q4 (76–100%)
2023,2019,2022,21,xgb_reg,hulkenberg,19,1,0.9090909090909091,2,3,4,H2 (late),T3 (late),Q4 (76–100%)
2023,2019,2022,21,xgb_clf,ocon,4,6,0.9090909090909091,2,3,4,H2 (late),T3 (late),Q4 (76–100%)
2023,2019,2022,21,xgb_ranker,hulkenberg,19,1,0.9090909090909091,2,3,4,H2 (late),T3 (late),Q4 (76–100%)
2023,2019,2022,21,lgb_reg,piastri,10,25,0.9090909090909091,2,3,4,H2 (late),T3 (late),Q4 (76–100%)
2023,2019,2022,21,ensemble,alonso,9,18,0.9090909090909091,2,3,4,H2 (late),T3 (late),Q4 (76–100%)
2023,2019,2022,22,ridge,hamilton,9,18,0.9545454545454546,2,3,4,H2 (late),T3 (late),Q4 (76–100%)
2023,2019,2022,22,rf_reg,ocon,12,15,0.9545454545454546,2,3,4,H2 (late),T3 (late),Q4 (76–100%)
2023,2019,2022,22,rf_clf,ocon,12,15,0.9545454545454546,2,3,4,H2 (late),T3 (late),Q4 (76–100%)
2023,2019,2022,22,xgb_reg,ocon,12,15,0.9545454545454546,2,3,4,H2 (late),T3 (late),Q4 (76–100%)
2023,2019,2022,22,xgb_clf,ocon,12,15,0.9545454545454546,2,3,4,H2 (late),T3 (late),Q4 (76–100%)
2023,2019,2022,22,xgb_ranker,bottas,19,1,0.9545454545454546,2,3,4,H2 (late),T3 (late),Q4 (76–100%)
2023,2019,2022,22,lgb_reg,perez,4,6,0.9545454545454546,2,3,4,H2 (late),T3 (late),Q4 (76–100%)
2023,2019,2022,22,ensemble,gasly,13,12,0.9545454545454546,2,3,4,H2 (late),T3 (late),Q4 (76–100%)
2024,2020,2023,1,ridge,piastri,8,15,0.0,1,1,1,H1 (early),T1 (early),Q1 (R1–25%)
2024,2020,2023,1,rf_reg,piastri,8,15,0.0,1,1,1,H1 (early),T1 (early),Q1 (R1–25%)
2024,2020,2023,1,rf_clf,ricciardo,13,12,0.0,1,1,1,H1 (early),T1 (early),Q1 (R1–25%)
2024,2020,2023,1,xgb_reg,perez,2,2,0.0,1,1,1,H1 (early),T1 (early),Q1 (R1–25%)
2024,2020,2023,1,xgb_clf,ricciardo,13,12,0.0,1,1,1,H1 (early),T1 (early),Q1 (R1–25%)
2024,2020,2023,1,xgb_ranker,tsunoda,14,10,0.0,1,1,1,H1 (early),T1 (early),Q1 (R1–25%)
2024,2020,2023,1,lgb_reg,alonso,9,18,0.0,1,1,1,H1 (early),T1 (early),Q1 (R1–25%)
2024,2020,2023,1,ensemble,piastri,8,15,0.0,1,1,1,H1 (early),T1 (early),Q1 (R1–25%)
2024,2020,2023,2,ridge,stroll,19,1,0.041666666666666664,1,1,1,H1 (early),T1 (early),Q1 (R1–25%)
2024,2020,2023,2,rf_reg,stroll,19,1,0.041666666666666664,1,1,1,H1 (early),T1 (early),Q1 (R1–25%)
2024,2020,2023,2,rf_clf,stroll,19,1,0.041666666666666664,1,1,1,H1 (early),T1 (early),Q1 (R1–25%)
2024,2020,2023,2,xgb_reg,piastri,4,6,0.041666666666666664,1,1,1,H1 (early),T1 (early),Q1 (R1–25%)
2024,2020,2023,2,xgb_clf,tsunoda,15,8,0.041666666666666664,1,1,1,H1 (early),T1 (early),Q1 (R1–25%)
2024,2020,2023,2,xgb_ranker,bearman,7,12,0.041666666666666664,1,1,1,H1 (early),T1 (early),Q1 (R1–25%)
2024,2020,2023,2,lgb_reg,leclerc,3,4,0.041666666666666664,1,1,1,H1 (early),T1 (early),Q1 (R1–25%)
2024,2020,2023,2,ensemble,stroll,19,1,0.041666666666666664,1,1,1,H1 (early),T1 (early),Q1 (R1–25%)
2024,2020,2023,3,ridge,alonso,8,15,0.08333333333333333,1,1,1,H1 (early),T1 (early),Q1 (R1–25%)
2024,2020,2023,3,rf_reg,hamilton,18,2,0.08333333333333333,1,1,1,H1 (early),T1 (early),Q1 (R1–25%)
2024,2020,2023,3,rf_clf,albon,11,18,0.08333333333333333,1,1,1,H1 (early),T1 (early),Q1 (R1–25%)
2024,2020,2023,3,xgb_reg,hamilton,18,2,0.08333333333333333,1,1,1,H1 (early),T1 (early),Q1 (R1–25%)
2024,2020,2023,3,xgb_clf,albon,11,18,0.08333333333333333,1,1,1,H1 (early),T1 (early),Q1 (R1–25%)
2024,2020,2023,3,xgb_ranker,hamilton,18,2,0.08333333333333333,1,1,1,H1 (early),T1 (early),Q1 (R1–25%)
2024,2020,2023,3,lgb_reg,albon,11,18,0.08333333333333333,1,1,1,H1 (early),T1 (early),Q1 (R1–25%)
2024,2020,2023,3,ensemble,hamilton,18,2,0.08333333333333333,1,1,1,H1 (early),T1 (early),Q1 (R1–25%)
2024,2020,2023,4,ridge,russell,7,12,0.125,1,1,1,H1 (early),T1 (early),Q1 (R1–25%)
2024,2020,2023,4,rf_reg,hamilton,9,18,0.125,1,1,1,H1 (early),T1 (early),Q1 (R1–25%)
2024,2020,2023,4,rf_clf,hulkenberg,11,18,0.125,1,1,1,H1 (early),T1 (early),Q1 (R1–25%)
2024,2020,2023,4,xgb_reg,russell,7,12,0.125,1,1,1,H1 (early),T1 (early),Q1 (R1–25%)
2024,2020,2023,4,xgb_clf,ricciardo,19,1,0.125,1,1,1,H1 (early),T1 (early),Q1 (R1–25%)
2024,2020,2023,4,xgb_ranker,ricciardo,19,1,0.125,1,1,1,H1 (early),T1 (early),Q1 (R1–25%)
2024,2020,2023,4,lgb_reg,ricciardo,19,1,0.125,1,1,1,H1 (early),T1 (early),Q1 (R1–25%)
2024,2020,2023,4,ensemble,russell,7,12,0.125,1,1,1,H1 (early),T1 (early),Q1 (R1–25%)
2024,2020,2023,5,ridge,stroll,15,8,0.16666666666666666,1,1,1,H1 (early),T1 (early),Q1 (R1–25%)
2024,2020,2023,5,rf_reg,stroll,15,8,0.16666666666666666,1,1,1,H1 (early),T1 (early),Q1 (R1–25%)
2024,2020,2023,5,rf_clf,hulkenberg,10,25,0.16666666666666666,1,1,1,H1 (early),T1 (early),Q1 (R1–25%)
2024,2020,2023,5,xgb_reg,russell,6,10,0.16666666666666666,1,1,1,H1 (early),T1 (early),Q1 (R1–25%)
2024,2020,2023,5,xgb_clf,hulkenberg,10,25,0.16666666666666666,1,1,1,H1 (early),T1 (early),Q1 (R1–25%)
2024,2020,2023,5,xgb_ranker,hulkenberg,10,25,0.16666666666666666,1,1,1,H1 (early),T1 (early),Q1 (R1–25%)
2024,2020,2023,5,lgb_reg,stroll,15,8,0.16666666666666666,1,1,1,H1 (early),T1 (early),Q1 (R1–25%)
2024,2020,2023,5,ensemble,stroll,15,8,0.16666666666666666,1,1,1,H1 (early),T1 (early),Q1 (R1–25%)
2024,2020,2023,6,ridge,stroll,17,4,0.20833333333333334,1,1,1,H1 (early),T1 (early),Q1 (R1–25%)
2024,2020,2023,6,rf_reg,hamilton,6,10,0.20833333333333334,1,1,1,H1 (early),T1 (early),Q1 (R1–25%)
2024,2020,2023,6,rf_clf,hulkenberg,11,18,0.20833333333333334,1,1,1,H1 (early),T1 (early),Q1 (R1–25%)
2024,2020,2023,6,xgb_reg,piastri,13,12,0.20833333333333334,1,1,1,H1 (early),T1 (early),Q1 (R1–25%)
2024,2020,2023,6,xgb_clf,gasly,12,15,0.20833333333333334,1,1,1,H1 (early),T1 (early),Q1 (R1–25%)
2024,2020,2023,6,xgb_ranker,stroll,17,4,0.20833333333333334,1,1,1,H1 (early),T1 (early),Q1 (R1–25%)
2024,2020,2023,6,lgb_reg,stroll,17,4,0.20833333333333334,1,1,1,H1 (early),T1 (early),Q1 (R1–25%)
2024,2020,2023,6,ensemble,stroll,17,4,0.20833333333333334,1,1,1,H1 (early),T1 (early),Q1 (R1–25%)
2024,2020,2023,7,ridge,tsunoda,10,25,0.25,1,1,2,H1 (early),T1 (early),Q2 (26–50%)
2024,2020,2023,7,rf_reg,tsunoda,10,25,0.25,1,1,2,H1 (early),T1 (early),Q2 (26–50%)
2024,2020,2023,7,rf_clf,ocon,14,10,0.25,1,1,2,H1 (early),T1 (early),Q2 (26–50%)
2024,2020,2023,7,xgb_reg,piastri,4,6,0.25,1,1,2,H1 (early),T1 (early),Q2 (26–50%)
2024,2020,2023,7,xgb_clf,gasly,16,6,0.25,1,1,2,H1 (early),T1 (early),Q2 (26–50%)
2024,2020,2023,7,xgb_ranker,hulkenberg,11,18,0.25,1,1,2,H1 (early),T1 (early),Q2 (26–50%)
2024,2020,2023,7,lgb_reg,tsunoda,10,25,0.25,1,1,2,H1 (early),T1 (early),Q2 (26–50%)
2024,2020,2023,7,ensemble,tsunoda,10,25,0.25,1,1,2,H1 (early),T1 (early),Q2 (26–50%)
2024,2020,2023,8,ridge,perez,18,2,0.2916666666666667,1,1,2,H1 (early),T1 (early),Q2 (26–50%)
2024,2020,2023,8,rf_reg,perez,18,2,0.2916666666666667,1,1,2,H1 (early),T1 (early),Q2 (26–50%)
2024,2020,2023,8,rf_clf,ocon,17,4,0.2916666666666667,1,1,2,H1 (early),T1 (early),Q2 (26–50%)
2024,2020,2023,8,xgb_reg,albon,9,18,0.2916666666666667,1,1,2,H1 (early),T1 (early),Q2 (26–50%)
2024,2020,2023,8,xgb_clf,gasly,10,25,0.2916666666666667,1,1,2,H1 (early),T1 (early),Q2 (26–50%)
2024,2020,2023,8,xgb_ranker,hulkenberg,19,1,0.2916666666666667,1,1,2,H1 (early),T1 (early),Q2 (26–50%)
2024,2020,2023,8,lgb_reg,russell,5,8,0.2916666666666667,1,1,2,H1 (early),T1 (early),Q2 (26–50%)
2024,2020,2023,8,ensemble,perez,18,2,0.2916666666666667,1,1,2,H1 (early),T1 (early),Q2 (26–50%)
2024,2020,2023,9,ridge,perez,18,2,0.3333333333333333,1,2,2,H1 (early),T2 (mid),Q2 (26–50%)
2024,2020,2023,9,rf_reg,perez,18,2,0.3333333333333333,1,2,2,H1 (early),T2 (mid),Q2 (26–50%)
2024,2020,2023,9,rf_clf,stroll,7,12,0.3333333333333333,1,2,2,H1 (early),T2 (mid),Q2 (26–50%)
2024,2020,2023,9,xgb_reg,sainz,16,6,0.3333333333333333,1,2,2,H1 (early),T2 (mid),Q2 (26–50%)
2024,2020,2023,9,xgb_clf,stroll,7,12,0.3333333333333333,1,2,2,H1 (early),T2 (mid),Q2 (26–50%)
2024,2020,2023,9,xgb_ranker,stroll,7,12,0.3333333333333333,1,2,2,H1 (early),T2 (mid),Q2 (26–50%)
2024,2020,2023,9,lgb_reg,sainz,16,6,0.3333333333333333,1,2,2,H1 (early),T2 (mid),Q2 (26–50%)
2024,2020,2023,9,ensemble,perez,18,2,0.3333333333333333,1,2,2,H1 (early),T2 (mid),Q2 (26–50%)
2024,2020,2023,10,ridge,gasly,9,18,0.375,1,2,2,H1 (early),T2 (mid),Q2 (26–50%)
2024,2020,2023,10,rf_reg,gasly,9,18,0.375,1,2,2,H1 (early),T2 (mid),Q2 (26–50%)
2024,2020,2023,10,rf_clf,hulkenberg,11,18,0.375,1,2,2,H1 (early),T2 (mid),Q2 (26–50%)
2024,2020,2023,10,xgb_reg,ocon,10,25,0.375,1,2,2,H1 (early),T2 (mid),Q2 (26–50%)
2024,2020,2023,10,xgb_clf,bottas,16,6,0.375,1,2,2,H1 (early),T2 (mid),Q2 (26–50%)
2024,2020,2023,10,xgb_ranker,stroll,14,10,0.375,1,2,2,H1 (early),T2 (mid),Q2 (26–50%)
2024,2020,2023,10,lgb_reg,stroll,14,10,0.375,1,2,2,H1 (early),T2 (mid),Q2 (26–50%)
2024,2020,2023,10,ensemble,gasly,9,18,0.375,1,2,2,H1 (early),T2 (mid),Q2 (26–50%)
2024,2020,2023,11,ridge,ocon,12,15,0.4166666666666667,1,2,2,H1 (early),T2 (mid),Q2 (26–50%)
2024,2020,2023,11,rf_reg,hulkenberg,6,10,0.4166666666666667,1,2,2,H1 (early),T2 (mid),Q2 (26–50%)
2024,2020,2023,11,rf_clf,hulkenberg,6,10,0.4166666666666667,1,2,2,H1 (early),T2 (mid),Q2 (26–50%)
2024,2020,2023,11,xgb_reg,piastri,2,2,0.4166666666666667,1,2,2,H1 (early),T2 (mid),Q2 (26–50%)
2024,2020,2023,11,xgb_clf,gasly,10,25,0.4166666666666667,1,2,2,H1 (early),T2 (mid),Q2 (26–50%)
2024,2020,2023,11,xgb_ranker,hulkenberg,6,10,0.4166666666666667,1,2,2,H1 (early),T2 (mid),Q2 (26–50%)
2024,2020,2023,11,lgb_reg,piastri,2,2,0.4166666666666667,1,2,2,H1 (early),T2 (mid),Q2 (26–50%)
2024,2020,2023,11,ensemble,hulkenberg,6,10,0.4166666666666667,1,2,2,H1 (early),T2 (mid),Q2 (26–50%)
2024,2020,2023,12,ridge,hulkenberg,6,10,0.4583333333333333,1,2,2,H1 (early),T2 (mid),Q2 (26–50%)
2024,2020,2023,12,rf_reg,perez,17,4,0.4583333333333333,1,2,2,H1 (early),T2 (mid),Q2 (26–50%)
2024,2020,2023,12,rf_clf,alonso,8,15,0.4583333333333333,1,2,2,H1 (early),T2 (mid),Q2 (26–50%)
2024,2020,2023,12,xgb_reg,alonso,8,15,0.4583333333333333,1,2,2,H1 (early),T2 (mid),Q2 (26–50%)
2024,2020,2023,12,xgb_clf,albon,9,18,0.4583333333333333,1,2,2,H1 (early),T2 (mid),Q2 (26–50%)
2024,2020,2023,12,xgb_ranker,stroll,7,12,0.4583333333333333,1,2,2,H1 (early),T2 (mid),Q2 (26–50%)
2024,2020,2023,12,lgb_reg,perez,17,4,0.4583333333333333,1,2,2,H1 (early),T2 (mid),Q2 (26–50%)
2024,2020,2023,12,ensemble,stroll,7,12,0.4583333333333333,1,2,2,H1 (early),T2 (mid),Q2 (26–50%)
2024,2020,2023,13,ridge,stroll,10,25,0.5,2,2,3,H2 (late),T2 (mid),Q3 (51–75%)
2024,2020,2023,13,rf_reg,perez,7,12,0.5,2,2,3,H2 (late),T2 (mid),Q3 (51–75%)
2024,2020,2023,13,rf_clf,hulkenberg,13,12,0.5,2,2,3,H2 (late),T2 (mid),Q3 (51–75%)
2024,2020,2023,13,xgb_reg,alonso,11,18,0.5,2,2,3,H2 (late),T2 (mid),Q3 (51–75%)
2024,2020,2023,13,xgb_clf,albon,14,10,0.5,2,2,3,H2 (late),T2 (mid),Q3 (51–75%)
2024,2020,2023,13,xgb_ranker,bottas,16,6,0.5,2,2,3,H2 (late),T2 (mid),Q3 (51–75%)
2024,2020,2023,13,lgb_reg,ricciardo,12,15,0.5,2,2,3,H2 (late),T2 (mid),Q3 (51–75%)
2024,2020,2023,13,ensemble,stroll,10,25,0.5,2,2,3,H2 (late),T2 (mid),Q3 (51–75%)
2024,2020,2023,14,ridge,alonso,8,15,0.5416666666666666,2,2,3,H2 (late),T2 (mid),Q3 (51–75%)
2024,2020,2023,14,rf_reg,alonso,8,15,0.5416666666666666,2,2,3,H2 (late),T2 (mid),Q3 (51–75%)
2024,2020,2023,14,rf_clf,gasly,13,12,0.5416666666666666,2,2,3,H2 (late),T2 (mid),Q3 (51–75%)
2024,2020,2023,14,xgb_reg,alonso,8,15,0.5416666666666666,2,2,3,H2 (late),T2 (mid),Q3 (51–75%)
2024,2020,2023,14,xgb_clf,stroll,11,18,0.5416666666666666,2,2,3,H2 (late),T2 (mid),Q3 (51–75%)
2024,2020,2023,14,xgb_ranker,gasly,13,12,0.5416666666666666,2,2,3,H2 (late),T2 (mid),Q3 (51–75%)
2024,2020,2023,14,lgb_reg,russell,20,0,0.5416666666666666,2,2,3,H2 (late),T2 (mid),Q3 (51–75%)
2024,2020,2023,14,ensemble,alonso,8,15,0.5416666666666666,2,2,3,H2 (late),T2 (mid),Q3 (51–75%)
2024,2020,2023,15,ridge,stroll,13,12,0.5833333333333334,2,2,3,H2 (late),T2 (mid),Q3 (51–75%)
2024,2020,2023,15,rf_reg,hamilton,8,15,0.5833333333333334,2,2,3,H2 (late),T2 (mid),Q3 (51–75%)
2024,2020,2023,15,rf_clf,albon,14,10,0.5833333333333334,2,2,3,H2 (late),T2 (mid),Q3 (51–75%)
2024,2020,2023,15,xgb_reg,gasly,9,18,0.5833333333333334,2,2,3,H2 (late),T2 (mid),Q3 (51–75%)
2024,2020,2023,15,xgb_clf,stroll,13,12,0.5833333333333334,2,2,3,H2 (late),T2 (mid),Q3 (51–75%)
2024,2020,2023,15,xgb_ranker,gasly,9,18,0.5833333333333334,2,2,3,H2 (late),T2 (mid),Q3 (51–75%)
2024,2020,2023,15,lgb_reg,albon,14,10,0.5833333333333334,2,2,3,H2 (late),T2 (mid),Q3 (51–75%)
2024,2020,2023,15,ensemble,stroll,13,12,0.5833333333333334,2,2,3,H2 (late),T2 (mid),Q3 (51–75%)
2024,2020,2023,16,ridge,hulkenberg,17,4,0.625,2,2,3,H2 (late),T2 (mid),Q3 (51–75%)
2024,2020,2023,16,rf_reg,alonso,11,18,0.625,2,2,3,H2 (late),T2 (mid),Q3 (51–75%)
2024,2020,2023,16,rf_clf,ricciardo,13,12,0.625,2,2,3,H2 (late),T2 (mid),Q3 (51–75%)
2024,2020,2023,16,xgb_reg,leclerc,1,1,0.625,2,2,3,H2 (late),T2 (mid),Q3 (51–75%)
2024,2020,2023,16,xgb_clf,ricciardo,13,12,0.625,2,2,3,H2 (late),T2 (mid),Q3 (51–75%)
2024,2020,2023,16,xgb_ranker,albon,9,18,0.625,2,2,3,H2 (late),T2 (mid),Q3 (51–75%)
2024,2020,2023,16,lgb_reg,alonso,11,18,0.625,2,2,3,H2 (late),T2 (mid),Q3 (51–75%)
2024,2020,2023,16,ensemble,alonso,11,18,0.625,2,2,3,H2 (late),T2 (mid),Q3 (51–75%)
2024,2020,2023,17,ridge,bearman,10,25,0.6666666666666666,2,3,3,H2 (late),T3 (late),Q3 (51–75%)
2024,2020,2023,17,rf_reg,alonso,6,10,0.6666666666666666,2,3,3,H2 (late),T3 (late),Q3 (51–75%)
2024,2020,2023,17,rf_clf,bearman,10,25,0.6666666666666666,2,3,3,H2 (late),T3 (late),Q3 (51–75%)
2024,2020,2023,17,xgb_reg,albon,7,12,0.6666666666666666,2,3,3,H2 (late),T3 (late),Q3 (51–75%)
2024,2020,2023,17,xgb_clf,bearman,10,25,0.6666666666666666,2,3,3,H2 (late),T3 (late),Q3 (51–75%)
2024,2020,2023,17,xgb_ranker,bearman,10,25,0.6666666666666666,2,3,3,H2 (late),T3 (late),Q3 (51–75%)
2024,2020,2023,17,lgb_reg,albon,7,12,0.6666666666666666,2,3,3,H2 (late),T3 (late),Q3 (51–75%)
2024,2020,2023,17,ensemble,alonso,6,10,0.6666666666666666,2,3,3,H2 (late),T3 (late),Q3 (51–75%)
2024,2020,2023,18,ridge,perez,10,25,0.7083333333333334,2,3,3,H2 (late),T3 (late),Q3 (51–75%)
2024,2020,2023,18,rf_reg,hulkenberg,9,18,0.7083333333333334,2,3,3,H2 (late),T3 (late),Q3 (51–75%)
2024,2020,2023,18,rf_clf,colapinto,11,18,0.7083333333333334,2,3,3,H2 (late),T3 (late),Q3 (51–75%)
2024,2020,2023,18,xgb_reg,hamilton,6,10,0.7083333333333334,2,3,3,H2 (late),T3 (late),Q3 (51–75%)
2024,2020,2023,18,xgb_clf,albon,20,0,0.7083333333333334,2,3,3,H2 (late),T3 (late),Q3 (51–75%)
2024,2020,2023,18,xgb_ranker,colapinto,11,18,0.7083333333333334,2,3,3,H2 (late),T3 (late),Q3 (51–75%)
2024,2020,2023,18,lgb_reg,stroll,14,10,0.7083333333333334,2,3,3,H2 (late),T3 (late),Q3 (51–75%)
2024,2020,2023,18,ensemble,alonso,8,15,0.7083333333333334,2,3,3,H2 (late),T3 (late),Q3 (51–75%)
2024,2020,2023,19,ridge,hamilton,20,0,0.75,2,3,4,H2 (late),T3 (late),Q4 (76–100%)
2024,2020,2023,19,rf_reg,alonso,13,12,0.75,2,3,4,H2 (late),T3 (late),Q4 (76–100%)
2024,2020,2023,19,rf_clf,hulkenberg,8,15,0.75,2,3,4,H2 (late),T3 (late),Q4 (76–100%)
2024,2020,2023,19,xgb_reg,gasly,12,15,0.75,2,3,4,H2 (late),T3 (late),Q4 (76–100%)
2024,2020,2023,19,xgb_clf,tsunoda,14,10,0.75,2,3,4,H2 (late),T3 (late),Q4 (76–100%)
2024,2020,2023,19,xgb_ranker,ocon,18,2,0.75,2,3,4,H2 (late),T3 (late),Q4 (76–100%)
2024,2020,2023,19,lgb_reg,sainz,2,2,0.75,2,3,4,H2 (late),T3 (late),Q4 (76–100%)
2024,2020,2023,19,ensemble,alonso,13,12,0.75,2,3,4,H2 (late),T3 (late),Q4 (76–100%)
2024,2020,2023,20,ridge,kevin_magnussen,7,12,0.7916666666666666,2,3,4,H2 (late),T3 (late),Q4 (76–100%)
2024,2020,2023,20,rf_reg,piastri,8,15,0.7916666666666666,2,3,4,H2 (late),T3 (late),Q4 (76–100%)
2024,2020,2023,20,rf_clf,hulkenberg,9,18,0.7916666666666666,2,3,4,H2 (late),T3 (late),Q4 (76–100%)
2024,2020,2023,20,xgb_reg,kevin_magnussen,7,12,0.7916666666666666,2,3,4,H2 (late),T3 (late),Q4 (76–100%)
2024,2020,2023,20,xgb_clf,lawson,16,6,0.7916666666666666,2,3,4,H2 (late),T3 (late),Q4 (76–100%)
2024,2020,2023,20,xgb_ranker,albon,19,1,0.7916666666666666,2,3,4,H2 (late),T3 (late),Q4 (76–100%)
2024,2020,2023,20,lgb_reg,piastri,8,15,0.7916666666666666,2,3,4,H2 (late),T3 (late),Q4 (76–100%)
2024,2020,2023,20,ensemble,hulkenberg,9,18,0.7916666666666666,2,3,4,H2 (late),T3 (late),Q4 (76–100%)
2024,2020,2023,21,ridge,hamilton,10,25,0.8333333333333334,2,3,4,H2 (late),T3 (late),Q4 (76–100%)
2024,2020,2023,21,rf_reg,max_verstappen,1,1,0.8333333333333334,2,3,4,H2 (late),T3 (late),Q4 (76–100%)
2024,2020,2023,21,rf_clf,stroll,19,1,0.8333333333333334,2,3,4,H2 (late),T3 (late),Q4 (76–100%)
2024,2020,2023,21,xgb_reg,alonso,14,10,0.8333333333333334,2,3,4,H2 (late),T3 (late),Q4 (76–100%)
2024,2020,2023,21,xgb_clf,hamilton,10,25,0.8333333333333334,2,3,4,H2 (late),T3 (late),Q4 (76–100%)
2024,2020,2023,21,xgb_ranker,hamilton,10,25,0.8333333333333334,2,3,4,H2 (late),T3 (late),Q4 (76–100%)
2024,2020,2023,21,lgb_reg,leclerc,5,8,0.8333333333333334,2,3,4,H2 (late),T3 (late),Q4 (76–100%)
2024,2020,2023,21,ensemble,alonso,14,10,0.8333333333333334,2,3,4,H2 (late),T3 (late),Q4 (76–100%)
2024,2020,2023,22,ridge,perez,10,25,0.875,2,3,4,H2 (late),T3 (late),Q4 (76–100%)
2024,2020,2023,22,rf_reg,perez,10,25,0.875,2,3,4,H2 (late),T3 (late),Q4 (76–100%)
2024,2020,2023,22,rf_clf,kevin_magnussen,12,15,0.875,2,3,4,H2 (late),T3 (late),Q4 (76–100%)
2024,2020,2023,22,xgb_reg,gasly,20,0,0.875,2,3,4,H2 (late),T3 (late),Q4 (76–100%)
2024,2020,2023,22,xgb_clf,ocon,17,4,0.875,2,3,4,H2 (late),T3 (late),Q4 (76–100%)
2024,2020,2023,22,xgb_ranker,ocon,17,4,0.875,2,3,4,H2 (late),T3 (late),Q4 (76–100%)
2024,2020,2023,22,lgb_reg,gasly,20,0,0.875,2,3,4,H2 (late),T3 (late),Q4 (76–100%)
2024,2020,2023,22,ensemble,ocon,17,4,0.875,2,3,4,H2 (late),T3 (late),Q4 (76–100%)
2024,2020,2023,23,ridge,alonso,7,12,0.9166666666666666,2,3,4,H2 (late),T3 (late),Q4 (76–100%)
2024,2020,2023,23,rf_reg,alonso,7,12,0.9166666666666666,2,3,4,H2 (late),T3 (late),Q4 (76–100%)
2024,2020,2023,23,rf_clf,kevin_magnussen,9,18,0.9166666666666666,2,3,4,H2 (late),T3 (late),Q4 (76–100%)
2024,2020,2023,23,xgb_reg,alonso,7,12,0.9166666666666666,2,3,4,H2 (late),T3 (late),Q4 (76–100%)
2024,2020,2023,23,xgb_clf,gasly,5,8,0.9166666666666666,2,3,4,H2 (late),T3 (late),Q4 (76–100%)
2024,2020,2023,23,xgb_ranker,albon,15,8,0.9166666666666666,2,3,4,H2 (late),T3 (late),Q4 (76–100%)
2024,2020,2023,23,lgb_reg,alonso,7,12,0.9166666666666666,2,3,4,H2 (late),T3 (late),Q4 (76–100%)
2024,2020,2023,23,ensemble,alonso,7,12,0.9166666666666666,2,3,4,H2 (late),T3 (late),Q4 (76–100%)
2024,2020,2023,24,ridge,gasly,7,12,0.9583333333333334,2,3,4,H2 (late),T3 (late),Q4 (76–100%)
2024,2020,2023,24,rf_reg,gasly,7,12,0.9583333333333334,2,3,4,H2 (late),T3 (late),Q4 (76–100%)
2024,2020,2023,24,rf_clf,lawson,17,4,0.9583333333333334,2,3,4,H2 (late),T3 (late),Q4 (76–100%)
2024,2020,2023,24,xgb_reg,alonso,9,18,0.9583333333333334,2,3,4,H2 (late),T3 (late),Q4 (76–100%)
2024,2020,2023,24,xgb_clf,gasly,7,12,0.9583333333333334,2,3,4,H2 (late),T3 (late),Q4 (76–100%)
2024,2020,2023,24,xgb_ranker,bottas,18,2,0.9583333333333334,2,3,4,H2 (late),T3 (late),Q4 (76–100%)
2024,2020,2023,24,lgb_reg,stroll,14,10,0.9583333333333334,2,3,4,H2 (late),T3 (late),Q4 (76–100%)
2024,2020,2023,24,ensemble,gasly,7,12,0.9583333333333334,2,3,4,H2 (late),T3 (late),Q4 (76–100%)
2025,2021,2024,1,ridge,tsunoda,12,15,0.0,1,1,1,H1 (early),T1 (early),Q1 (R1–25%)
2025,2021,2024,1,rf_reg,albon,5,8,0.0,1,1,1,H1 (early),T1 (early),Q1 (R1–25%)
2025,2021,2024,1,rf_clf,alonso,17,4,0.0,1,1,1,H1 (early),T1 (early),Q1 (R1–25%)
2025,2021,2024,1,xgb_reg,leclerc,8,15,0.0,1,1,1,H1 (early),T1 (early),Q1 (R1–25%)
2025,2021,2024,1,xgb_clf,doohan,19,1,0.0,1,1,1,H1 (early),T1 (early),Q1 (R1–25%)
2025,2021,2024,1,xgb_ranker,bortoleto,16,6,0.0,1,1,1,H1 (early),T1 (early),Q1 (R1–25%)
2025,2021,2024,1,lgb_reg,hadjar,20,0,0.0,1,1,1,H1 (early),T1 (early),Q1 (R1–25%)
2025,2021,2024,1,ensemble,albon,5,8,0.0,1,1,1,H1 (early),T1 (early),Q1 (R1–25%)
2025,2021,2024,2,ridge,hadjar,11,18,0.041666666666666664,1,1,1,H1 (early),T1 (early),Q1 (R1–25%)
2025,2021,2024,2,rf_reg,albon,7,12,0.041666666666666664,1,1,1,H1 (early),T1 (early),Q1 (R1–25%)
2025,2021,2024,2,rf_clf,hulkenberg,15,8,0.041666666666666664,1,1,1,H1 (early),T1 (early),Q1 (R1–25%)
2025,2021,2024,2,xgb_reg,albon,7,12,0.041666666666666664,1,1,1,H1 (early),T1 (early),Q1 (R1–25%)
2025,2021,2024,2,xgb_clf,alonso,17,4,0.041666666666666664,1,1,1,H1 (early),T1 (early),Q1 (R1–25%)
2025,2021,2024,2,xgb_ranker,alonso,17,4,0.041666666666666664,1,1,1,H1 (early),T1 (early),Q1 (R1–25%)
2025,2021,2024,2,lgb_reg,tsunoda,16,6,0.041666666666666664,1,1,1,H1 (early),T1 (early),Q1 (R1–25%)
2025,2021,2024,2,ensemble,albon,7,12,0.041666666666666664,1,1,1,H1 (early),T1 (early),Q1 (R1–25%)
2025,2021,2024,3,ridge,albon,9,18,0.08333333333333333,1,1,1,H1 (early),T1 (early),Q1 (R1–25%)
2025,2021,2024,3,rf_reg,albon,9,18,0.08333333333333333,1,1,1,H1 (early),T1 (early),Q1 (R1–25%)
2025,2021,2024,3,rf_clf,bearman,10,25,0.08333333333333333,1,1,1,H1 (early),T1 (early),Q1 (R1–25%)
2025,2021,2024,3,xgb_reg,piastri,3,4,0.08333333333333333,1,1,1,H1 (early),T1 (early),Q1 (R1–25%)
2025,2021,2024,3,xgb_clf,bearman,10,25,0.08333333333333333,1,1,1,H1 (early),T1 (early),Q1 (R1–25%)
2025,2021,2024,3,xgb_ranker,bearman,10,25,0.08333333333333333,1,1,1,H1 (early),T1 (early),Q1 (R1–25%)
2025,2021,2024,3,lgb_reg,sainz,14,10,0.08333333333333333,1,1,1,H1 (early),T1 (early),Q1 (R1–25%)
2025,2021,2024,3,ensemble,albon,9,18,0.08333333333333333,1,1,1,H1 (early),T1 (early),Q1 (R1–25%)
2025,2021,2024,4,ridge,gasly,7,12,0.125,1,1,1,H1 (early),T1 (early),Q1 (R1–25%)
2025,2021,2024,4,rf_reg,hamilton,5,8,0.125,1,1,1,H1 (early),T1 (early),Q1 (R1–25%)
2025,2021,2024,4,rf_clf,hadjar,13,12,0.125,1,1,1,H1 (early),T1 (early),Q1 (R1–25%)
2025,2021,2024,4,xgb_reg,gasly,7,12,0.125,1,1,1,H1 (early),T1 (early),Q1 (R1–25%)
2025,2021,2024,4,xgb_clf,hadjar,13,12,0.125,1,1,1,H1 (early),T1 (early),Q1 (R1–25%)
2025,2021,2024,4,xgb_ranker,hadjar,13,12,0.125,1,1,1,H1 (early),T1 (early),Q1 (R1–25%)
2025,2021,2024,4,lgb_reg,hamilton,5,8,0.125,1,1,1,H1 (early),T1 (early),Q1 (R1–25%)
2025,2021,2024,4,ensemble,hamilton,5,8,0.125,1,1,1,H1 (early),T1 (early),Q1 (R1–25%)
2025,2021,2024,5,ridge,tsunoda,19,1,0.16666666666666666,1,1,1,H1 (early),T1 (early),Q1 (R1–25%)
2025,2021,2024,5,rf_reg,tsunoda,19,1,0.16666666666666666,1,1,1,H1 (early),T1 (early),Q1 (R1–25%)
2025,2021,2024,5,rf_clf,gasly,20,0,0.16666666666666666,1,1,1,H1 (early),T1 (early),Q1 (R1–25%)
2025,2021,2024,5,xgb_reg,piastri,1,1,0.16666666666666666,1,1,1,H1 (early),T1 (early),Q1 (R1–25%)
2025,2021,2024,5,xgb_clf,gasly,20,0,0.16666666666666666,1,1,1,H1 (early),T1 (early),Q1 (R1–25%)
2025,2021,2024,5,xgb_ranker,albon,9,18,0.16666666666666666,1,1,1,H1 (early),T1 (early),Q1 (R1–25%)
2025,2021,2024,5,lgb_reg,piastri,1,1,0.16666666666666666,1,1,1,H1 (early),T1 (early),Q1 (R1–25%)
2025,2021,2024,5,ensemble,tsunoda,19,1,0.16666666666666666,1,1,1,H1 (early),T1 (early),Q1 (R1–25%)
2025,2021,2024,6,ridge,hamilton,8,15,0.20833333333333334,1,1,1,H1 (early),T1 (early),Q1 (R1–25%)
2025,2021,2024,6,rf_reg,albon,5,8,0.20833333333333334,1,1,1,H1 (early),T1 (early),Q1 (R1–25%)
2025,2021,2024,6,rf_clf,ocon,12,15,0.20833333333333334,1,1,1,H1 (early),T1 (early),Q1 (R1–25%)
2025,2021,2024,6,xgb_reg,tsunoda,10,25,0.20833333333333334,1,1,1,H1 (early),T1 (early),Q1 (R1–25%)
2025,2021,2024,6,xgb_clf,hadjar,11,18,0.20833333333333334,1,1,1,H1 (early),T1 (early),Q1 (R1–25%)
2025,2021,2024,6,xgb_ranker,hamilton,8,15,0.20833333333333334,1,1,1,H1 (early),T1 (early),Q1 (R1–25%)
2025,2021,2024,6,lgb_reg,tsunoda,10,25,0.20833333333333334,1,1,1,H1 (early),T1 (early),Q1 (R1–25%)
2025,2021,2024,6,ensemble,ocon,12,15,0.20833333333333334,1,1,1,H1 (early),T1 (early),Q1 (R1–25%)
2025,2021,2024,7,ridge,hamilton,4,6,0.25,1,1,2,H1 (early),T1 (early),Q2 (26–50%)
2025,2021,2024,7,rf_reg,alonso,11,18,0.25,1,1,2,H1 (early),T1 (early),Q2 (26–50%)
2025,2021,2024,7,rf_clf,hadjar,9,18,0.25,1,1,2,H1 (early),T1 (early),Q2 (26–50%)
2025,2021,2024,7,xgb_reg,antonelli,19,1,0.25,1,1,2,H1 (early),T1 (early),Q2 (26–50%)
2025,2021,2024,7,xgb_clf,hamilton,4,6,0.25,1,1,2,H1 (early),T1 (early),Q2 (26–50%)
2025,2021,2024,7,xgb_ranker,stroll,15,8,0.25,1,1,2,H1 (early),T1 (early),Q2 (26–50%)
2025,2021,2024,7,lgb_reg,sainz,8,15,0.25,1,1,2,H1 (early),T1 (early),Q2 (26–50%)
2025,2021,2024,7,ensemble,alonso,11,18,0.25,1,1,2,H1 (early),T1 (early),Q2 (26–50%)
2025,2021,2024,8,ridge,hadjar,6,10,0.2916666666666667,1,1,2,H1 (early),T1 (early),Q2 (26–50%)
2025,2021,2024,8,rf_reg,albon,9,18,0.2916666666666667,1,1,2,H1 (early),T1 (early),Q2 (26–50%)
2025,2021,2024,8,rf_clf,hadjar,6,10,0.2916666666666667,1,1,2,H1 (early),T1 (early),Q2 (26–50%)
2025,2021,2024,8,xgb_reg,antonelli,18,2,0.2916666666666667,1,1,2,H1 (early),T1 (early),Q2 (26–50%)
2025,2021,2024,8,xgb_clf,antonelli,18,2,0.2916666666666667,1,1,2,H1 (early),T1 (early),Q2 (26–50%)
2025,2021,2024,8,xgb_ranker,antonelli,18,2,0.2916666666666667,1,1,2,H1 (early),T1 (early),Q2 (26–50%)
2025,2021,2024,8,lgb_reg,antonelli,18,2,0.2916666666666667,1,1,2,H1 (early),T1 (early),Q2 (26–50%)
2025,2021,2024,8,ensemble,albon,9,18,0.2916666666666667,1,1,2,H1 (early),T1 (early),Q2 (26–50%)
2025,2021,2024,9,ridge,gasly,8,15,0.3333333333333333,1,2,2,H1 (early),T2 (mid),Q2 (26–50%)
2025,2021,2024,9,rf_reg,albon,19,1,0.3333333333333333,1,2,2,H1 (early),T2 (mid),Q2 (26–50%)
2025,2021,2024,9,rf_clf,hadjar,7,12,0.3333333333333333,1,2,2,H1 (early),T2 (mid),Q2 (26–50%)
2025,2021,2024,9,xgb_reg,gasly,8,15,0.3333333333333333,1,2,2,H1 (early),T2 (mid),Q2 (26–50%)
2025,2021,2024,9,xgb_clf,albon,19,1,0.3333333333333333,1,2,2,H1 (early),T2 (mid),Q2 (26–50%)
2025,2021,2024,9,xgb_ranker,gasly,8,15,0.3333333333333333,1,2,2,H1 (early),T2 (mid),Q2 (26–50%)
2025,2021,2024,9,lgb_reg,gasly,8,15,0.3333333333333333,1,2,2,H1 (early),T2 (mid),Q2 (26–50%)
2025,2021,2024,9,ensemble,hadjar,7,12,0.3333333333333333,1,2,2,H1 (early),T2 (mid),Q2 (26–50%)
2025,2021,2024,10,ridge,alonso,7,12,0.375,1,2,2,H1 (early),T2 (mid),Q2 (26–50%)
2025,2021,2024,10,rf_reg,alonso,7,12,0.375,1,2,2,H1 (early),T2 (mid),Q2 (26–50%)
2025,2021,2024,10,rf_clf,hadjar,16,6,0.375,1,2,2,H1 (early),T2 (mid),Q2 (26–50%)
2025,2021,2024,10,xgb_reg,alonso,7,12,0.375,1,2,2,H1 (early),T2 (mid),Q2 (26–50%)
2025,2021,2024,10,xgb_clf,hadjar,16,6,0.375,1,2,2,H1 (early),T2 (mid),Q2 (26–50%)
2025,2021,2024,10,xgb_ranker,hulkenberg,8,15,0.375,1,2,2,H1 (early),T2 (mid),Q2 (26–50%)
2025,2021,2024,10,lgb_reg,alonso,7,12,0.375,1,2,2,H1 (early),T2 (mid),Q2 (26–50%)
2025,2021,2024,10,ensemble,alonso,7,12,0.375,1,2,2,H1 (early),T2 (mid),Q2 (26–50%)
2025,2021,2024,11,ridge,lawson,6,10,0.4166666666666667,1,2,2,H1 (early),T2 (mid),Q2 (26–50%)
2025,2021,2024,11,rf_reg,lawson,6,10,0.4166666666666667,1,2,2,H1 (early),T2 (mid),Q2 (26–50%)
2025,2021,2024,11,rf_clf,lawson,6,10,0.4166666666666667,1,2,2,H1 (early),T2 (mid),Q2 (26–50%)
2025,2021,2024,11,xgb_reg,lawson,6,10,0.4166666666666667,1,2,2,H1 (early),T2 (mid),Q2 (26–50%)
2025,2021,2024,11,xgb_clf,lawson,6,10,0.4166666666666667,1,2,2,H1 (early),T2 (mid),Q2 (26–50%)
2025,2021,2024,11,xgb_ranker,hadjar,12,15,0.4166666666666667,1,2,2,H1 (early),T2 (mid),Q2 (26–50%)
2025,2021,2024,11,lgb_reg,piastri,2,2,0.4166666666666667,1,2,2,H1 (early),T2 (mid),Q2 (26–50%)
2025,2021,2024,11,ensemble,lawson,6,10,0.4166666666666667,1,2,2,H1 (early),T2 (mid),Q2 (26–50%)
2025,2021,2024,12,ridge,bearman,11,18,0.4583333333333333,1,2,2,H1 (early),T2 (mid),Q2 (26–50%)
2025,2021,2024,12,rf_reg,bearman,11,18,0.4583333333333333,1,2,2,H1 (early),T2 (mid),Q2 (26–50%)
2025,2021,2024,12,rf_clf,bearman,11,18,0.4583333333333333,1,2,2,H1 (early),T2 (mid),Q2 (26–50%)
2025,2021,2024,12,xgb_reg,bearman,11,18,0.4583333333333333,1,2,2,H1 (early),T2 (mid),Q2 (26–50%)
2025,2021,2024,12,xgb_clf,bearman,11,18,0.4583333333333333,1,2,2,H1 (early),T2 (mid),Q2 (26–50%)
2025,2021,2024,12,xgb_ranker,alonso,9,18,0.4583333333333333,1,2,2,H1 (early),T2 (mid),Q2 (26–50%)
2025,2021,2024,12,lgb_reg,bearman,11,18,0.4583333333333333,1,2,2,H1 (early),T2 (mid),Q2 (26–50%)
2025,2021,2024,12,ensemble,bearman,11,18,0.4583333333333333,1,2,2,H1 (early),T2 (mid),Q2 (26–50%)
2025,2021,2024,13,ridge,tsunoda,13,12,0.5,2,2,3,H2 (late),T2 (mid),Q3 (51–75%)
2025,2021,2024,13,rf_reg,antonelli,16,6,0.5,2,2,3,H2 (late),T2 (mid),Q3 (51–75%)
2025,2021,2024,13,rf_clf,ocon,15,8,0.5,2,2,3,H2 (late),T2 (mid),Q3 (51–75%)
2025,2021,2024,13,xgb_reg,tsunoda,13,12,0.5,2,2,3,H2 (late),T2 (mid),Q3 (51–75%)
2025,2021,2024,13,xgb_clf,ocon,15,8,0.5,2,2,3,H2 (late),T2 (mid),Q3 (51–75%)
2025,2021,2024,13,xgb_ranker,ocon,15,8,0.5,2,2,3,H2 (late),T2 (mid),Q3 (51–75%)
2025,2021,2024,13,lgb_reg,ocon,15,8,0.5,2,2,3,H2 (late),T2 (mid),Q3 (51–75%)
2025,2021,2024,13,ensemble,ocon,15,8,0.5,2,2,3,H2 (late),T2 (mid),Q3 (51–75%)
2025,2021,2024,14,ridge,stroll,7,12,0.5416666666666666,2,2,3,H2 (late),T2 (mid),Q3 (51–75%)
2025,2021,2024,14,rf_reg,antonelli,10,25,0.5416666666666666,2,2,3,H2 (late),T2 (mid),Q3 (51–75%)
2025,2021,2024,14,rf_clf,bearman,20,0,0.5416666666666666,2,2,3,H2 (late),T2 (mid),Q3 (51–75%)
2025,2021,2024,14,xgb_reg,bortoleto,6,10,0.5416666666666666,2,2,3,H2 (late),T2 (mid),Q3 (51–75%)
2025,2021,2024,14,xgb_clf,lawson,8,15,0.5416666666666666,2,2,3,H2 (late),T2 (mid),Q3 (51–75%)
2025,2021,2024,14,xgb_ranker,bortoleto,6,10,0.5416666666666666,2,2,3,H2 (late),T2 (mid),Q3 (51–75%)
2025,2021,2024,14,lgb_reg,bortoleto,6,10,0.5416666666666666,2,2,3,H2 (late),T2 (mid),Q3 (51–75%)
2025,2021,2024,14,ensemble,bortoleto,6,10,0.5416666666666666,2,2,3,H2 (late),T2 (mid),Q3 (51–75%)
2025,2021,2024,15,ridge,lawson,12,15,0.5833333333333334,2,2,3,H2 (late),T2 (mid),Q3 (51–75%)
2025,2021,2024,15,rf_reg,sainz,13,12,0.5833333333333334,2,2,3,H2 (late),T2 (mid),Q3 (51–75%)
2025,2021,2024,15,rf_clf,alonso,8,15,0.5833333333333334,2,2,3,H2 (late),T2 (mid),Q3 (51–75%)
2025,2021,2024,15,xgb_reg,hadjar,3,4,0.5833333333333334,2,2,3,H2 (late),T2 (mid),Q3 (51–75%)
2025,2021,2024,15,xgb_clf,lawson,12,15,0.5833333333333334,2,2,3,H2 (late),T2 (mid),Q3 (51–75%)
2025,2021,2024,15,xgb_ranker,bortoleto,15,8,0.5833333333333334,2,2,3,H2 (late),T2 (mid),Q3 (51–75%)
2025,2021,2024,15,lgb_reg,sainz,13,12,0.5833333333333334,2,2,3,H2 (late),T2 (mid),Q3 (51–75%)
2025,2021,2024,15,ensemble,sainz,13,12,0.5833333333333334,2,2,3,H2 (late),T2 (mid),Q3 (51–75%)
2025,2021,2024,16,ridge,alonso,19,1,0.625,2,2,3,H2 (late),T2 (mid),Q3 (51–75%)
2025,2021,2024,16,rf_reg,alonso,19,1,0.625,2,2,3,H2 (late),T2 (mid),Q3 (51–75%)
2025,2021,2024,16,rf_clf,alonso,19,1,0.625,2,2,3,H2 (late),T2 (mid),Q3 (51–75%)
2025,2021,2024,16,xgb_reg,alonso,19,1,0.625,2,2,3,H2 (late),T2 (mid),Q3 (51–75%)
2025,2021,2024,16,xgb_clf,alonso,19,1,0.625,2,2,3,H2 (late),T2 (mid),Q3 (51–75%)
2025,2021,2024,16,xgb_ranker,alonso,19,1,0.625,2,2,3,H2 (late),T2 (mid),Q3 (51–75%)
2025,2021,2024,16,lgb_reg,alonso,19,1,0.625,2,2,3,H2 (late),T2 (mid),Q3 (51–75%)
2025,2021,2024,16,ensemble,alonso,19,1,0.625,2,2,3,H2 (late),T2 (mid),Q3 (51–75%)
2025,2021,2024,17,ridge,tsunoda,6,10,0.6666666666666666,2,3,3,H2 (late),T3 (late),Q3 (51–75%)
2025,2021,2024,17,rf_reg,hadjar,10,25,0.6666666666666666,2,3,3,H2 (late),T3 (late),Q3 (51–75%)
2025,2021,2024,17,rf_clf,alonso,15,8,0.6666666666666666,2,3,3,H2 (late),T3 (late),Q3 (51–75%)
2025,2021,2024,17,xgb_reg,hadjar,10,25,0.6666666666666666,2,3,3,H2 (late),T3 (late),Q3 (51–75%)
2025,2021,2024,17,xgb_clf,hamilton,8,15,0.6666666666666666,2,3,3,H2 (late),T3 (late),Q3 (51–75%)
2025,2021,2024,17,xgb_ranker,hamilton,8,15,0.6666666666666666,2,3,3,H2 (late),T3 (late),Q3 (51–75%)
2025,2021,2024,17,lgb_reg,sainz,3,4,0.6666666666666666,2,3,3,H2 (late),T3 (late),Q3 (51–75%)
2025,2021,2024,17,ensemble,hadjar,10,25,0.6666666666666666,2,3,3,H2 (late),T3 (late),Q3 (51–75%)
2025,2021,2024,18,ridge,hadjar,11,18,0.7083333333333334,2,3,3,H2 (late),T3 (late),Q3 (51–75%)
2025,2021,2024,18,rf_reg,hadjar,11,18,0.7083333333333334,2,3,3,H2 (late),T3 (late),Q3 (51–75%)
2025,2021,2024,18,rf_clf,bearman,9,18,0.7083333333333334,2,3,3,H2 (late),T3 (late),Q3 (51–75%)
2025,2021,2024,18,xgb_reg,lawson,15,8,0.7083333333333334,2,3,3,H2 (late),T3 (late),Q3 (51–75%)
2025,2021,2024,18,xgb_clf,alonso,7,12,0.7083333333333334,2,3,3,H2 (late),T3 (late),Q3 (51–75%)
2025,2021,2024,18,xgb_ranker,lawson,15,8,0.7083333333333334,2,3,3,H2 (late),T3 (late),Q3 (51–75%)
2025,2021,2024,18,lgb_reg,lawson,15,8,0.7083333333333334,2,3,3,H2 (late),T3 (late),Q3 (51–75%)
2025,2021,2024,18,ensemble,hadjar,11,18,0.7083333333333334,2,3,3,H2 (late),T3 (late),Q3 (51–75%)
2025,2021,2024,19,ridge,sainz,20,0,0.75,2,3,4,H2 (late),T3 (late),Q4 (76–100%)
2025,2021,2024,19,rf_reg,sainz,20,0,0.75,2,3,4,H2 (late),T3 (late),Q4 (76–100%)
2025,2021,2024,19,rf_clf,bearman,9,18,0.75,2,3,4,H2 (late),T3 (late),Q4 (76–100%)
2025,2021,2024,19,xgb_reg,max_verstappen,1,1,0.75,2,3,4,H2 (late),T3 (late),Q4 (76–100%)
2025,2021,2024,19,xgb_clf,hadjar,16,6,0.75,2,3,4,H2 (late),T3 (late),Q4 (76–100%)
2025,2021,2024,19,xgb_ranker,lawson,11,18,0.75,2,3,4,H2 (late),T3 (late),Q4 (76–100%)
2025,2021,2024,19,lgb_reg,sainz,20,0,0.75,2,3,4,H2 (late),T3 (late),Q4 (76–100%)
2025,2021,2024,19,ensemble,sainz,20,0,0.75,2,3,4,H2 (late),T3 (late),Q4 (76–100%)
2025,2021,2024,20,ridge,sainz,17,4,0.7916666666666666,2,3,4,H2 (late),T3 (late),Q4 (76–100%)
2025,2021,2024,20,rf_reg,sainz,17,4,0.7916666666666666,2,3,4,H2 (late),T3 (late),Q4 (76–100%)
2025,2021,2024,20,rf_clf,bearman,4,6,0.7916666666666666,2,3,4,H2 (late),T3 (late),Q4 (76–100%)
2025,2021,2024,20,xgb_reg,tsunoda,11,18,0.7916666666666666,2,3,4,H2 (late),T3 (late),Q4 (76–100%)
2025,2021,2024,20,xgb_clf,ocon,9,18,0.7916666666666666,2,3,4,H2 (late),T3 (late),Q4 (76–100%)
2025,2021,2024,20,xgb_ranker,bearman,4,6,0.7916666666666666,2,3,4,H2 (late),T3 (late),Q4 (76–100%)
2025,2021,2024,20,lgb_reg,sainz,17,4,0.7916666666666666,2,3,4,H2 (late),T3 (late),Q4 (76–100%)
2025,2021,2024,20,ensemble,sainz,17,4,0.7916666666666666,2,3,4,H2 (late),T3 (late),Q4 (76–100%)
2025,2021,2024,21,ridge,hadjar,8,15,0.8333333333333334,2,3,4,H2 (late),T3 (late),Q4 (76–100%)
2025,2021,2024,21,rf_reg,bearman,6,10,0.8333333333333334,2,3,4,H2 (late),T3 (late),Q4 (76–100%)
2025,2021,2024,21,rf_clf,alonso,14,10,0.8333333333333334,2,3,4,H2 (late),T3 (late),Q4 (76–100%)
2025,2021,2024,21,xgb_reg,lawson,7,12,0.8333333333333334,2,3,4,H2 (late),T3 (late),Q4 (76–100%)
2025,2021,2024,21,xgb_clf,alonso,14,10,0.8333333333333334,2,3,4,H2 (late),T3 (late),Q4 (76–100%)
2025,2021,2024,21,xgb_ranker,alonso,14,10,0.8333333333333334,2,3,4,H2 (late),T3 (late),Q4 (76–100%)
2025,2021,2024,21,lgb_reg,bearman,6,10,0.8333333333333334,2,3,4,H2 (late),T3 (late),Q4 (76–100%)
2025,2021,2024,21,ensemble,lawson,7,12,0.8333333333333334,2,3,4,H2 (late),T3 (late),Q4 (76–100%)
2025,2021,2024,22,ridge,lawson,14,10,0.875,2,3,4,H2 (late),T3 (late),Q4 (76–100%)
2025,2021,2024,22,rf_reg,lawson,14,10,0.875,2,3,4,H2 (late),T3 (late),Q4 (76–100%)
2025,2021,2024,22,rf_clf,hadjar,6,10,0.875,2,3,4,H2 (late),T3 (late),Q4 (76–100%)
2025,2021,2024,22,xgb_reg,hadjar,6,10,0.875,2,3,4,H2 (late),T3 (late),Q4 (76–100%)
2025,2021,2024,22,xgb_clf,hamilton,8,15,0.875,2,3,4,H2 (late),T3 (late),Q4 (76–100%)
2025,2021,2024,22,xgb_ranker,antonelli,3,4,0.875,2,3,4,H2 (late),T3 (late),Q4 (76–100%)
2025,2021,2024,22,lgb_reg,hadjar,6,10,0.875,2,3,4,H2 (late),T3 (late),Q4 (76–100%)
2025,2021,2024,22,ensemble,hadjar,6,10,0.875,2,3,4,H2 (late),T3 (late),Q4 (76–100%)
2025,2021,2024,23,ridge,hadjar,18,2,0.9166666666666666,2,3,4,H2 (late),T3 (late),Q4 (76–100%)
2025,2021,2024,23,rf_reg,sainz,3,4,0.9166666666666666,2,3,4,H2 (late),T3 (late),Q4 (76–100%)
2025,2021,2024,23,rf_clf,bearman,19,1,0.9166666666666666,2,3,4,H2 (late),T3 (late),Q4 (76–100%)
2025,2021,2024,23,xgb_reg,hadjar,18,2,0.9166666666666666,2,3,4,H2 (late),T3 (late),Q4 (76–100%)
2025,2021,2024,23,xgb_clf,bearman,19,1,0.9166666666666666,2,3,4,H2 (late),T3 (late),Q4 (76–100%)
2025,2021,2024,23,xgb_ranker,bearman,19,1,0.9166666666666666,2,3,4,H2 (late),T3 (late),Q4 (76–100%)
2025,2021,2024,23,lgb_reg,lawson,9,18,0.9166666666666666,2,3,4,H2 (late),T3 (late),Q4 (76–100%)
2025,2021,2024,23,ensemble,hadjar,18,2,0.9166666666666666,2,3,4,H2 (late),T3 (late),Q4 (76–100%)
2025,2021,2024,24,ridge,ocon,7,12,0.9583333333333334,2,3,4,H2 (late),T3 (late),Q4 (76–100%)
2025,2021,2024,24,rf_reg,hamilton,8,15,0.9583333333333334,2,3,4,H2 (late),T3 (late),Q4 (76–100%)
2025,2021,2024,24,rf_clf,ocon,7,12,0.9583333333333334,2,3,4,H2 (late),T3 (late),Q4 (76–100%)
2025,2021,2024,24,xgb_reg,alonso,6,10,0.9583333333333334,2,3,4,H2 (late),T3 (late),Q4 (76–100%)
2025,2021,2024,24,xgb_clf,sainz,13,12,0.9583333333333334,2,3,4,H2 (late),T3 (late),Q4 (76–100%)
2025,2021,2024,24,xgb_ranker,sainz,13,12,0.9583333333333334,2,3,4,H2 (late),T3 (late),Q4 (76–100%)
2025,2021,2024,24,lgb_reg,sainz,13,12,0.9583333333333334,2,3,4,H2 (late),T3 (late),Q4 (76–100%)
2025,2021,2024,24,ensemble,alonso,6,10,0.9583333333333334,2,3,4,H2 (late),T3 (late),Q4 (76–100%)
